-- phpMyAdmin SQL Dump
-- version 4.0.10.17
-- https://www.phpmyadmin.net
--
-- Host: localhost
-- Generation Time: Dec 03, 2016 at 01:33 AM
-- Server version: 5.5.46
-- PHP Version: 5.6.26

SET SQL_MODE = "NO_AUTO_VALUE_ON_ZERO";
SET time_zone = "+00:00";


/*!40101 SET @OLD_CHARACTER_SET_CLIENT=@@CHARACTER_SET_CLIENT */;
/*!40101 SET @OLD_CHARACTER_SET_RESULTS=@@CHARACTER_SET_RESULTS */;
/*!40101 SET @OLD_COLLATION_CONNECTION=@@COLLATION_CONNECTION */;
/*!40101 SET NAMES utf8 */;

--
-- Database: `f2016_s1_user16`
--

-- --------------------------------------------------------

--
-- Table structure for table `ADDRESS`
--

CREATE TABLE IF NOT EXISTS `ADDRESS` (
  `address_id` int(11) NOT NULL,
  `address_street_number` varchar(45) NOT NULL,
  `city_id` int(11) NOT NULL,
  PRIMARY KEY (`address_id`),
  KEY `address_fk_01_idx` (`city_id`)
) ENGINE=InnoDB DEFAULT CHARSET=latin1;

--
-- Dumping data for table `ADDRESS`
--

INSERT INTO `ADDRESS` (`address_id`, `address_street_number`, `city_id`) VALUES
(1, '9 Northland Parkway', 59),
(2, '20538 Hollow Ridge Plaza', 70),
(3, '78 Paget Drive', 70),
(4, '32 Beilfuss Plaza', 47),
(5, '39686 Brickson Park Park', 75),
(6, '97 Eggendart Point', 25),
(7, '8662 Arapahoe Alley', 62),
(8, '1946 Loftsgordon Hill', 12),
(9, '92078 Dawn Lane', 31),
(10, '39074 Dryden Park', 55),
(11, '8027 Beilfuss Way', 92),
(12, '683 Forest Run Park', 9),
(13, '9 Evergreen Street', 9),
(14, '1168 Riverside Plaza', 47),
(15, '503 Melvin Center', 33),
(16, '7124 Butterfield Way', 77),
(17, '6 Gulseth Junction', 93),
(18, '19128 Rigney Court', 12),
(19, '82 Morningstar Terrace', 93),
(20, '2270 Cascade Drive', 44),
(21, '235 Garrison Road', 85),
(22, '6300 Eastwood Road', 88),
(23, '5 7th Alley', 89),
(24, '4 Chinook Point', 62),
(25, '57 Brown Point', 51),
(26, '435 Reindahl Place', 48),
(27, '12 Graedel Circle', 10),
(28, '911 Nova Circle', 87),
(29, '90 Heath Road', 47),
(30, '423 Orin Place', 4),
(31, '1 Birchwood Point', 78),
(32, '0075 Cottonwood Crossing', 19),
(33, '68826 Di Loreto Road', 68),
(34, '6 Montana Junction', 64),
(35, '12247 Paget Street', 98),
(36, '8 5th Point', 59),
(37, '8 Spenser Alley', 27),
(38, '9 Burning Wood Street', 20),
(39, '3749 Graedel Avenue', 34),
(40, '9 East Point', 46),
(41, '8 Tomscot Hill', 51),
(42, '48 Myrtle Circle', 23),
(43, '221 Basil Lane', 49),
(44, '940 Bultman Lane', 96),
(45, '160 Bartelt Center', 34),
(46, '40 Merry Court', 92),
(47, '63831 Nova Junction', 91),
(48, '7 Sommers Court', 61),
(49, '3 Lunder Lane', 44),
(50, '08 Cody Terrace', 47),
(51, '4645 Merry Terrace', 55),
(52, '997 Valley Edge Plaza', 74),
(53, '7954 Jenifer Avenue', 10),
(54, '483 Southridge Street', 77),
(55, '342 Valley Edge Plaza', 14),
(56, '53496 Division Park', 69),
(57, '1 Mariners Cove Alley', 87),
(58, '523 Ruskin Trail', 70),
(59, '44261 Prentice Street', 76),
(60, '0874 Northview Drive', 94),
(61, '6 Washington Terrace', 23),
(62, '80068 Golf Course Trail', 77),
(63, '98 Susan Hill', 36),
(64, '74 Ilene Road', 47),
(65, '849 Oxford Park', 93),
(66, '5846 Browning Park', 52),
(67, '5522 Spenser Crossing', 46),
(68, '1 Manitowish Circle', 98),
(69, '71 Forest Road', 20),
(70, '3 Warrior Park', 86),
(71, '4 Pearson Way', 19),
(72, '0668 Amoth Junction', 75),
(73, '925 Thompson Junction', 59),
(74, '69732 Fairfield Street', 48),
(75, '22654 Welch Lane', 96),
(76, '87499 Fairview Road', 13),
(77, '1 Sauthoff Crossing', 8),
(78, '3419 Bobwhite Trail', 94),
(79, '1926 Delaware Place', 73),
(80, '2132 Haas Road', 19),
(81, '0 Mendota Pass', 37),
(82, '1907 Buell Hill', 7),
(83, '5 Westerfield Road', 73),
(84, '9122 Golf View Lane', 24),
(85, '793 Karstens Place', 41),
(86, '25773 Mosinee Terrace', 9),
(87, '9449 Fulton Hill', 65),
(88, '0 Meadow Valley Crossing', 18),
(89, '02 Anniversary Road', 96),
(90, '96 Brentwood Lane', 47),
(91, '3231 Garrison Junction', 30),
(92, '30 Elgar Crossing', 14),
(93, '82911 Oneill Place', 70),
(94, '14746 Crescent Oaks Hill', 44),
(95, '794 Briar Crest Trail', 93),
(96, '088 Mccormick Street', 80),
(97, '5298 Twin Pines Alley', 18),
(98, '192 Prairieview Crossing', 12),
(99, '1860 Florence Alley', 45),
(100, '06 Huxley Court', 65),
(101, '5801 Summit Street', 49),
(102, '349 Hanson Park', 14),
(103, '93 Nevada Circle', 9),
(104, '6 Del Sol Road', 12),
(105, '85213 Ruskin Junction', 11),
(106, '048 Maywood Terrace', 86),
(107, '6 Toban Center', 56),
(108, '74 4th Hill', 36),
(109, '61 Eastlawn Avenue', 44),
(110, '74 Express Junction', 83),
(111, '3 3rd Way', 55),
(112, '483 Warrior Place', 87),
(113, '1142 Daystar Place', 2),
(114, '82824 Prairie Rose Lane', 71),
(115, '969 Russell Crossing', 38),
(116, '73 Sage Circle', 46),
(117, '213 Lake View Circle', 18),
(118, '34 Hoffman Place', 63),
(119, '4127 Hudson Lane', 71),
(120, '28295 Schmedeman Court', 2),
(121, '5195 Little Fleur Place', 81),
(122, '32 Kim Road', 23),
(123, '37 Monica Hill', 70),
(124, '849 Russell Parkway', 75),
(125, '7181 Carpenter Center', 67),
(126, '73412 Gale Parkway', 16),
(127, '9 Farwell Junction', 45),
(128, '78 Jay Parkway', 67),
(129, '33470 Kinsman Alley', 29),
(130, '5199 Lillian Trail', 41),
(131, '564 Dapin Trail', 99),
(132, '58 Johnson Junction', 14),
(133, '3587 Delaware Circle', 67),
(134, '90 South Avenue', 40),
(135, '6810 Northridge Trail', 87),
(136, '2 Kennedy Trail', 5),
(137, '07292 Blackbird Drive', 29),
(138, '388 Roth Road', 68),
(139, '033 Duke Lane', 35),
(140, '5 Moland Junction', 94),
(141, '87050 Lake View Place', 32),
(142, '097 Shoshone Place', 86),
(143, '6 International Lane', 7),
(144, '12 Acker Place', 44),
(145, '25 Granby Hill', 14),
(146, '281 Prairieview Court', 67),
(147, '73476 Johnson Park', 68),
(148, '9926 Colorado Street', 98),
(149, '2 Northview Pass', 95),
(150, '3 Alpine Lane', 37),
(151, '6374 Granby Court', 44),
(152, '7 Westerfield Park', 32),
(153, '3 Dayton Drive', 27),
(154, '4978 Forster Street', 42),
(155, '1927 Melvin Road', 80),
(156, '49187 Clyde Gallagher Terrace', 89),
(157, '79797 Fairfield Pass', 23),
(158, '8987 Lakeland Way', 55),
(159, '4364 Dayton Crossing', 7),
(160, '8 Fremont Court', 46),
(161, '604 Haas Parkway', 85),
(162, '02 Park Meadow Parkway', 57),
(163, '586 Sherman Junction', 10),
(164, '1 Bellgrove Plaza', 30),
(165, '703 Reindahl Junction', 12),
(166, '961 Stuart Crossing', 8),
(167, '99135 Union Plaza', 98),
(168, '00 Golf Lane', 20),
(169, '8 Pankratz Court', 50),
(170, '8 Crescent Oaks Road', 73),
(171, '5219 Eastwood Center', 98),
(172, '07 Banding Plaza', 98),
(173, '608 Northridge Center', 38),
(174, '67 Maryland Drive', 67),
(175, '63295 Sunnyside Avenue', 34),
(176, '8503 Delladonna Junction', 28),
(177, '1171 Milwaukee Point', 97),
(178, '126 Bellgrove Drive', 26),
(179, '52 Express Terrace', 46),
(180, '8 Riverside Plaza', 63),
(181, '1 Brickson Park Place', 78),
(182, '50567 International Street', 46),
(183, '492 Service Center', 57),
(184, '6 Sutteridge Parkway', 59),
(185, '23859 Marquette Place', 8),
(186, '08 Linden Avenue', 74),
(187, '83555 Mayfield Street', 22),
(188, '895 Monterey Hill', 51),
(189, '643 Hanson Way', 31),
(190, '0 Shoshone Alley', 77),
(191, '61360 Sheridan Center', 44),
(192, '2517 Golden Leaf Street', 31),
(193, '971 Blackbird Terrace', 82),
(194, '5 Longview Alley', 95),
(195, '3450 Heffernan Hill', 5),
(196, '51 Hintze Court', 25),
(197, '0577 Kennedy Way', 51),
(198, '8832 Mayfield Street', 85),
(199, '6 Montana Avenue', 34),
(200, '982 Raven Pass', 78),
(201, '32 Duke Lane', 50),
(202, '2 Texas Pass', 94),
(203, '15 Blue Bill Park Junction', 77),
(204, '8423 Canary Park', 31),
(205, '9 Sunfield Parkway', 48),
(206, '52095 Claremont Avenue', 69),
(207, '636 International Way', 16),
(208, '9 Old Gate Trail', 29),
(209, '3 Grasskamp Road', 24),
(210, '977 Maple Wood Parkway', 22),
(211, '382 Hanover Drive', 20),
(212, '37 Miller Trail', 70),
(213, '3 Delladonna Lane', 23),
(214, '834 Bay Lane', 89),
(215, '45244 Dakota Pass', 97),
(216, '949 Rieder Point', 46),
(217, '184 Packers Circle', 48),
(218, '98268 Almo Way', 40),
(219, '9975 Farwell Street', 55),
(220, '9191 Thierer Park', 1),
(221, '86 Eastwood Circle', 58),
(222, '87975 Forest Place', 71),
(223, '2 South Crossing', 47),
(224, '08 Burrows Parkway', 77),
(225, '6 Truax Pass', 60),
(226, '29 Calypso Hill', 10),
(227, '0 Shelley Hill', 26),
(228, '5468 Shoshone Alley', 69),
(229, '263 Bayside Point', 73),
(230, '4 High Crossing Crossing', 57),
(231, '9252 Knutson Hill', 29),
(232, '7 Corry Parkway', 81),
(233, '36596 Autumn Leaf Point', 9),
(234, '73387 Michigan Court', 39),
(235, '78254 Bay Place', 6),
(236, '0206 Everett Trail', 33),
(237, '444 Coleman Lane', 54),
(238, '18 Mccormick Avenue', 40),
(239, '65996 Oxford Crossing', 40),
(240, '7876 Browning Parkway', 52),
(241, '615 Service Place', 11),
(242, '62 Sutteridge Drive', 7),
(243, '1 Merry Center', 37),
(244, '97 Upham Trail', 35),
(245, '20756 Pawling Terrace', 75),
(246, '81260 Crowley Place', 35),
(247, '44823 Orin Crossing', 24),
(248, '579 Bluejay Way', 64),
(249, '00 Anhalt Junction', 99),
(250, '8392 Hintze Center', 69),
(251, '939 Monument Hill', 36),
(252, '3 Debra Alley', 83),
(253, '74041 Redwing Lane', 62),
(254, '002 Del Mar Road', 80),
(255, '38 Armistice Alley', 65),
(256, '81 Heffernan Road', 45),
(257, '68 Trailsway Pass', 7),
(258, '24 Birchwood Center', 52),
(259, '41 Petterle Drive', 5),
(260, '431 Porter Alley', 78),
(261, '09901 Marcy Center', 2),
(262, '8196 West Parkway', 70),
(263, '7 Linden Road', 12),
(264, '30 Spaight Lane', 40),
(265, '89839 Summit Lane', 63),
(266, '46 Farragut Plaza', 77),
(267, '7970 Rusk Street', 77),
(268, '27 Petterle Drive', 50),
(269, '012 Ilene Circle', 63),
(270, '863 Ridge Oak Circle', 76),
(271, '86363 Summer Ridge Terrace', 64),
(272, '89 Petterle Plaza', 11),
(273, '466 Porter Avenue', 77),
(274, '85 Jenifer Court', 2),
(275, '6728 Mandrake Plaza', 52),
(276, '759 Center Center', 47),
(277, '0558 Fieldstone Road', 95),
(278, '91 Commercial Lane', 50),
(279, '3 Moland Crossing', 38),
(280, '795 Spenser Hill', 97),
(281, '3208 Tomscot Park', 61),
(282, '3750 Straubel Circle', 7),
(283, '196 Sachtjen Street', 37),
(284, '8924 Fremont Point', 50),
(285, '87815 Bartillon Pass', 87),
(286, '09 Bellgrove Alley', 62),
(287, '41 Beilfuss Crossing', 48),
(288, '352 Ohio Road', 97),
(289, '72991 Valley Edge Alley', 13),
(290, '757 Meadow Ridge Court', 66),
(291, '880 Sachtjen Court', 28),
(292, '18 Fordem Circle', 32),
(293, '57243 Northland Parkway', 53),
(294, '145 Claremont Court', 40),
(295, '9 Claremont Avenue', 43),
(296, '628 Morningstar Place', 44),
(297, '5335 Portage Plaza', 39),
(298, '55 Mifflin Trail', 31),
(299, '0 Laurel Junction', 74),
(300, '4524 Reindahl Lane', 48),
(301, '6675 Bowman Avenue', 33),
(302, '00 Randy Plaza', 24),
(303, '8106 Nelson Pass', 41),
(304, '29593 Duke Hill', 43),
(305, '1582 Atwood Junction', 69),
(306, '0436 Sunnyside Way', 32),
(307, '44 Mallard Circle', 46),
(308, '447 Kedzie Way', 16),
(309, '93350 East Lane', 79),
(310, '1 Corscot Court', 52),
(311, '2 Mcguire Junction', 40),
(312, '46621 International Terrace', 50),
(313, '1477 Chinook Parkway', 89),
(314, '225 Knutson Circle', 78),
(315, '2521 Merrick Plaza', 80),
(316, '886 Claremont Pass', 4),
(317, '720 Mitchell Trail', 19),
(318, '24 Johnson Avenue', 24),
(319, '60028 Gale Parkway', 65),
(320, '4 Morning Circle', 29),
(321, '87 Petterle Junction', 42),
(322, '3 North Avenue', 2),
(323, '70 Glendale Park', 38),
(324, '4438 Barby Plaza', 54),
(325, '4873 Ridge Oak Trail', 28),
(326, '0368 Lakewood Way', 94),
(327, '26 Pine View Junction', 66),
(328, '05 Fieldstone Point', 1),
(329, '35625 Dwight Center', 20),
(330, '921 Sugar Crossing', 49),
(331, '08272 Anthes Pass', 46),
(332, '2 Prentice Hill', 11),
(333, '2539 Killdeer Circle', 71),
(334, '2 Novick Lane', 56),
(335, '540 Scoville Point', 49),
(336, '1385 Continental Point', 36),
(337, '487 Meadow Valley Parkway', 3),
(338, '49 Barnett Avenue', 66),
(339, '34018 Upham Crossing', 17),
(340, '5127 Cottonwood Road', 61),
(341, '6202 Anderson Crossing', 58),
(342, '67 Ilene Drive', 70),
(343, '46 Mendota Crossing', 18),
(344, '1176 1st Circle', 6),
(345, '78827 Bowman Plaza', 86),
(346, '58 Nevada Pass', 55),
(347, '752 Hovde Trail', 57),
(348, '573 Prairieview Trail', 77),
(349, '17 Mcguire Trail', 55),
(350, '6601 Almo Lane', 23),
(351, '83963 Algoma Point', 61),
(352, '989 Arapahoe Drive', 66),
(353, '873 Harbort Drive', 83),
(354, '27 Chinook Junction', 86),
(355, '5130 Logan Pass', 56),
(356, '4257 Meadow Vale Way', 92),
(357, '6 Fuller Avenue', 74),
(358, '6186 Springs Park', 55),
(359, '09391 Toban Way', 11),
(360, '9112 Logan Hill', 37),
(361, '7 Grim Lane', 50),
(362, '7959 Commercial Pass', 100),
(363, '15 Marcy Center', 34),
(364, '991 Sutteridge Alley', 57),
(365, '68 Texas Alley', 98),
(366, '35 Bunker Hill Road', 92),
(367, '845 Sage Road', 96),
(368, '1 New Castle Street', 98),
(369, '6 Bellgrove Alley', 55),
(370, '13 Becker Center', 53),
(371, '27711 Derek Plaza', 38),
(372, '485 Stang Park', 83),
(373, '0022 Browning Avenue', 20),
(374, '415 Algoma Point', 45),
(375, '26362 South Pass', 39),
(376, '1305 Nevada Alley', 76),
(377, '10617 Sutherland Junction', 69),
(378, '4099 Thackeray Park', 10),
(379, '622 Jay Trail', 52),
(380, '1 Oxford Hill', 7),
(381, '04907 Crowley Parkway', 86),
(382, '519 Norway Maple Terrace', 91),
(383, '585 Maywood Junction', 18),
(384, '25704 Prentice Circle', 49),
(385, '9272 Artisan Circle', 4),
(386, '5 Village Place', 92),
(387, '23 Northridge Court', 86),
(388, '3 6th Lane', 78),
(389, '15 Delaware Drive', 36),
(390, '36329 Mitchell Lane', 57),
(391, '1 Clarendon Parkway', 9),
(392, '86713 Shelley Place', 84),
(393, '00077 Stephen Park', 16),
(394, '9834 Vera Place', 50),
(395, '8 Northport Terrace', 6),
(396, '9 Mandrake Junction', 2),
(397, '37 Bultman Road', 40),
(398, '0 Pierstorff Center', 49),
(399, '6898 Menomonie Point', 4),
(400, '96 Lerdahl Trail', 46),
(401, '5398 Meadow Vale Drive', 16),
(402, '5344 Messerschmidt Point', 72),
(403, '01863 Oriole Lane', 42),
(404, '10 Florence Lane', 83),
(405, '21 Ridgeway Drive', 20),
(406, '054 Texas Pass', 1),
(407, '712 Brown Alley', 10),
(408, '4565 La Follette Terrace', 97),
(409, '38479 Drewry Place', 41),
(410, '55 Morning Terrace', 60),
(411, '74 Jackson Court', 64),
(412, '3 Transport Point', 51),
(413, '15 Cody Junction', 40),
(414, '1 Warner Plaza', 86),
(415, '675 Troy Crossing', 36),
(416, '86828 Vera Crossing', 93),
(417, '43 2nd Crossing', 89),
(418, '3 Del Sol Avenue', 34),
(419, '20629 Springview Crossing', 100),
(420, '239 Rigney Pass', 71),
(421, '5 Raven Plaza', 23),
(422, '4 Stephen Terrace', 74),
(423, '3 Transport Center', 79),
(424, '987 Aberg Hill', 42),
(425, '3344 Drewry Court', 45),
(426, '975 Laurel Pass', 51),
(427, '61631 Utah Pass', 37),
(428, '83116 Old Gate Pass', 64),
(429, '208 Rieder Circle', 33),
(430, '96057 Dovetail Terrace', 32),
(431, '2 Esch Avenue', 60),
(432, '3772 Hallows Hill', 90),
(433, '016 Moose Place', 6),
(434, '7 Lawn Lane', 74),
(435, '251 Vera Avenue', 1),
(436, '24696 Corben Hill', 49),
(437, '472 Hagan Trail', 93),
(438, '0 Surrey Plaza', 1),
(439, '9616 School Alley', 66),
(440, '94927 Heffernan Place', 100),
(441, '41 Roth Parkway', 20),
(442, '14782 Dawn Avenue', 10),
(443, '52 Johnson Pass', 17),
(444, '8024 Butterfield Trail', 23),
(445, '4 Evergreen Plaza', 55),
(446, '836 Hallows Court', 78),
(447, '4 Weeping Birch Trail', 10),
(448, '60348 Luster Drive', 82),
(449, '1243 Buell Plaza', 31),
(450, '19509 Lakewood Alley', 97),
(451, '637 Novick Way', 42),
(452, '5 Hooker Pass', 68),
(453, '8725 Thompson Hill', 66),
(454, '01 Ridge Oak Drive', 29),
(455, '00 Coolidge Trail', 8),
(456, '09 Johnson Place', 8),
(457, '95 Nancy Avenue', 27),
(458, '50 Fremont Circle', 29),
(459, '60 Veith Lane', 71),
(460, '2 Summerview Way', 91),
(461, '25914 Washington Lane', 77),
(462, '1 Browning Lane', 21),
(463, '83 Buell Place', 42),
(464, '7 Di Loreto Street', 48),
(465, '0 Bellgrove Place', 67),
(466, '8309 Pine View Alley', 36),
(467, '04 Straubel Trail', 26),
(468, '5 Old Shore Hill', 53),
(469, '36974 Ronald Regan Point', 9),
(470, '078 Sloan Place', 85),
(471, '76470 Kedzie Park', 52),
(472, '35 Maple Circle', 26),
(473, '3 Jenifer Court', 59),
(474, '13 Mcguire Way', 29),
(475, '911 Fallview Point', 45),
(476, '04 Marquette Point', 1),
(477, '9128 Randy Street', 15),
(478, '317 Northwestern Avenue', 13),
(479, '5 Lindbergh Street', 94),
(480, '6739 Schlimgen Crossing', 2),
(481, '37 Briar Crest Lane', 33),
(482, '43248 Orin Hill', 6),
(483, '733 Shasta Avenue', 89),
(484, '0194 Schiller Center', 100),
(485, '4148 Dorton Pass', 55),
(486, '165 Cardinal Parkway', 12),
(487, '65 Nevada Terrace', 5),
(488, '7666 Stoughton Crossing', 18),
(489, '16314 Bowman Court', 95),
(490, '12609 Service Pass', 13),
(491, '326 Barnett Junction', 91),
(492, '9 Heffernan Crossing', 100),
(493, '4 Service Terrace', 14),
(494, '5848 John Wall Circle', 6),
(495, '79 Melvin Park', 80),
(496, '185 Atwood Avenue', 75),
(497, '0 Del Sol Center', 93),
(498, '03 Londonderry Avenue', 13),
(499, '55 Valley Edge Park', 72),
(500, '20 Trailsway Terrace', 10),
(501, 'csis 3540', 101),
(502, '201-4769 Hazel street', 102),
(503, 'csis 3540', 101),
(504, 'cerftevgtrgtr', 103),
(505, 'cerftevgtrgtr', 103),
(506, 'cerftevgtrgtr', 103),
(507, 'cerftevgtrgtr', 103),
(508, 'cerftevgtrgtr', 103),
(509, 'cerftevgtrgtr', 103);

-- --------------------------------------------------------

--
-- Table structure for table `BAR_TRANSACTION`
--

CREATE TABLE IF NOT EXISTS `BAR_TRANSACTION` (
  `barSale_id` int(11) NOT NULL,
  `drink_id` int(11) NOT NULL,
  `roomPass_id` int(11) NOT NULL,
  `sale_date` date NOT NULL,
  `bartender_id` int(11) NOT NULL,
  `bar_id` int(11) NOT NULL,
  `sale_time` time NOT NULL,
  PRIMARY KEY (`barSale_id`),
  KEY `bar_fk_01_idx` (`drink_id`),
  KEY `bar_fk_03_idx` (`bartender_id`),
  KEY `bar_fk_04_idx` (`bar_id`),
  KEY `bar_fk_02_idx` (`roomPass_id`)
) ENGINE=InnoDB DEFAULT CHARSET=latin1;

--
-- Dumping data for table `BAR_TRANSACTION`
--

INSERT INTO `BAR_TRANSACTION` (`barSale_id`, `drink_id`, `roomPass_id`, `sale_date`, `bartender_id`, `bar_id`, `sale_time`) VALUES
(1, 6, 369, '2016-10-31', 50, 13, '02:40:00'),
(2, 4, 324, '2016-10-30', 76, 14, '06:10:00'),
(3, 15, 45, '2016-11-02', 5, 14, '19:21:00'),
(4, 10, 206, '2016-11-01', 176, 13, '06:25:00'),
(5, 11, 151, '2016-11-02', 163, 13, '15:59:00'),
(6, 4, 118, '2016-10-30', 12, 14, '17:03:00'),
(7, 17, 115, '2016-10-30', 176, 13, '22:02:00'),
(8, 7, 388, '2016-10-30', 156, 13, '15:35:00'),
(9, 16, 346, '2016-10-30', 50, 13, '16:11:00'),
(10, 17, 97, '2016-11-03', 156, 13, '02:38:00'),
(11, 11, 134, '2016-11-04', 90, 13, '21:02:00'),
(12, 1, 149, '2016-11-04', 176, 13, '16:11:00'),
(13, 13, 340, '2016-11-01', 176, 13, '05:53:00'),
(14, 5, 339, '2016-11-01', 163, 14, '13:04:00'),
(15, 18, 361, '2016-11-03', 49, 13, '21:53:00'),
(16, 19, 56, '2016-11-02', 176, 14, '07:50:00'),
(17, 12, 391, '2016-11-02', 90, 13, '06:07:00'),
(18, 15, 16, '2016-11-01', 156, 14, '15:11:00'),
(19, 7, 191, '2016-10-31', 5, 14, '17:33:00'),
(20, 3, 344, '2016-11-03', 163, 13, '09:37:00'),
(21, 17, 261, '2016-11-03', 163, 13, '14:53:00'),
(22, 15, 40, '2016-10-31', 163, 13, '20:10:00'),
(23, 12, 178, '2016-11-02', 12, 13, '21:52:00'),
(24, 13, 328, '2016-11-03', 12, 14, '09:12:00'),
(25, 6, 260, '2016-11-04', 156, 13, '15:10:00'),
(26, 14, 328, '2016-11-01', 76, 14, '07:01:00'),
(27, 20, 35, '2016-11-02', 5, 14, '23:19:00'),
(28, 18, 95, '2016-11-04', 156, 14, '20:37:00'),
(29, 17, 364, '2016-11-02', 49, 14, '13:21:00'),
(30, 12, 221, '2016-11-03', 12, 14, '01:00:00'),
(31, 18, 177, '2016-10-31', 5, 13, '14:05:00'),
(32, 1, 314, '2016-11-04', 50, 13, '23:19:00'),
(33, 3, 123, '2016-11-03', 5, 14, '13:40:00'),
(34, 17, 93, '2016-10-30', 76, 13, '17:59:00'),
(35, 7, 54, '2016-11-02', 156, 14, '04:16:00'),
(36, 5, 244, '2016-11-04', 156, 13, '10:32:00'),
(37, 15, 366, '2016-11-01', 5, 14, '11:25:00'),
(38, 16, 258, '2016-11-01', 50, 14, '03:00:00'),
(39, 2, 90, '2016-11-04', 50, 14, '22:28:00'),
(40, 6, 71, '2016-11-04', 12, 13, '19:53:00'),
(41, 5, 244, '2016-10-31', 49, 13, '08:28:00'),
(42, 13, 289, '2016-10-31', 12, 13, '22:45:00'),
(43, 18, 218, '2016-11-02', 163, 13, '02:23:00'),
(44, 18, 16, '2016-11-03', 163, 13, '03:07:00'),
(45, 17, 289, '2016-10-31', 156, 14, '13:56:00'),
(46, 7, 92, '2016-11-04', 90, 13, '00:43:00'),
(47, 6, 158, '2016-10-31', 50, 14, '02:48:00'),
(48, 20, 306, '2016-11-01', 90, 13, '07:55:00'),
(49, 5, 353, '2016-11-02', 176, 13, '10:42:00'),
(50, 17, 322, '2016-10-31', 50, 14, '15:44:00'),
(51, 14, 29, '2016-11-02', 50, 13, '14:51:00'),
(52, 17, 141, '2016-11-04', 5, 14, '17:15:00'),
(53, 4, 206, '2016-10-30', 12, 13, '16:31:00'),
(54, 18, 110, '2016-11-04', 49, 13, '20:19:00'),
(55, 15, 45, '2016-10-30', 163, 13, '22:28:00'),
(56, 14, 58, '2016-11-03', 163, 14, '11:34:00'),
(57, 20, 110, '2016-11-03', 90, 14, '23:56:00'),
(58, 3, 315, '2016-11-03', 156, 14, '13:49:00'),
(59, 6, 232, '2016-10-31', 156, 13, '23:28:00'),
(60, 12, 286, '2016-10-30', 156, 13, '16:26:00'),
(61, 16, 290, '2016-10-30', 176, 14, '10:19:00'),
(62, 9, 17, '2016-11-02', 5, 13, '02:50:00'),
(63, 13, 158, '2016-11-03', 176, 14, '02:39:00'),
(64, 6, 253, '2016-11-02', 163, 13, '05:32:00'),
(65, 12, 60, '2016-11-03', 90, 14, '19:27:00'),
(66, 12, 386, '2016-10-30', 76, 13, '15:54:00'),
(67, 10, 168, '2016-10-31', 163, 14, '15:07:00'),
(68, 7, 41, '2016-11-03', 5, 14, '15:52:00'),
(69, 5, 388, '2016-11-01', 5, 14, '07:21:00'),
(70, 3, 90, '2016-11-02', 12, 14, '04:44:00'),
(71, 6, 92, '2016-11-04', 176, 14, '15:07:00'),
(72, 14, 60, '2016-11-01', 50, 14, '10:28:00'),
(73, 13, 117, '2016-10-31', 176, 13, '11:41:00'),
(74, 12, 27, '2016-11-02', 176, 13, '12:43:00'),
(75, 19, 337, '2016-11-01', 76, 13, '12:25:00'),
(76, 3, 95, '2016-10-31', 90, 14, '01:40:00'),
(77, 2, 228, '2016-11-03', 5, 14, '20:02:00'),
(78, 16, 354, '2016-10-31', 50, 13, '07:55:00'),
(79, 9, 11, '2016-10-30', 163, 13, '18:16:00'),
(80, 18, 276, '2016-11-04', 49, 14, '05:21:00'),
(81, 17, 97, '2016-10-31', 5, 13, '02:27:00'),
(82, 15, 370, '2016-11-01', 5, 14, '06:41:00'),
(83, 5, 60, '2016-10-30', 5, 13, '09:02:00'),
(84, 13, 354, '2016-10-31', 90, 14, '21:40:00'),
(85, 12, 58, '2016-11-03', 90, 14, '10:12:00'),
(86, 15, 307, '2016-11-02', 90, 13, '05:27:00'),
(87, 1, 64, '2016-11-03', 90, 13, '23:18:00'),
(88, 1, 298, '2016-11-02', 76, 14, '12:31:00'),
(89, 14, 153, '2016-11-01', 49, 14, '19:27:00'),
(90, 14, 200, '2016-10-31', 49, 14, '23:30:00'),
(91, 17, 162, '2016-10-30', 176, 13, '13:50:00'),
(92, 15, 184, '2016-11-03', 76, 13, '18:36:00'),
(93, 2, 198, '2016-11-04', 12, 13, '11:37:00'),
(94, 4, 29, '2016-10-31', 50, 13, '22:41:00'),
(95, 5, 104, '2016-11-01', 156, 13, '11:22:00'),
(96, 10, 332, '2016-11-01', 49, 13, '01:52:00'),
(97, 11, 177, '2016-10-30', 163, 13, '20:07:00'),
(98, 8, 173, '2016-11-01', 156, 14, '19:44:00'),
(99, 2, 158, '2016-11-04', 163, 13, '17:24:00'),
(100, 9, 126, '2016-11-04', 156, 14, '07:59:00'),
(101, 3, 314, '2016-11-04', 5, 13, '05:02:00'),
(102, 11, 31, '2016-11-01', 176, 14, '06:23:00'),
(103, 6, 331, '2016-11-03', 49, 13, '21:13:00'),
(104, 18, 299, '2016-11-01', 156, 13, '07:34:00'),
(105, 5, 345, '2016-11-04', 163, 13, '11:19:00'),
(106, 20, 45, '2016-10-30', 12, 14, '23:03:00'),
(107, 20, 13, '2016-11-01', 49, 13, '00:21:00'),
(108, 19, 274, '2016-11-04', 50, 14, '08:11:00'),
(109, 4, 281, '2016-11-03', 49, 13, '09:43:00'),
(110, 1, 243, '2016-10-30', 12, 13, '08:17:00'),
(111, 15, 347, '2016-11-04', 50, 13, '03:28:00'),
(112, 20, 262, '2016-11-02', 49, 14, '22:23:00'),
(113, 2, 380, '2016-10-31', 49, 13, '00:15:00'),
(114, 14, 305, '2016-11-01', 50, 14, '01:34:00'),
(115, 14, 149, '2016-11-04', 5, 14, '21:10:00'),
(116, 1, 71, '2016-11-03', 156, 13, '20:24:00'),
(117, 14, 208, '2016-11-01', 176, 13, '06:29:00'),
(118, 9, 123, '2016-11-01', 163, 14, '10:32:00'),
(119, 17, 296, '2016-11-03', 90, 14, '08:32:00'),
(120, 16, 292, '2016-11-02', 12, 14, '15:29:00'),
(121, 18, 266, '2016-11-03', 176, 14, '09:37:00'),
(122, 4, 306, '2016-11-03', 156, 14, '07:36:00'),
(123, 10, 303, '2016-10-31', 12, 13, '05:57:00'),
(124, 2, 308, '2016-10-31', 50, 13, '13:36:00'),
(125, 17, 324, '2016-11-04', 90, 13, '17:18:00'),
(126, 15, 33, '2016-11-03', 49, 13, '16:29:00'),
(127, 17, 388, '2016-11-02', 5, 14, '05:49:00'),
(128, 16, 281, '2016-11-04', 156, 13, '03:00:00'),
(129, 10, 243, '2016-11-04', 90, 14, '22:16:00'),
(130, 2, 308, '2016-11-04', 5, 14, '02:53:00'),
(131, 4, 389, '2016-11-01', 49, 14, '07:23:00'),
(132, 12, 56, '2016-11-03', 12, 13, '12:18:00'),
(133, 16, 33, '2016-11-01', 50, 13, '02:02:00'),
(134, 5, 354, '2016-10-30', 90, 13, '07:32:00'),
(135, 11, 331, '2016-11-01', 76, 13, '12:27:00'),
(136, 7, 129, '2016-11-04', 90, 14, '19:45:00'),
(137, 20, 276, '2016-10-31', 176, 13, '08:36:00'),
(138, 8, 89, '2016-10-30', 176, 14, '10:09:00'),
(139, 12, 286, '2016-11-03', 176, 14, '08:00:00'),
(140, 2, 332, '2016-11-02', 176, 13, '03:24:00'),
(141, 6, 394, '2016-10-31', 156, 14, '18:06:00'),
(142, 13, 177, '2016-11-03', 12, 13, '11:57:00'),
(143, 10, 380, '2016-10-31', 49, 13, '01:42:00'),
(144, 3, 298, '2016-11-03', 90, 14, '07:13:00'),
(145, 5, 90, '2016-10-30', 76, 13, '00:48:00'),
(146, 5, 158, '2016-10-30', 176, 13, '02:43:00'),
(147, 7, 292, '2016-11-04', 163, 14, '03:16:00'),
(148, 6, 289, '2016-11-01', 12, 13, '08:49:00'),
(149, 19, 296, '2016-11-03', 12, 14, '02:25:00'),
(150, 20, 290, '2016-11-03', 90, 13, '11:46:00'),
(151, 11, 380, '2016-11-01', 176, 13, '21:06:00'),
(152, 7, 296, '2016-11-03', 163, 14, '16:26:00'),
(153, 1, 240, '2016-11-01', 5, 13, '18:06:00'),
(154, 6, 162, '2016-10-30', 176, 14, '13:45:00'),
(155, 18, 30, '2016-11-03', 156, 13, '21:43:00'),
(156, 15, 31, '2016-10-31', 5, 13, '19:34:00'),
(157, 18, 60, '2016-11-01', 90, 14, '15:58:00'),
(158, 8, 389, '2016-11-04', 49, 14, '03:11:00'),
(159, 4, 331, '2016-11-01', 5, 13, '06:26:00'),
(160, 17, 233, '2016-10-31', 5, 13, '17:13:00'),
(161, 16, 45, '2016-10-31', 5, 14, '16:04:00'),
(162, 1, 384, '2016-10-31', 163, 14, '22:42:00'),
(163, 9, 312, '2016-11-03', 49, 14, '15:13:00'),
(164, 15, 233, '2016-11-04', 163, 14, '15:54:00'),
(165, 4, 135, '2016-11-03', 176, 14, '05:53:00'),
(166, 7, 89, '2016-10-30', 5, 13, '21:39:00'),
(167, 7, 125, '2016-10-30', 163, 14, '10:05:00'),
(168, 4, 224, '2016-10-31', 50, 13, '15:48:00'),
(169, 14, 297, '2016-10-30', 76, 13, '21:02:00'),
(170, 2, 89, '2016-10-31', 5, 14, '22:28:00'),
(171, 2, 233, '2016-11-01', 163, 13, '03:08:00'),
(172, 15, 361, '2016-10-31', 90, 13, '07:09:00'),
(173, 20, 147, '2016-10-30', 49, 13, '04:48:00'),
(174, 17, 198, '2016-11-03', 156, 14, '01:44:00'),
(175, 9, 228, '2016-11-01', 49, 13, '11:45:00'),
(176, 8, 275, '2016-11-01', 12, 14, '04:30:00'),
(177, 1, 276, '2016-10-31', 90, 14, '04:48:00'),
(178, 13, 224, '2016-11-01', 163, 13, '14:30:00'),
(179, 14, 299, '2016-11-04', 49, 14, '06:48:00'),
(180, 13, 29, '2016-11-02', 163, 13, '00:59:00'),
(181, 6, 322, '2016-11-01', 76, 13, '08:34:00'),
(182, 9, 267, '2016-11-02', 76, 14, '09:07:00'),
(183, 18, 367, '2016-11-02', 90, 14, '16:10:00'),
(184, 6, 243, '2016-11-04', 12, 13, '11:00:00'),
(185, 6, 209, '2016-11-02', 50, 13, '02:51:00'),
(186, 18, 305, '2016-11-03', 163, 14, '09:48:00'),
(187, 9, 385, '2016-11-04', 50, 14, '08:03:00'),
(188, 14, 14, '2016-11-04', 90, 14, '03:00:00'),
(189, 5, 391, '2016-11-04', 163, 13, '06:27:00'),
(190, 20, 230, '2016-11-02', 156, 13, '12:16:00'),
(191, 5, 15, '2016-10-30', 12, 13, '16:41:00'),
(192, 8, 331, '2016-10-31', 176, 14, '23:14:00'),
(193, 2, 223, '2016-11-02', 49, 14, '07:09:00'),
(194, 5, 29, '2016-10-31', 76, 14, '13:54:00'),
(195, 20, 281, '2016-10-30', 49, 13, '22:17:00'),
(196, 15, 136, '2016-11-01', 5, 13, '15:33:00'),
(197, 6, 57, '2016-11-03', 76, 13, '09:45:00'),
(198, 11, 200, '2016-10-31', 163, 14, '13:20:00'),
(199, 7, 389, '2016-10-30', 176, 13, '06:21:00'),
(200, 7, 298, '2016-11-04', 12, 14, '01:36:00'),
(201, 19, 312, '2016-10-30', 156, 13, '08:16:00'),
(202, 20, 320, '2016-11-04', 90, 14, '03:38:00'),
(203, 3, 88, '2016-11-01', 12, 13, '15:55:00'),
(204, 5, 384, '2016-11-03', 90, 14, '09:30:00'),
(205, 11, 324, '2016-11-01', 156, 14, '23:30:00'),
(206, 11, 274, '2016-11-03', 50, 13, '03:26:00'),
(207, 12, 55, '2016-11-04', 163, 13, '20:40:00'),
(208, 3, 298, '2016-11-04', 90, 14, '13:52:00'),
(209, 12, 88, '2016-10-30', 90, 14, '07:56:00'),
(210, 18, 115, '2016-11-03', 49, 14, '01:01:00'),
(211, 10, 287, '2016-11-03', 5, 14, '18:25:00'),
(212, 18, 276, '2016-10-31', 90, 13, '09:16:00'),
(213, 11, 13, '2016-10-31', 50, 13, '22:04:00'),
(214, 12, 301, '2016-11-02', 50, 14, '14:35:00'),
(215, 8, 388, '2016-10-30', 49, 14, '19:55:00'),
(216, 2, 123, '2016-11-01', 49, 14, '13:43:00'),
(217, 14, 208, '2016-11-01', 49, 14, '04:33:00'),
(218, 13, 394, '2016-10-30', 49, 14, '17:58:00'),
(219, 18, 342, '2016-11-04', 156, 14, '01:05:00'),
(220, 5, 306, '2016-11-03', 50, 13, '08:45:00'),
(221, 17, 311, '2016-11-03', 49, 13, '02:26:00'),
(222, 13, 386, '2016-10-30', 12, 14, '00:38:00'),
(223, 16, 53, '2016-11-02', 12, 14, '17:48:00'),
(224, 7, 79, '2016-11-04', 5, 14, '13:34:00'),
(225, 17, 186, '2016-11-03', 50, 13, '15:07:00'),
(226, 16, 354, '2016-10-30', 156, 13, '12:56:00'),
(227, 12, 327, '2016-11-04', 5, 13, '18:04:00'),
(228, 3, 115, '2016-11-03', 12, 14, '03:38:00'),
(229, 4, 142, '2016-10-30', 12, 14, '02:28:00'),
(230, 13, 40, '2016-11-01', 12, 13, '23:47:00'),
(231, 20, 332, '2016-10-30', 90, 13, '14:59:00'),
(232, 18, 150, '2016-11-02', 5, 14, '16:58:00'),
(233, 6, 110, '2016-11-03', 50, 13, '03:30:00'),
(234, 1, 15, '2016-10-31', 176, 13, '16:47:00'),
(235, 16, 267, '2016-11-01', 90, 14, '17:23:00'),
(236, 3, 388, '2016-11-04', 156, 14, '16:32:00'),
(237, 11, 267, '2016-10-31', 12, 14, '18:36:00'),
(238, 1, 149, '2016-10-31', 90, 14, '12:38:00'),
(239, 5, 216, '2016-11-03', 163, 13, '20:06:00'),
(240, 11, 240, '2016-11-03', 49, 13, '18:33:00'),
(241, 18, 339, '2016-11-03', 163, 14, '08:13:00'),
(242, 11, 315, '2016-10-31', 90, 14, '15:44:00'),
(243, 20, 138, '2016-10-30', 163, 14, '15:39:00'),
(244, 20, 231, '2016-11-02', 156, 13, '07:20:00'),
(245, 3, 217, '2016-11-03', 50, 14, '23:28:00'),
(246, 14, 191, '2016-11-01', 176, 14, '18:47:00'),
(247, 5, 276, '2016-11-01', 176, 14, '01:10:00'),
(248, 5, 224, '2016-11-01', 163, 13, '13:33:00'),
(249, 15, 100, '2016-11-02', 12, 13, '03:21:00'),
(250, 20, 17, '2016-10-30', 5, 14, '09:46:00');

-- --------------------------------------------------------

--
-- Table structure for table `CITY`
--

CREATE TABLE IF NOT EXISTS `CITY` (
  `city_id` int(11) NOT NULL,
  `city_name` varchar(45) NOT NULL,
  `country_id` int(11) NOT NULL,
  PRIMARY KEY (`city_id`),
  KEY `CITY_fk_01_idx` (`country_id`)
) ENGINE=InnoDB DEFAULT CHARSET=latin1;

--
-- Dumping data for table `CITY`
--

INSERT INTO `CITY` (`city_id`, `city_name`, `country_id`) VALUES
(1, 'Mikhnëvo', 10),
(2, 'Volkhov', 14),
(3, 'Aragarças', 4),
(4, 'Quixadá', 10),
(5, 'Montalvão', 12),
(6, 'Laxey', 1),
(7, 'Budagovo', 13),
(8, 'El Salitre', 11),
(9, 'Dayeuhluhur', 5),
(10, 'Vespasiano', 2),
(11, 'Berat', 3),
(12, 'Naushahro F?roz', 17),
(13, 'Guangyuan', 10),
(14, 'Puqi', 17),
(15, 'Laixi', 14),
(16, 'Vysokogornyy', 13),
(17, 'København', 11),
(18, 'Louka', 18),
(19, 'Bakungan', 2),
(20, 'Kalpin', 15),
(21, 'Dvorichna', 12),
(22, 'Oulad Frej', 3),
(23, 'Sembabule', 18),
(24, 'Dniprovka', 14),
(25, 'Khal?l?b?d', 3),
(26, 'Serang', 11),
(27, 'Debre Tabor', 17),
(28, 'Kiangan', 10),
(29, '?askarzew', 16),
(30, '?winice Warckie', 20),
(31, 'Mojo', 1),
(32, 'Zhuangta', 7),
(33, 'Solnice', 19),
(34, 'Azara', 13),
(35, 'Washington', 8),
(36, 'Aparecida', 16),
(37, 'San Marcos', 1),
(38, 'Beauvais', 16),
(39, 'Lingqiao', 8),
(40, 'Dargaz', 12),
(41, 'Santa Rita Village', 16),
(42, 'Banjar Buahan', 3),
(43, 'Orsha', 8),
(44, 'Quimilí', 19),
(45, 'Lexington', 18),
(46, 'Villa Concepción del Tío', 17),
(47, 'Ambulong', 1),
(48, 'Sambonggede', 4),
(49, 'Cintra', 20),
(50, 'Ballinroad', 2),
(51, 'Rushanzhai', 19),
(52, 'Santa Barbara', 17),
(53, 'Ya‘bad', 11),
(54, 'Arnage', 1),
(55, 'Triandría', 8),
(56, 'Pelabuhan Dagang', 8),
(57, 'Cambuga', 5),
(58, 'Pagangan', 4),
(59, 'T?kest?n', 15),
(60, 'Porta', 13),
(61, 'Murun-kuren', 14),
(62, 'Otavalo', 3),
(63, 'Seka', 12),
(64, 'Lede? nad Sázavou', 18),
(65, 'La Cruz', 3),
(66, 'Satte', 16),
(67, 'Pyshchug', 19),
(68, 'Simrishamn', 3),
(69, 'Dunaújváros', 8),
(70, 'Kuncen', 15),
(71, 'Yasynuvata', 6),
(72, 'Leigongmiao', 9),
(73, 'Motala', 16),
(74, 'Almada', 14),
(75, 'Eskilstuna', 10),
(76, 'Colesberg', 17),
(77, 'Antaparco', 18),
(78, 'Boisbriand', 13),
(79, 'Mainri', 3),
(80, 'Antanhol', 4),
(81, 'Mombaça', 20),
(82, 'Kowale', 19),
(83, 'Menanga', 11),
(84, 'Banqiao', 13),
(85, 'Sindon', 18),
(86, 'Vilares', 12),
(87, 'Kushima', 20),
(88, 'Jinyuan', 13),
(89, 'Doug An', 9),
(90, 'Gongxi', 8),
(91, 'Pandan Niog', 18),
(92, 'Segbwema', 5),
(93, 'Changqing', 4),
(94, 'Jepat Kidul', 16),
(95, 'Macaé', 3),
(96, 'Tenjolaya', 10),
(97, 'Xiamayu', 12),
(98, 'Jimaguayú', 8),
(99, 'Tangzhai', 11),
(100, 'Uva', 4),
(101, 'New Westminister', 31),
(102, 'Burnaby', 31),
(103, 'rfrgteg', 72);

-- --------------------------------------------------------

--
-- Table structure for table `COUNTRY`
--

CREATE TABLE IF NOT EXISTS `COUNTRY` (
  `country_id` int(11) NOT NULL AUTO_INCREMENT,
  `country_name` varchar(45) NOT NULL,
  PRIMARY KEY (`country_id`),
  UNIQUE KEY `country_id_UNIQUE` (`country_id`)
) ENGINE=InnoDB  DEFAULT CHARSET=latin1 AUTO_INCREMENT=197 ;

--
-- Dumping data for table `COUNTRY`
--

INSERT INTO `COUNTRY` (`country_id`, `country_name`) VALUES
(1, 'Afganistan'),
(2, 'Albania'),
(3, 'Algeria'),
(4, 'Andorra'),
(5, 'Angola'),
(6, 'Antigua and Barbuda'),
(7, 'Argentina'),
(8, 'Armenia'),
(9, 'Australia'),
(10, 'Austria'),
(11, 'Azerbaijan'),
(12, 'Bahamas'),
(13, 'Bahrain'),
(14, 'Bangladesh'),
(15, 'Barbados'),
(16, 'Belarus'),
(17, 'Belgium'),
(18, 'Belize'),
(19, 'Benin'),
(20, 'Bhutan'),
(21, 'Bolivia'),
(22, 'Bosnia and Herzegovina'),
(23, 'Botswana'),
(24, 'Brazil'),
(25, 'Brunei'),
(26, 'Bulgaria'),
(27, 'Burkina Faso'),
(28, 'Burundi'),
(29, 'Cambodia'),
(30, 'Cameroon'),
(31, 'Canada'),
(32, 'Cape Verde'),
(33, 'Central African Rep'),
(34, 'Chad'),
(35, 'Chile'),
(36, 'China'),
(37, 'Colombia'),
(38, 'Comoros'),
(39, 'Congo'),
(40, 'Congo {Democratic Rep}'),
(41, 'Costa Rica'),
(42, 'Croatia'),
(43, 'Cuba'),
(44, 'Cyprus'),
(45, 'Czech Republic'),
(46, 'Denmark'),
(47, 'Djibouti'),
(48, 'Dominica'),
(49, 'Dominican Republic'),
(50, 'East Timor'),
(51, 'Ecuador'),
(52, 'Egypt'),
(53, 'El Salvador'),
(54, 'Equatorial Guinea'),
(55, 'Eritrea'),
(56, 'Estonia'),
(57, 'Ethiopia'),
(58, 'Fiji'),
(59, 'Finland'),
(60, 'France'),
(61, 'Gabon'),
(62, 'Gambia'),
(63, 'Georgia'),
(64, 'Germany'),
(65, 'Ghana'),
(66, 'Greece'),
(67, 'Grenada'),
(68, 'Guatemala'),
(69, 'Guinea'),
(70, 'Guinea-Bissau'),
(71, 'Guyana'),
(72, 'Haiti'),
(73, 'Honduras'),
(74, 'Hungary'),
(75, 'Iceland'),
(76, 'India'),
(77, 'Indonesia'),
(78, 'Iran'),
(79, 'Iraq'),
(80, 'Ireland {Republic}'),
(81, 'Israel'),
(82, 'Italy'),
(83, 'Ivory Coast'),
(84, 'Jamaica'),
(85, 'Japan'),
(86, 'Jordan'),
(87, 'Kazakhstan'),
(88, 'Kenya'),
(89, 'Kiribati'),
(90, 'Korea North'),
(91, 'Korea South'),
(92, 'Kosovo'),
(93, 'Kuwait'),
(94, 'Kyrgyzstan'),
(95, 'Laos'),
(96, 'Latvia'),
(97, 'Lebanon'),
(98, 'Lesotho'),
(99, 'Liberia'),
(100, 'Libya'),
(101, 'Liechtenstein'),
(102, 'Lithuania'),
(103, 'Luxembourg'),
(104, 'Macedonia'),
(105, 'Madagascar'),
(106, 'Malawi'),
(107, 'Malaysia'),
(108, 'Maldives'),
(109, 'Mali'),
(110, 'Malta'),
(111, 'Marshall Islands'),
(112, 'Mauritania'),
(113, 'Mauritius'),
(114, 'Mexico'),
(115, 'Micronesia'),
(116, 'Moldova'),
(117, 'Monaco'),
(118, 'Mongolia'),
(119, 'Montenegro'),
(120, 'Morocco'),
(121, 'Mozambique'),
(122, 'Myanmar, {Burma}'),
(123, 'Namibia'),
(124, 'Nauru'),
(125, 'Nepal'),
(126, 'Netherlands'),
(127, 'New Zealand'),
(128, 'Nicaragua'),
(129, 'Niger'),
(130, 'Nigeria'),
(131, 'Norway'),
(132, 'Oman'),
(133, 'Pakistan'),
(134, 'Palau'),
(135, 'Panama'),
(136, 'Papua New Guinea'),
(137, 'Paraguay'),
(138, 'Peru'),
(139, 'Philippines'),
(140, 'Poland'),
(141, 'Portugal'),
(142, 'Qatar'),
(143, 'Romania'),
(144, 'Russian Federation'),
(145, 'Rwanda'),
(146, 'St Kitts & Nevis'),
(147, 'St Lucia'),
(148, 'Saint Vincent & the Grenadines'),
(149, 'Samoa'),
(150, 'San Marino'),
(151, 'Sao Tome & Principe'),
(152, 'Saudi Arabia'),
(153, 'Senegal'),
(154, 'Serbia'),
(155, 'Seychelles'),
(156, 'Sierra Leone'),
(157, 'Singapore'),
(158, 'Slovakia'),
(159, 'Slovenia'),
(160, 'Solomon Islands'),
(161, 'Somalia'),
(162, 'South Africa'),
(163, 'South Sudan'),
(164, 'Spain'),
(165, 'Sri Lanka'),
(166, 'Sudan'),
(167, 'Suriname'),
(168, 'Swaziland'),
(169, 'Sweden'),
(170, 'Switzerland'),
(171, 'Syria'),
(172, 'Taiwan'),
(173, 'Tajikistan'),
(174, 'Tanzania'),
(175, 'Thailand'),
(176, 'Togo'),
(177, 'Tonga'),
(178, 'Trinidad & Tobago'),
(179, 'Tunisia'),
(180, 'Turkey'),
(181, 'Turkmenistan'),
(182, 'Tuvalu'),
(183, 'Uganda'),
(184, 'Ukraine'),
(185, 'United Arab Emirates'),
(186, 'United Kingdom'),
(187, 'United States'),
(188, 'Uruguay'),
(189, 'Uzbekistan'),
(190, 'Vanuatu'),
(191, 'Vatican City'),
(192, 'Venezuela'),
(193, 'Vietnam'),
(194, 'Yemen'),
(195, 'Zambia'),
(196, 'Zimbabwe');

-- --------------------------------------------------------

--
-- Table structure for table `DEPARTMENT`
--

CREATE TABLE IF NOT EXISTS `DEPARTMENT` (
  `dept_id` int(11) NOT NULL,
  `dept_name` varchar(45) NOT NULL,
  PRIMARY KEY (`dept_id`)
) ENGINE=InnoDB DEFAULT CHARSET=latin1;

--
-- Dumping data for table `DEPARTMENT`
--

INSERT INTO `DEPARTMENT` (`dept_id`, `dept_name`) VALUES
(1, 'DECK'),
(2, 'ENGINEERING'),
(3, 'GALLEY'),
(4, 'FOOD AND BEVERAGE'),
(5, 'HOUSEKEEPING'),
(6, 'SHOPPING'),
(7, 'IT'),
(8, 'MEDICAL'),
(9, 'SECURITY'),
(10, 'ENTERTAINMENT');

-- --------------------------------------------------------

--
-- Table structure for table `DINNER`
--

CREATE TABLE IF NOT EXISTS `DINNER` (
  `dinner_id` int(11) NOT NULL,
  `table_id` int(11) NOT NULL,
  `group_amount` int(11) NOT NULL,
  `dinner_date` date NOT NULL,
  `dinner_sitting` int(1) NOT NULL,
  `room_id` int(11) NOT NULL,
  `waiter_id` int(11) NOT NULL,
  `trip_id` int(11) NOT NULL,
  `hasFee` tinyint(1) NOT NULL,
  PRIMARY KEY (`dinner_id`),
  KEY `dinner_fk_01_idx` (`room_id`),
  KEY `dinner_fk_02_idx` (`waiter_id`),
  KEY `dinner_fk_03_idx` (`trip_id`)
) ENGINE=InnoDB DEFAULT CHARSET=latin1;

--
-- Dumping data for table `DINNER`
--

INSERT INTO `DINNER` (`dinner_id`, `table_id`, `group_amount`, `dinner_date`, `dinner_sitting`, `room_id`, `waiter_id`, `trip_id`, `hasFee`) VALUES
(1, 11, 1, '2016-10-30', 2, 118, 211, 1, 0),
(2, 6, 1, '2016-10-30', 1, 136, 202, 1, 1),
(3, 17, 1, '2016-10-30', 2, 68, 216, 1, 0),
(4, 7, 1, '2016-10-30', 2, 57, 201, 1, 1),
(5, 9, 1, '2016-10-30', 1, 173, 215, 1, 1),
(6, 2, 1, '2016-10-30', 2, 23, 210, 1, 1),
(7, 5, 1, '2016-10-30', 2, 161, 218, 1, 1),
(8, 36, 1, '2016-10-30', 1, 143, 207, 1, 1),
(9, 29, 1, '2016-10-30', 2, 155, 202, 1, 1),
(10, 22, 1, '2016-10-30', 1, 127, 217, 1, 1),
(11, 19, 1, '2016-10-30', 1, 27, 207, 1, 1),
(12, 21, 1, '2016-10-30', 1, 163, 206, 1, 1),
(13, 25, 1, '2016-10-30', 1, 11, 205, 1, 0),
(14, 40, 1, '2016-10-30', 1, 138, 209, 1, 1),
(15, 4, 1, '2016-10-30', 2, 192, 201, 1, 0),
(16, 34, 1, '2016-10-30', 2, 53, 210, 1, 0),
(17, 12, 1, '2016-10-30', 1, 109, 95, 1, 1),
(18, 23, 1, '2016-10-30', 1, 205, 214, 1, 1),
(19, 18, 1, '2016-10-31', 1, 50, 201, 1, 1),
(20, 13, 1, '2016-10-31', 1, 198, 203, 1, 0),
(21, 32, 1, '2016-10-31', 1, 218, 206, 1, 0),
(22, 37, 1, '2016-10-31', 1, 229, 215, 1, 1),
(23, 35, 1, '2016-10-31', 2, 137, 213, 1, 0),
(24, 30, 1, '2016-10-31', 2, 105, 216, 1, 1),
(25, 39, 1, '2016-10-31', 2, 127, 204, 1, 0),
(26, 34, 1, '2016-10-31', 1, 118, 207, 1, 1),
(27, 5, 1, '2016-10-31', 1, 192, 218, 1, 0),
(28, 19, 1, '2016-10-31', 1, 53, 209, 1, 0),
(29, 17, 2, '2016-10-31', 1, 216, 215, 1, 1),
(30, 20, 1, '2016-10-31', 1, 155, 218, 1, 1),
(31, 18, 1, '2016-10-31', 2, 163, 201, 1, 1),
(32, 4, 1, '2016-10-31', 2, 23, 209, 1, 1),
(33, 26, 1, '2016-11-01', 2, 161, 212, 1, 1),
(34, 28, 1, '2016-11-01', 2, 218, 204, 1, 1),
(35, 2, 1, '2016-11-01', 1, 109, 212, 1, 1),
(36, 14, 1, '2016-11-01', 2, 95, 95, 1, 1),
(37, 8, 1, '2016-11-01', 1, 143, 212, 1, 0),
(38, 21, 1, '2016-11-01', 1, 11, 214, 1, 0),
(39, 31, 1, '2016-11-01', 2, 173, 95, 1, 0),
(40, 3, 1, '2016-11-01', 1, 138, 207, 1, 1),
(41, 13, 1, '2016-11-01', 2, 68, 206, 1, 1),
(42, 11, 1, '2016-11-01', 1, 241, 207, 1, 1),
(43, 35, 1, '2016-11-01', 2, 136, 208, 1, 0),
(44, 4, 1, '2016-11-01', 2, 27, 213, 1, 0),
(45, 25, 1, '2016-11-01', 1, 53, 218, 1, 0),
(46, 14, 1, '2016-11-01', 1, 127, 169, 1, 0),
(47, 40, 1, '2016-11-01', 1, 57, 205, 1, 0),
(48, 12, 2, '2016-11-01', 2, 216, 209, 1, 0),
(49, 1, 1, '2016-11-02', 1, 155, 216, 1, 1),
(50, 15, 1, '2016-11-02', 1, 143, 214, 1, 1),
(51, 35, 1, '2016-11-02', 1, 23, 219, 1, 1),
(52, 21, 1, '2016-11-02', 1, 173, 209, 1, 0),
(53, 13, 1, '2016-11-02', 1, 138, 204, 1, 1),
(54, 31, 1, '2016-11-02', 1, 163, 219, 1, 0),
(55, 6, 1, '2016-11-02', 2, 109, 201, 1, 1),
(56, 9, 1, '2016-11-02', 1, 137, 209, 1, 0),
(57, 27, 1, '2016-11-02', 2, 118, 215, 1, 1),
(58, 10, 1, '2016-11-02', 1, 161, 214, 1, 0),
(59, 5, 1, '2016-11-02', 1, 27, 215, 1, 0),
(60, 17, 1, '2016-11-02', 2, 53, 203, 1, 1),
(61, 23, 1, '2016-11-02', 2, 57, 218, 1, 1),
(62, 18, 1, '2016-11-02', 1, 105, 204, 1, 0),
(63, 37, 2, '2016-11-02', 2, 33, 217, 1, 0),
(64, 3, 1, '2016-11-02', 2, 229, 201, 1, 1),
(65, 32, 1, '2016-11-03', 2, 205, 212, 1, 0),
(66, 15, 1, '2016-11-03', 1, 241, 214, 1, 0),
(67, 20, 1, '2016-11-03', 1, 136, 95, 1, 1),
(68, 6, 1, '2016-11-03', 1, 11, 203, 1, 1),
(69, 13, 1, '2016-11-03', 2, 198, 216, 1, 1),
(70, 22, 1, '2016-11-03', 2, 192, 213, 1, 1),
(71, 16, 1, '2016-11-03', 2, 173, 202, 1, 1),
(72, 17, 1, '2016-11-03', 1, 53, 218, 1, 0),
(73, 35, 1, '2016-11-03', 1, 229, 169, 1, 1),
(74, 20, 1, '2016-11-03', 2, 23, 201, 1, 1),
(75, 10, 1, '2016-11-03', 1, 155, 209, 1, 1),
(76, 5, 2, '2016-11-03', 2, 33, 214, 1, 0),
(77, 33, 1, '2016-11-03', 2, 137, 207, 1, 1),
(78, 8, 1, '2016-11-03', 2, 163, 169, 1, 1),
(79, 28, 1, '2016-11-03', 2, 68, 203, 1, 0),
(80, 36, 1, '2016-11-04', 2, 50, 201, 1, 1),
(81, 21, 1, '2016-11-04', 1, 241, 209, 1, 0),
(82, 2, 1, '2016-11-04', 1, 95, 169, 1, 0),
(83, 11, 1, '2016-11-04', 1, 118, 218, 1, 0),
(84, 29, 1, '2016-11-04', 2, 127, 219, 1, 0),
(85, 26, 1, '2016-11-04', 1, 143, 201, 1, 0),
(86, 12, 1, '2016-11-04', 1, 205, 209, 1, 1),
(87, 13, 1, '2016-11-04', 1, 27, 201, 1, 1),
(88, 38, 1, '2016-11-04', 2, 173, 215, 1, 1),
(89, 1, 1, '2016-11-04', 1, 23, 201, 1, 0),
(90, 27, 2, '2016-11-04', 2, 216, 209, 1, 0),
(91, 33, 1, '2016-11-05', 1, 136, 204, 1, 0),
(92, 28, 1, '2016-11-05', 2, 229, 208, 1, 1),
(93, 37, 2, '2016-11-05', 1, 33, 95, 1, 1),
(94, 23, 1, '2016-11-05', 2, 11, 203, 1, 1),
(95, 19, 1, '2016-11-05', 1, 161, 203, 1, 0),
(96, 18, 1, '2016-11-05', 1, 68, 203, 1, 0),
(97, 35, 1, '2016-11-05', 1, 118, 218, 1, 0),
(98, 11, 1, '2016-11-05', 2, 192, 206, 1, 0),
(99, 12, 1, '2016-11-05', 2, 218, 218, 1, 1),
(100, 32, 1, '2016-11-05', 2, 198, 218, 1, 0),
(101, 17, 1, '2016-11-05', 1, 205, 216, 1, 0),
(102, 20, 1, '2016-11-05', 2, 137, 218, 1, 0),
(103, 6, 1, '2016-11-05', 1, 155, 208, 1, 0),
(104, 21, 1, '2016-11-05', 1, 57, 209, 1, 0),
(105, 24, 1, '2016-11-05', 1, 50, 212, 1, 0),
(106, 9, 1, '2016-11-05', 1, 138, 206, 1, 0),
(107, 29, 1, '2016-11-05', 2, 127, 215, 1, 0);

-- --------------------------------------------------------

--
-- Table structure for table `DRINKS`
--

CREATE TABLE IF NOT EXISTS `DRINKS` (
  `drink_id` int(11) NOT NULL,
  `drink_name` varchar(45) NOT NULL,
  `drink_price` double NOT NULL,
  PRIMARY KEY (`drink_id`)
) ENGINE=InnoDB DEFAULT CHARSET=latin1;

--
-- Dumping data for table `DRINKS`
--

INSERT INTO `DRINKS` (`drink_id`, `drink_name`, `drink_price`) VALUES
(1, 'Guiness', 2.01),
(2, 'Asahi', 21.33),
(3, 'Sapporo', 32.41),
(4, 'Corona', 10.74),
(5, 'Heineken', 20.43),
(6, 'Stella Artios', 18.77),
(7, 'Jack Daniels', 13.83),
(8, 'Johnny Walker Black', 10.62),
(9, 'Jameson', 28.39),
(10, 'Grey Goose', 19.71),
(11, 'Smirnoff', 16.61),
(12, 'Crown Royal', 8.35),
(13, 'Budweiser', 26.02),
(14, 'Water', 25.66),
(15, 'Captain Morgan', 9.97),
(16, 'Pabst Blue Ribbon', 37.8),
(17, 'Tsing Tsao', 43.48),
(18, 'Baiju', 30.48),
(19, 'Moonshine', 16.74),
(20, 'literally just pure alcohol', 3.29);

-- --------------------------------------------------------

--
-- Table structure for table `DRINK_INV`
--

CREATE TABLE IF NOT EXISTS `DRINK_INV` (
  `drink_id` int(11) NOT NULL,
  `ship_id` int(11) NOT NULL,
  `inventory` int(11) NOT NULL,
  PRIMARY KEY (`drink_id`,`ship_id`),
  KEY `drinkInv_fk_02_idx` (`ship_id`)
) ENGINE=InnoDB DEFAULT CHARSET=latin1;

--
-- Dumping data for table `DRINK_INV`
--

INSERT INTO `DRINK_INV` (`drink_id`, `ship_id`, `inventory`) VALUES
(1, 1, 89),
(1, 2, 0),
(2, 1, 100),
(2, 2, 246),
(3, 1, 306),
(3, 2, 262),
(4, 1, 57),
(4, 2, 352),
(5, 1, 150),
(5, 2, 422),
(6, 1, 289),
(6, 2, 138),
(7, 1, 156),
(7, 2, 487),
(8, 1, 413),
(8, 2, 275),
(9, 1, 208),
(9, 2, 422),
(10, 1, 481),
(10, 2, 259),
(11, 1, 150),
(11, 2, 83),
(12, 1, 500),
(12, 2, 387),
(13, 1, 363),
(13, 2, 230),
(14, 1, 56),
(14, 2, 227),
(15, 1, 184),
(15, 2, 416),
(16, 1, 376),
(16, 2, 207),
(17, 1, 419),
(17, 2, 458),
(18, 1, 141),
(18, 2, 464),
(19, 1, 139),
(19, 2, 232),
(20, 1, 253),
(20, 2, 310);

-- --------------------------------------------------------

--
-- Table structure for table `GIFTS`
--

CREATE TABLE IF NOT EXISTS `GIFTS` (
  `gift_id` int(11) NOT NULL,
  `gift_name` varchar(45) NOT NULL,
  `gift_price` double NOT NULL,
  PRIMARY KEY (`gift_id`)
) ENGINE=InnoDB DEFAULT CHARSET=latin1;

--
-- Dumping data for table `GIFTS`
--

INSERT INTO `GIFTS` (`gift_id`, `gift_name`, `gift_price`) VALUES
(1, 'Pen', 8.49),
(2, 'Shirt', 24.74),
(3, 'Necktie', 31.17),
(4, 'Hat', 45.49),
(5, 'Shoes', 15.1),
(6, 'Dress', 8.37),
(7, 'Stuffed Animal', 42.3),
(8, 'Gloves', 19.15),
(9, 'Sunglasses', 16.23),
(10, 'High Heels', 45.73),
(11, 'Wrist Watch', 5.03),
(12, 'Yam', 44.45),
(13, 'Coffee Mug', 3.39),
(14, 'Shot Glass', 44.07),
(15, 'Poster', 14.1),
(16, 'Notepad', 45.87),
(17, 'Lightbulb', 6.95),
(18, 'Toothbrush', 36.47),
(19, 'Water Bottle', 31.65),
(20, 'Knife', 29.68),
(21, 'Pants', 17.33),
(22, 'Tesla Model X', 42.84),
(23, 'Imperial II-class Star Destroyer', 29.84),
(24, 'Combine Harvester', 49.48),
(25, 'A Jar of Pickles', 25.01),
(26, 'Sweater', 8.93),
(27, 'Trident II SLBM', 37.76),
(28, 'nVidia GeForce GTX 980Ti', 34.64),
(29, 'Apples', 8.3),
(30, 'Indestructable Bucket', 3.45);

-- --------------------------------------------------------

--
-- Table structure for table `GIFT_INV`
--

CREATE TABLE IF NOT EXISTS `GIFT_INV` (
  `gift_id` int(11) NOT NULL,
  `ship_id` int(11) NOT NULL,
  `inventory` int(11) NOT NULL,
  PRIMARY KEY (`gift_id`,`ship_id`),
  KEY `giftInv_fk_02_idx` (`ship_id`)
) ENGINE=InnoDB DEFAULT CHARSET=latin1;

--
-- Dumping data for table `GIFT_INV`
--

INSERT INTO `GIFT_INV` (`gift_id`, `ship_id`, `inventory`) VALUES
(1, 1, 101),
(1, 2, 0),
(2, 1, 116),
(2, 2, 245),
(3, 1, 124),
(3, 2, 126),
(4, 1, 233),
(4, 2, 291),
(5, 1, 434),
(5, 2, 141),
(6, 1, 352),
(6, 2, 58),
(7, 1, 340),
(7, 2, 298),
(8, 1, 310),
(8, 2, 66),
(9, 1, 300),
(9, 2, 292),
(10, 1, 186),
(10, 2, 181),
(11, 1, 217),
(11, 2, 176),
(12, 1, 227),
(12, 2, 328),
(13, 1, 445),
(13, 2, 374),
(14, 1, 461),
(14, 2, 57),
(15, 1, 72),
(15, 2, 334),
(16, 1, 61),
(16, 2, 384),
(17, 1, 68),
(17, 2, 500),
(18, 1, 222),
(18, 2, 240),
(19, 1, 153),
(19, 2, 435),
(20, 1, 452),
(20, 2, 407),
(21, 1, 100),
(21, 2, 100),
(22, 1, 100),
(22, 2, 100),
(23, 1, 100),
(23, 2, 100),
(24, 1, 100),
(24, 2, 100),
(25, 1, 100),
(25, 2, 100),
(26, 1, 100),
(26, 2, 100),
(27, 1, 100),
(27, 2, 100),
(28, 1, 100),
(28, 2, 100),
(29, 1, 100),
(29, 2, 100),
(30, 1, 100),
(30, 2, 100);

-- --------------------------------------------------------

--
-- Table structure for table `GIFT_TRANSACTION`
--

CREATE TABLE IF NOT EXISTS `GIFT_TRANSACTION` (
  `giftSale_id` int(11) NOT NULL,
  `gift_id` int(11) NOT NULL,
  `roomPass_id` int(11) NOT NULL,
  `sale_date` date NOT NULL,
  `staff_id` int(11) NOT NULL,
  `shop_id` int(11) NOT NULL,
  `sale_time` time NOT NULL,
  PRIMARY KEY (`giftSale_id`),
  KEY `giftTran_fk_03_idx` (`staff_id`),
  KEY `giftTran_fk_04_idx` (`shop_id`),
  KEY `giftTran_fk_01_idx` (`gift_id`),
  KEY `giftTran_fk_02_idx` (`roomPass_id`)
) ENGINE=InnoDB DEFAULT CHARSET=latin1;

--
-- Dumping data for table `GIFT_TRANSACTION`
--

INSERT INTO `GIFT_TRANSACTION` (`giftSale_id`, `gift_id`, `roomPass_id`, `sale_date`, `staff_id`, `shop_id`, `sale_time`) VALUES
(1, 22, 380, '2016-11-03', 75, 9, '04:17:00'),
(2, 12, 231, '2016-11-03', 101, 9, '15:54:00'),
(3, 1, 298, '2016-10-30', 88, 9, '01:33:00'),
(4, 7, 261, '2016-10-30', 44, 9, '20:49:00'),
(5, 4, 30, '2016-10-31', 44, 9, '09:31:00'),
(6, 28, 378, '2016-11-01', 116, 9, '11:56:00'),
(7, 22, 221, '2016-10-30', 88, 8, '19:30:00'),
(8, 11, 53, '2016-10-30', 101, 9, '10:33:00'),
(9, 1, 337, '2016-11-03', 186, 9, '09:27:00'),
(10, 28, 57, '2016-11-01', 92, 9, '15:58:00'),
(11, 22, 364, '2016-11-03', 186, 9, '04:48:00'),
(12, 2, 156, '2016-11-04', 116, 9, '12:25:00'),
(13, 30, 25, '2016-10-30', 186, 8, '21:06:00'),
(14, 16, 378, '2016-11-04', 9, 8, '20:25:00'),
(15, 5, 249, '2016-11-01', 101, 8, '22:10:00'),
(16, 29, 165, '2016-10-30', 88, 8, '06:34:00'),
(17, 6, 361, '2016-10-30', 92, 8, '06:56:00'),
(18, 5, 17, '2016-11-04', 116, 8, '20:14:00'),
(19, 2, 11, '2016-10-30', 92, 8, '10:47:00'),
(20, 26, 335, '2016-11-02', 88, 9, '22:16:00'),
(21, 8, 346, '2016-11-04', 75, 8, '01:08:00'),
(22, 2, 184, '2016-10-31', 44, 9, '11:19:00'),
(23, 21, 388, '2016-11-01', 75, 9, '17:04:00'),
(24, 3, 347, '2016-11-01', 92, 9, '20:45:00'),
(25, 11, 32, '2016-10-30', 186, 8, '09:10:00'),
(26, 25, 56, '2016-11-03', 88, 9, '22:23:00'),
(27, 23, 16, '2016-11-02', 44, 8, '18:29:00'),
(28, 27, 93, '2016-11-04', 101, 8, '10:49:00'),
(29, 25, 353, '2016-11-04', 101, 8, '09:42:00'),
(30, 17, 45, '2016-11-01', 92, 9, '07:19:00'),
(31, 25, 13, '2016-11-02', 44, 9, '05:54:00'),
(32, 21, 151, '2016-11-01', 116, 9, '20:01:00'),
(33, 11, 120, '2016-11-02', 146, 8, '17:31:00'),
(34, 11, 100, '2016-11-03', 88, 9, '03:45:00'),
(35, 30, 135, '2016-10-31', 116, 9, '03:06:00'),
(36, 20, 57, '2016-11-03', 92, 8, '23:07:00'),
(37, 7, 78, '2016-11-03', 146, 9, '09:55:00'),
(38, 15, 289, '2016-11-02', 92, 8, '11:29:00'),
(39, 18, 8, '2016-11-04', 75, 8, '13:51:00'),
(40, 16, 208, '2016-10-30', 92, 9, '13:08:00'),
(41, 16, 318, '2016-10-31', 116, 8, '19:14:00'),
(42, 5, 260, '2016-10-30', 186, 9, '08:41:00'),
(43, 11, 55, '2016-10-31', 88, 9, '16:00:00'),
(44, 13, 249, '2016-11-02', 44, 8, '01:45:00'),
(45, 30, 217, '2016-11-04', 116, 9, '10:28:00'),
(46, 26, 232, '2016-11-03', 75, 8, '00:51:00'),
(47, 9, 178, '2016-11-03', 9, 9, '04:04:00'),
(48, 11, 176, '2016-11-04', 186, 8, '12:56:00'),
(49, 5, 22, '2016-10-31', 9, 9, '12:39:00'),
(50, 11, 45, '2016-10-31', 116, 9, '19:55:00'),
(51, 15, 28, '2016-10-31', 186, 8, '08:52:00'),
(52, 15, 61, '2016-11-04', 186, 8, '20:48:00'),
(53, 16, 21, '2016-10-30', 146, 8, '03:47:00'),
(54, 28, 61, '2016-11-02', 101, 9, '06:27:00'),
(55, 3, 57, '2016-10-31', 194, 8, '19:24:00'),
(56, 24, 186, '2016-11-03', 116, 9, '19:59:00'),
(57, 18, 394, '2016-11-04', 101, 8, '02:04:00'),
(58, 2, 51, '2016-10-31', 101, 8, '06:14:00'),
(59, 27, 320, '2016-11-04', 186, 8, '05:10:00'),
(60, 14, 344, '2016-11-02', 146, 9, '01:39:00'),
(61, 7, 174, '2016-11-02', 75, 9, '02:37:00'),
(62, 18, 31, '2016-11-02', 75, 9, '22:18:00'),
(63, 30, 391, '2016-10-30', 194, 8, '08:44:00'),
(64, 25, 136, '2016-11-04', 75, 8, '22:21:00'),
(65, 6, 156, '2016-11-01', 75, 9, '20:20:00'),
(66, 17, 35, '2016-10-31', 146, 9, '00:57:00'),
(67, 13, 305, '2016-11-02', 75, 8, '02:38:00'),
(68, 4, 297, '2016-11-01', 88, 9, '04:23:00'),
(69, 14, 262, '2016-11-02', 186, 9, '05:18:00'),
(70, 28, 145, '2016-11-01', 88, 8, '04:49:00'),
(71, 28, 339, '2016-10-30', 9, 8, '15:23:00'),
(72, 11, 314, '2016-11-02', 44, 8, '21:38:00'),
(73, 25, 318, '2016-11-04', 194, 8, '12:21:00'),
(74, 27, 292, '2016-10-31', 92, 8, '04:29:00'),
(75, 4, 353, '2016-11-02', 88, 9, '00:45:00'),
(76, 2, 173, '2016-11-03', 88, 9, '08:13:00'),
(77, 11, 35, '2016-11-02', 9, 9, '08:30:00'),
(78, 9, 184, '2016-11-01', 75, 9, '08:02:00'),
(79, 29, 88, '2016-10-30', 44, 9, '11:13:00'),
(80, 28, 141, '2016-11-03', 75, 9, '07:08:00'),
(81, 30, 8, '2016-11-01', 88, 8, '03:10:00'),
(82, 17, 55, '2016-11-03', 44, 8, '07:41:00'),
(83, 10, 145, '2016-11-02', 75, 9, '04:47:00'),
(84, 30, 6, '2016-11-02', 146, 9, '11:17:00'),
(85, 12, 384, '2016-11-02', 92, 9, '10:42:00'),
(86, 22, 75, '2016-11-01', 44, 8, '13:24:00'),
(87, 15, 260, '2016-10-31', 146, 8, '09:08:00'),
(88, 24, 137, '2016-10-30', 101, 8, '11:58:00'),
(89, 20, 151, '2016-11-04', 44, 9, '00:41:00'),
(90, 20, 22, '2016-10-30', 194, 8, '14:27:00'),
(91, 2, 306, '2016-10-30', 44, 9, '18:59:00'),
(92, 5, 372, '2016-10-30', 194, 8, '21:29:00'),
(93, 24, 51, '2016-11-02', 88, 8, '19:22:00'),
(94, 28, 6, '2016-11-04', 88, 8, '23:53:00'),
(95, 2, 186, '2016-11-02', 9, 9, '10:04:00'),
(96, 17, 307, '2016-11-01', 9, 9, '02:04:00'),
(97, 8, 260, '2016-11-01', 92, 9, '01:11:00'),
(98, 27, 217, '2016-10-31', 146, 9, '20:12:00'),
(99, 22, 287, '2016-10-30', 186, 9, '06:49:00'),
(100, 9, 289, '2016-10-30', 9, 9, '17:59:00'),
(101, 14, 88, '2016-11-04', 101, 9, '14:35:00'),
(102, 20, 117, '2016-11-03', 92, 9, '22:59:00'),
(103, 12, 209, '2016-10-31', 88, 9, '20:56:00'),
(104, 28, 320, '2016-11-02', 116, 8, '12:56:00'),
(105, 28, 15, '2016-10-30', 9, 8, '23:41:00'),
(106, 14, 51, '2016-11-03', 186, 9, '01:48:00'),
(107, 11, 335, '2016-11-04', 88, 9, '21:31:00'),
(108, 4, 159, '2016-10-30', 92, 8, '23:56:00'),
(109, 13, 209, '2016-11-01', 88, 8, '00:19:00'),
(110, 18, 203, '2016-11-01', 101, 8, '12:15:00'),
(111, 5, 297, '2016-11-03', 75, 8, '13:01:00'),
(112, 27, 176, '2016-10-31', 186, 8, '03:17:00'),
(113, 9, 258, '2016-11-02', 88, 9, '14:12:00'),
(114, 8, 80, '2016-10-30', 186, 9, '23:38:00'),
(115, 25, 311, '2016-11-01', 44, 8, '11:53:00'),
(116, 26, 254, '2016-11-03', 9, 9, '03:19:00'),
(117, 19, 253, '2016-11-01', 75, 8, '12:23:00'),
(118, 17, 25, '2016-10-31', 88, 9, '00:56:00'),
(119, 27, 385, '2016-11-02', 75, 9, '21:19:00'),
(120, 23, 117, '2016-11-04', 9, 8, '22:10:00'),
(121, 24, 314, '2016-11-01', 116, 9, '10:01:00'),
(122, 11, 78, '2016-11-03', 44, 9, '03:39:00'),
(123, 27, 136, '2016-10-30', 146, 9, '01:32:00'),
(124, 23, 209, '2016-11-01', 92, 8, '04:01:00'),
(125, 15, 361, '2016-10-31', 116, 9, '14:42:00'),
(126, 3, 75, '2016-10-30', 194, 8, '02:53:00'),
(127, 15, 123, '2016-11-03', 9, 9, '04:44:00'),
(128, 3, 194, '2016-11-01', 116, 9, '22:50:00'),
(129, 9, 297, '2016-11-03', 186, 8, '01:04:00'),
(130, 14, 361, '2016-11-02', 146, 8, '21:41:00'),
(131, 27, 123, '2016-11-01', 116, 8, '20:22:00'),
(132, 24, 158, '2016-10-31', 44, 9, '21:08:00'),
(133, 18, 305, '2016-11-02', 194, 8, '11:41:00'),
(134, 12, 339, '2016-11-04', 92, 8, '17:13:00'),
(135, 23, 40, '2016-10-31', 44, 9, '09:21:00'),
(136, 22, 87, '2016-11-03', 146, 8, '12:41:00'),
(137, 19, 275, '2016-11-04', 116, 9, '09:33:00'),
(138, 19, 296, '2016-11-01', 88, 8, '16:45:00'),
(139, 23, 162, '2016-10-30', 101, 8, '07:53:00'),
(140, 10, 378, '2016-11-02', 146, 8, '17:15:00'),
(141, 27, 366, '2016-11-01', 116, 9, '00:56:00'),
(142, 19, 206, '2016-11-04', 186, 9, '12:14:00'),
(143, 19, 209, '2016-11-03', 116, 9, '19:14:00'),
(144, 19, 322, '2016-10-30', 9, 8, '09:51:00'),
(145, 5, 395, '2016-11-03', 75, 9, '19:52:00'),
(146, 3, 301, '2016-11-02', 116, 9, '17:05:00'),
(147, 21, 281, '2016-11-04', 146, 8, '18:02:00'),
(148, 6, 320, '2016-11-02', 75, 9, '13:07:00'),
(149, 8, 45, '2016-10-31', 88, 8, '16:41:00'),
(150, 29, 354, '2016-11-01', 44, 9, '08:10:00'),
(151, 20, 158, '2016-10-31', 92, 9, '00:35:00'),
(152, 12, 314, '2016-10-31', 101, 9, '10:02:00'),
(153, 3, 358, '2016-10-30', 92, 8, '00:21:00'),
(154, 25, 54, '2016-10-30', 186, 9, '14:11:00'),
(155, 12, 120, '2016-10-31', 101, 9, '04:49:00'),
(156, 21, 262, '2016-11-03', 75, 8, '15:10:00'),
(157, 30, 41, '2016-10-30', 101, 9, '01:33:00'),
(158, 9, 394, '2016-11-04', 116, 9, '13:34:00'),
(159, 13, 298, '2016-11-03', 88, 9, '09:51:00'),
(160, 1, 347, '2016-10-31', 75, 8, '16:43:00'),
(161, 12, 158, '2016-11-03', 88, 8, '14:13:00'),
(162, 24, 159, '2016-10-30', 116, 9, '07:16:00'),
(163, 25, 287, '2016-11-03', 101, 9, '17:15:00'),
(164, 16, 346, '2016-11-01', 92, 9, '00:35:00'),
(165, 17, 388, '2016-11-03', 88, 9, '16:35:00'),
(166, 24, 194, '2016-11-03', 75, 9, '01:02:00'),
(167, 6, 30, '2016-11-04', 88, 9, '19:52:00'),
(168, 1, 308, '2016-10-31', 186, 8, '07:56:00'),
(169, 8, 185, '2016-11-02', 146, 9, '19:20:00'),
(170, 12, 185, '2016-10-30', 116, 9, '06:26:00'),
(171, 30, 320, '2016-11-04', 116, 8, '01:46:00'),
(172, 29, 331, '2016-11-01', 92, 9, '07:33:00'),
(173, 8, 340, '2016-11-04', 75, 9, '12:28:00'),
(174, 24, 29, '2016-11-03', 194, 8, '00:17:00'),
(175, 7, 8, '2016-11-01', 101, 9, '19:06:00'),
(176, 12, 71, '2016-10-30', 88, 9, '21:34:00'),
(177, 28, 60, '2016-10-30', 194, 8, '02:22:00'),
(178, 12, 32, '2016-11-02', 146, 9, '00:25:00'),
(179, 2, 315, '2016-11-03', 101, 8, '08:53:00'),
(180, 23, 230, '2016-10-31', 101, 9, '10:56:00'),
(181, 2, 92, '2016-11-02', 186, 9, '17:31:00'),
(182, 13, 314, '2016-11-01', 116, 9, '06:35:00'),
(183, 14, 15, '2016-11-04', 146, 9, '01:18:00'),
(184, 18, 206, '2016-11-02', 146, 8, '05:05:00'),
(185, 22, 237, '2016-11-02', 101, 9, '15:46:00'),
(186, 20, 198, '2016-11-01', 116, 8, '08:14:00'),
(187, 6, 186, '2016-11-02', 101, 9, '11:02:00'),
(188, 29, 64, '2016-11-04', 92, 9, '02:23:00'),
(189, 3, 118, '2016-11-04', 146, 9, '04:03:00'),
(190, 18, 342, '2016-11-01', 116, 8, '00:14:00'),
(191, 2, 95, '2016-11-02', 92, 9, '16:11:00'),
(192, 8, 327, '2016-11-01', 101, 8, '15:07:00'),
(193, 2, 21, '2016-11-03', 88, 8, '10:29:00'),
(194, 22, 174, '2016-10-31', 92, 8, '23:20:00'),
(195, 3, 97, '2016-10-30', 101, 9, '15:35:00'),
(196, 27, 21, '2016-11-02', 101, 8, '23:34:00'),
(197, 29, 89, '2016-10-31', 9, 8, '11:39:00'),
(198, 19, 126, '2016-11-02', 194, 9, '05:36:00'),
(199, 30, 380, '2016-10-30', 44, 8, '05:41:00'),
(200, 15, 53, '2016-10-31', 146, 9, '03:22:00'),
(201, 14, 61, '2016-11-04', 186, 9, '16:38:00'),
(202, 2, 378, '2016-11-03', 9, 9, '07:03:00'),
(203, 24, 249, '2016-10-31', 146, 8, '09:46:00'),
(204, 13, 292, '2016-10-31', 186, 9, '19:45:00'),
(205, 12, 97, '2016-10-31', 101, 8, '15:03:00'),
(206, 26, 347, '2016-11-01', 44, 9, '07:49:00'),
(207, 28, 173, '2016-11-02', 146, 8, '10:03:00'),
(208, 9, 366, '2016-11-04', 194, 8, '17:25:00'),
(209, 24, 117, '2016-10-31', 9, 9, '02:56:00'),
(210, 5, 95, '2016-11-01', 9, 9, '11:57:00'),
(211, 19, 138, '2016-10-31', 92, 8, '15:59:00'),
(212, 3, 123, '2016-11-04', 194, 8, '18:55:00'),
(213, 19, 262, '2016-10-31', 88, 8, '04:17:00'),
(214, 5, 138, '2016-11-04', 194, 8, '14:50:00'),
(215, 12, 135, '2016-11-03', 75, 8, '14:12:00'),
(216, 28, 100, '2016-11-01', 194, 8, '08:52:00'),
(217, 26, 344, '2016-10-30', 88, 8, '07:42:00'),
(218, 21, 138, '2016-11-04', 9, 9, '08:08:00'),
(219, 9, 198, '2016-11-01', 9, 8, '09:44:00'),
(220, 13, 203, '2016-10-31', 9, 8, '07:47:00'),
(221, 22, 25, '2016-10-30', 9, 8, '00:57:00'),
(222, 19, 333, '2016-10-31', 194, 9, '01:57:00'),
(223, 3, 376, '2016-10-31', 186, 8, '09:48:00'),
(224, 14, 385, '2016-11-02', 194, 8, '20:53:00'),
(225, 10, 30, '2016-11-02', 116, 8, '19:18:00'),
(226, 28, 335, '2016-11-01', 116, 9, '05:40:00'),
(227, 21, 370, '2016-10-30', 194, 8, '17:22:00'),
(228, 26, 71, '2016-10-30', 88, 8, '19:11:00'),
(229, 10, 244, '2016-11-03', 44, 9, '09:52:00'),
(230, 11, 337, '2016-10-30', 92, 8, '14:57:00'),
(231, 24, 320, '2016-10-30', 92, 8, '18:17:00'),
(232, 7, 60, '2016-11-03', 9, 8, '04:32:00'),
(233, 5, 303, '2016-11-02', 101, 8, '19:44:00'),
(234, 13, 168, '2016-11-01', 146, 9, '02:30:00'),
(235, 2, 80, '2016-11-02', 116, 9, '18:40:00'),
(236, 11, 79, '2016-11-01', 101, 8, '02:56:00'),
(237, 17, 88, '2016-11-02', 186, 8, '15:22:00'),
(238, 7, 126, '2016-10-31', 146, 9, '02:35:00'),
(239, 3, 366, '2016-10-30', 146, 8, '06:50:00'),
(240, 11, 134, '2016-11-01', 92, 9, '05:23:00'),
(241, 11, 13, '2016-10-30', 186, 8, '17:14:00'),
(242, 14, 395, '2016-11-03', 186, 9, '16:43:00'),
(243, 18, 314, '2016-11-02', 146, 9, '04:18:00'),
(244, 10, 136, '2016-11-04', 9, 9, '09:28:00'),
(245, 30, 118, '2016-11-01', 194, 8, '09:26:00'),
(246, 8, 40, '2016-10-31', 116, 9, '04:26:00'),
(247, 20, 386, '2016-10-30', 44, 9, '10:11:00'),
(248, 22, 41, '2016-10-31', 146, 9, '19:22:00'),
(249, 27, 8, '2016-11-01', 116, 9, '18:24:00'),
(250, 1, 322, '2016-11-02', 146, 8, '19:13:00');

-- --------------------------------------------------------

--
-- Table structure for table `JOBS`
--

CREATE TABLE IF NOT EXISTS `JOBS` (
  `job_id` int(11) NOT NULL,
  `job_title` varchar(45) NOT NULL,
  `dept_id` int(11) NOT NULL,
  `job_title_code` varchar(45) DEFAULT NULL,
  PRIMARY KEY (`job_id`),
  KEY `job_fk_01_idx` (`dept_id`)
) ENGINE=InnoDB DEFAULT CHARSET=latin1;

--
-- Dumping data for table `JOBS`
--

INSERT INTO `JOBS` (`job_id`, `job_title`, `dept_id`, `job_title_code`) VALUES
(1, 'Captain', 1, 'CPT'),
(2, 'Officer', 1, 'OFF'),
(3, 'Able Seaman', 1, 'ASEA'),
(4, 'Seaman', 1, 'SEA'),
(5, 'Engineer', 2, 'ENG'),
(6, 'Senior Engineer', 2, 'SENG'),
(7, 'Master Chef', 3, 'MCHF'),
(8, 'Sous Chef', 3, 'SCHF'),
(9, 'Line Cook', 3, 'LCK'),
(10, 'Server', 4, 'SRV'),
(11, 'Bartender', 4, 'BTR'),
(12, 'Cleaner', 5, 'CLNR'),
(13, 'Store Manager', 6, 'MNGR'),
(14, 'Cashier', 6, 'CASH'),
(15, 'Help Desk', 7, 'HD'),
(16, 'Network Administrator', 7, 'NADM'),
(17, 'Doctor', 8, 'DOC'),
(18, 'Nurse', 8, 'RN'),
(19, 'Security Guard', 9, 'SG'),
(20, 'Host', 10, 'HOST');

-- --------------------------------------------------------

--
-- Table structure for table `PASSENGER`
--

CREATE TABLE IF NOT EXISTS `PASSENGER` (
  `pass_id` int(11) NOT NULL,
  `pass_firstname` varchar(45) NOT NULL,
  `pass_lastname` varchar(45) NOT NULL,
  `pass_phone` int(11) NOT NULL,
  `pass_email` tinytext NOT NULL,
  `pass_address` int(11) NOT NULL,
  `pass_dob` date NOT NULL,
  PRIMARY KEY (`pass_id`),
  UNIQUE KEY `pass_id_UNIQUE` (`pass_id`),
  KEY `pass_fk_01_idx` (`pass_phone`),
  KEY `pass_fk_02_idx` (`pass_address`)
) ENGINE=InnoDB DEFAULT CHARSET=latin1;

--
-- Dumping data for table `PASSENGER`
--

INSERT INTO `PASSENGER` (`pass_id`, `pass_firstname`, `pass_lastname`, `pass_phone`, `pass_email`, `pass_address`, `pass_dob`) VALUES
(1, 'Robert', 'Edwards', 84, 'redwards0@umn.edu', 325, '1973-08-08'),
(2, 'Shirley', 'Stewart', 15, 'sstewart1@state.gov', 235, '1995-04-26'),
(3, 'Marie', 'Washington', 89, 'mwashington2@ft.com', 385, '2005-06-23'),
(4, 'Amanda', 'Foster', 97, 'afoster3@blogtalkradio.com', 122, '1985-03-08'),
(5, 'Heather', 'Bell', 75, 'hbell4@163.com', 192, '2010-10-09'),
(6, 'Betty', 'Lewis', 35, 'blewis5@jiathis.com', 245, '1957-03-12'),
(7, 'Louise', 'Myers', 68, 'lmyers6@comsenz.com', 269, '1959-01-18'),
(8, 'Kathryn', 'Day', 49, 'kday7@squidoo.com', 177, '1980-08-11'),
(9, 'Melissa', 'Murray', 27, 'mmurray8@hhs.gov', 235, '2012-10-04'),
(10, 'Dorothy', 'Johnston', 69, 'djohnston9@tmall.com', 384, '1983-12-08'),
(11, 'Dorothy', 'Warren', 20, 'dwarrena@reference.com', 244, '1970-03-17'),
(12, 'Sean', 'Ruiz', 37, 'sruizb@wordpress.com', 255, '1993-09-27'),
(13, 'Walter', 'Ferguson', 91, 'wfergusonc@delicious.com', 57, '2000-05-23'),
(14, 'Louise', 'Banks', 78, 'lbanksd@surveymonkey.com', 371, '1967-10-30'),
(15, 'Justin', 'Wood', 46, 'jwoode@europa.eu', 327, '1963-02-10'),
(16, 'Elizabeth', 'Baker', 30, 'ebakerf@twitter.com', 281, '1952-08-01'),
(17, 'Bobby', 'Gardner', 59, 'bgardnerg@psu.edu', 259, '1951-03-14'),
(18, 'Lisa', 'Sims', 54, 'lsimsh@cafepress.com', 214, '1999-07-24'),
(19, 'Brenda', 'Hamilton', 29, 'bhamiltoni@fastcompany.com', 309, '2000-05-04'),
(20, 'Juan', 'Carpenter', 7, 'jcarpenterj@statcounter.com', 112, '2002-10-02'),
(21, 'Eugene', 'Harper', 86, 'eharperk@paginegialle.it', 62, '1972-08-01'),
(22, 'Karen', 'Holmes', 91, 'kholmesl@google.es', 144, '1998-02-03'),
(23, 'Jeremy', 'Wood', 46, 'jwoodm@cafepress.com', 50, '2004-09-01'),
(24, 'Nicole', 'Olson', 6, 'nolsonn@opera.com', 173, '1983-11-01'),
(25, 'Brian', 'Howell', 3, 'bhowello@live.com', 14, '1960-02-27'),
(26, 'Dennis', 'Hall', 41, 'dhallp@edublogs.org', 407, '1999-08-15'),
(27, 'Martha', 'Lawrence', 99, 'mlawrenceq@wsj.com', 330, '2002-08-26'),
(28, 'Elizabeth', 'Lynch', 35, 'elynchr@cloudflare.com', 499, '2003-08-28'),
(29, 'Keith', 'Castillo', 44, 'kcastillos@auda.org.au', 345, '1973-05-17'),
(30, 'Johnny', 'Rivera', 91, 'jriverat@fotki.com', 95, '2002-01-12'),
(31, 'Amanda', 'Jordan', 86, 'ajordanu@gnu.org', 381, '1986-01-12'),
(32, 'Nicholas', 'Fields', 5, 'nfieldsv@123-reg.co.uk', 31, '1956-02-11'),
(33, 'Christine', 'Stanley', 48, 'cstanleyw@pinterest.com', 141, '1992-09-23'),
(34, 'Beverly', 'Reynolds', 51, 'breynoldsx@cnet.com', 364, '1993-03-10'),
(35, 'Carolyn', 'Hill', 60, 'chilly@sohu.com', 341, '1959-06-12'),
(36, 'Raymond', 'Howell', 77, 'rhowellz@aol.com', 136, '1973-12-27'),
(37, 'Keith', 'Warren', 34, 'kwarren10@admin.ch', 104, '1994-03-09'),
(38, 'Debra', 'Lawson', 82, 'dlawson11@1688.com', 346, '1994-05-16'),
(39, 'William', 'Bowman', 2, 'wbowman12@github.com', 217, '1974-04-24'),
(40, 'Robin', 'Perez', 32, 'rperez13@wisc.edu', 294, '1989-08-23'),
(41, 'Roy', 'Burke', 76, 'rburke14@cargocollective.com', 88, '2008-08-17'),
(42, 'Dorothy', 'Rice', 90, 'drice15@netlog.com', 165, '1961-08-10'),
(43, 'Gregory', 'Fox', 45, 'gfox16@cafepress.com', 276, '2013-04-04'),
(44, 'Nancy', 'Stevens', 82, 'nstevens17@walmart.com', 114, '1973-02-07'),
(45, 'Evelyn', 'Ellis', 25, 'eellis18@purevolume.com', 204, '1957-06-12'),
(46, 'Patrick', 'Gardner', 44, 'pgardner19@hhs.gov', 329, '2010-11-12'),
(47, 'Diane', 'Larson', 97, 'dlarson1a@mac.com', 226, '1963-05-22'),
(48, 'Matthew', 'Cole', 86, 'mcole1b@cbsnews.com', 322, '1964-12-13'),
(49, 'Bonnie', 'Holmes', 51, 'bholmes1c@t-online.de', 162, '1971-04-09'),
(50, 'Alice', 'Larson', 35, 'alarson1d@cbslocal.com', 475, '1984-08-14'),
(51, 'Dorothy', 'Duncan', 32, 'dduncan1e@berkeley.edu', 452, '1993-08-21'),
(52, 'Joshua', 'Ramirez', 92, 'jramirez1f@addthis.com', 311, '1973-10-22'),
(53, 'Ronald', 'Long', 19, 'rlong1g@blogspot.com', 485, '1964-12-24'),
(54, 'Scott', 'Harvey', 23, 'sharvey1h@shareasale.com', 149, '1991-06-21'),
(55, 'Clarence', 'Gilbert', 43, 'cgilbert1i@cocolog-nifty.com', 342, '1962-03-10'),
(56, 'Timothy', 'Hall', 50, 'thall1j@stumbleupon.com', 432, '1965-10-26'),
(57, 'Philip', 'Carroll', 43, 'pcarroll1k@oaic.gov.au', 453, '1951-05-01'),
(58, 'Mark', 'Sims', 75, 'msims1l@wufoo.com', 289, '1976-12-07'),
(59, 'Brian', 'Cox', 86, 'bcox1m@eventbrite.com', 252, '2006-01-28'),
(60, 'Theresa', 'Jordan', 100, 'tjordan1n@printfriendly.com', 466, '1962-11-14'),
(61, 'Paula', 'Reed', 89, 'preed1o@nih.gov', 50, '1979-11-11'),
(62, 'Antonio', 'Murray', 82, 'amurray1p@netlog.com', 491, '1959-01-21'),
(63, 'Aaron', 'Rice', 62, 'arice1q@unc.edu', 154, '1956-06-18'),
(64, 'Carl', 'Hanson', 52, 'chanson1r@ft.com', 454, '1955-01-22'),
(65, 'Jason', 'Armstrong', 96, 'jarmstrong1s@scribd.com', 277, '1964-06-08'),
(66, 'Steve', 'Harvey', 61, 'sharvey1t@pinterest.com', 409, '1984-08-21'),
(67, 'Louise', 'Chavez', 31, 'lchavez1u@digg.com', 455, '2013-12-02'),
(68, 'Patricia', 'Woods', 3, 'pwoods1v@51.la', 402, '2014-07-30'),
(69, 'Walter', 'Anderson', 82, 'wanderson1w@opensource.org', 263, '1987-11-23'),
(70, 'Stephanie', 'Hart', 62, 'shart1x@vimeo.com', 311, '1980-06-30'),
(71, 'Johnny', 'Bradley', 4, 'jbradley1y@ted.com', 69, '2016-04-24'),
(72, 'Christine', 'Adams', 31, 'cadams1z@netscape.com', 465, '1986-04-05'),
(73, 'Emily', 'Mcdonald', 2, 'emcdonald20@army.mil', 189, '1975-02-23'),
(74, 'Mildred', 'Meyer', 13, 'mmeyer21@bloglovin.com', 70, '1956-11-01'),
(75, 'Sara', 'King', 55, 'sking22@washington.edu', 161, '1951-12-31'),
(76, 'Emily', 'Reed', 75, 'ereed23@dailymail.co.uk', 97, '2015-09-30'),
(77, 'Catherine', 'Duncan', 66, 'cduncan24@bloglovin.com', 178, '1975-12-22'),
(78, 'Timothy', 'Martin', 32, 'tmartin25@lulu.com', 15, '2009-12-12'),
(79, 'Bobby', 'Rose', 14, 'brose26@free.fr', 159, '1980-01-26'),
(80, 'Stephanie', 'Bell', 48, 'sbell27@princeton.edu', 414, '1998-03-07'),
(81, 'Marilyn', 'Roberts', 53, 'mroberts28@google.co.jp', 145, '2009-11-24'),
(82, 'Andrew', 'Walker', 25, 'awalker29@mlb.com', 168, '1990-07-11'),
(83, 'Rose', 'Ramirez', 26, 'rramirez2a@ameblo.jp', 439, '1984-08-15'),
(84, 'Eugene', 'Powell', 100, 'epowell2b@nature.com', 169, '2001-03-23'),
(85, 'Barbara', 'Moore', 60, 'bmoore2c@acquirethisname.com', 500, '1953-07-14'),
(86, 'Judy', 'Ramos', 34, 'jramos2d@163.com', 495, '2012-08-18'),
(87, 'Julie', 'Kelly', 89, 'jkelly2e@gizmodo.com', 304, '1995-07-08'),
(88, 'Lisa', 'Chapman', 21, 'lchapman2f@paypal.com', 366, '1973-11-13'),
(89, 'Thomas', 'Diaz', 83, 'tdiaz2g@hostgator.com', 80, '1975-11-27'),
(90, 'Scott', 'Brown', 96, 'sbrown2h@si.edu', 68, '2010-03-03'),
(91, 'Sandra', 'Olson', 52, 'solson2i@eventbrite.com', 404, '2011-12-30'),
(92, 'Rachel', 'Castillo', 9, 'rcastillo2j@posterous.com', 115, '1962-06-08'),
(93, 'Jane', 'Gilbert', 33, 'jgilbert2k@archive.org', 189, '1956-01-07'),
(94, 'Clarence', 'Wallace', 31, 'cwallace2l@accuweather.com', 439, '1950-04-21'),
(95, 'Ryan', 'Williams', 41, 'rwilliams2m@amazon.com', 201, '1967-04-15'),
(96, 'Joyce', 'Green', 41, 'jgreen2n@cafepress.com', 334, '1999-07-06'),
(97, 'Jessica', 'Olson', 53, 'jolson2o@ucoz.com', 301, '1985-10-11'),
(98, 'Diane', 'Perez', 1, 'dperez2p@si.edu', 218, '1967-08-23'),
(99, 'Ronald', 'Hill', 61, 'rhill2q@walmart.com', 400, '1951-03-07'),
(100, 'Lois', 'Taylor', 52, 'ltaylor2r@cnn.com', 461, '1991-08-11'),
(101, 'Frank', 'Turner', 50, 'fturner2s@exblog.jp', 327, '2013-10-08'),
(102, 'Linda', 'Harvey', 61, 'lharvey2t@163.com', 248, '1955-06-06'),
(103, 'Shawn', 'Butler', 89, 'sbutler2u@moonfruit.com', 220, '2012-01-28'),
(104, 'Lawrence', 'Parker', 24, 'lparker2v@soup.io', 9, '1979-03-12'),
(105, 'Victor', 'Duncan', 45, 'vduncan2w@mac.com', 385, '1978-05-16'),
(106, 'Elizabeth', 'Ferguson', 92, 'eferguson2x@who.int', 264, '1980-10-20'),
(107, 'Jean', 'Wheeler', 92, 'jwheeler2y@livejournal.com', 62, '1997-11-15'),
(108, 'Sara', 'Morris', 63, 'smorris2z@paypal.com', 104, '2005-07-02'),
(109, 'Terry', 'Ramirez', 3, 'tramirez30@blogtalkradio.com', 37, '1977-03-13'),
(110, 'Carlos', 'Nguyen', 4, 'cnguyen31@hubpages.com', 251, '1995-05-29'),
(111, 'Sharon', 'Meyer', 82, 'smeyer32@nymag.com', 326, '2011-05-23'),
(112, 'Joshua', 'Washington', 41, 'jwashington33@home.pl', 137, '1969-06-05'),
(113, 'Gregory', 'Lee', 63, 'glee34@google.com.br', 7, '2000-12-25'),
(114, 'Frank', 'Oliver', 45, 'foliver35@woothemes.com', 214, '1952-06-20'),
(115, 'Irene', 'White', 83, 'iwhite36@xing.com', 223, '1952-10-05'),
(116, 'Martha', 'Ramos', 100, 'mramos37@typepad.com', 47, '1977-04-05'),
(117, 'Joshua', 'Henderson', 60, 'jhenderson38@loc.gov', 448, '1996-01-22'),
(118, 'Kathleen', 'Chapman', 13, 'kchapman39@xrea.com', 389, '1981-10-18'),
(119, 'Jessica', 'Reyes', 14, 'jreyes3a@mit.edu', 255, '1986-07-14'),
(120, 'Samuel', 'Hunt', 84, 'shunt3b@paginegialle.it', 371, '1983-05-30'),
(121, 'Walter', 'Murray', 96, 'wmurray3c@miitbeian.gov.cn', 201, '2011-01-12'),
(122, 'Jacqueline', 'Lynch', 23, 'jlynch3d@nhs.uk', 390, '1958-06-27'),
(123, 'Carolyn', 'Burton', 57, 'cburton3e@mit.edu', 184, '1961-05-25'),
(124, 'Elizabeth', 'Lane', 28, 'elane3f@tinypic.com', 405, '1970-10-01'),
(125, 'Deborah', 'Anderson', 68, 'danderson3g@nytimes.com', 443, '2004-11-18'),
(126, 'Michelle', 'Owens', 55, 'mowens3h@yellowpages.com', 231, '1977-05-03'),
(127, 'Harold', 'Williams', 72, 'hwilliams3i@alibaba.com', 292, '1972-08-19'),
(128, 'Donald', 'Spencer', 22, 'dspencer3j@stumbleupon.com', 64, '1998-07-26'),
(129, 'Paul', 'Patterson', 23, 'ppatterson3k@tripadvisor.com', 103, '2012-03-22'),
(130, 'Jacqueline', 'Henry', 56, 'jhenry3l@xinhuanet.com', 83, '1959-10-28'),
(131, 'Willie', 'Peterson', 1, 'wpeterson3m@mayoclinic.com', 342, '1981-02-28'),
(132, 'Julie', 'Patterson', 77, 'jpatterson3n@sciencedirect.com', 309, '2002-09-12'),
(133, 'Andrew', 'Henderson', 32, 'ahenderson3o@fc2.com', 239, '1962-02-18'),
(134, 'Jose', 'Graham', 52, 'jgraham3p@eepurl.com', 474, '2012-01-28'),
(135, 'Judy', 'Tucker', 37, 'jtucker3q@blogs.com', 215, '2013-01-13'),
(136, 'Fred', 'Carr', 48, 'fcarr3r@ucla.edu', 295, '1985-10-06'),
(137, 'Teresa', 'Fields', 85, 'tfields3s@1688.com', 424, '1971-07-18'),
(138, 'William', 'Daniels', 59, 'wdaniels3t@hhs.gov', 349, '1951-12-14'),
(139, 'Kelly', 'Miller', 48, 'kmiller3u@google.nl', 62, '2004-11-09'),
(140, 'Rachel', 'Ray', 55, 'rray3v@51.la', 147, '1988-05-20'),
(141, 'Brandon', 'Hill', 88, 'bhill3w@flickr.com', 199, '1978-11-15'),
(142, 'Michael', 'Hernandez', 82, 'mhernandez3x@usnews.com', 416, '1961-10-01'),
(143, 'Elizabeth', 'Fox', 86, 'efox3y@hp.com', 314, '1954-04-05'),
(144, 'Ruth', 'Patterson', 90, 'rpatterson3z@earthlink.net', 272, '1981-01-08'),
(145, 'Phillip', 'Riley', 43, 'priley40@hp.com', 158, '1969-12-23'),
(146, 'Elizabeth', 'Carroll', 45, 'ecarroll41@4shared.com', 343, '1976-10-27'),
(147, 'Fred', 'Wheeler', 16, 'fwheeler42@godaddy.com', 349, '1956-11-27'),
(148, 'Joan', 'Carter', 60, 'jcarter43@rediff.com', 316, '1964-02-23'),
(149, 'Aaron', 'White', 9, 'awhite44@disqus.com', 500, '1981-12-21'),
(150, 'Frances', 'Williamson', 55, 'fwilliamson45@netscape.com', 120, '1971-07-21'),
(151, 'Fred', 'Kelly', 39, 'fkelly46@cargocollective.com', 288, '1968-07-28'),
(152, 'Tina', 'Mcdonald', 28, 'tmcdonald47@omniture.com', 163, '1953-05-20'),
(153, 'Harry', 'Montgomery', 95, 'hmontgomery48@lulu.com', 373, '1983-05-31'),
(154, 'Kevin', 'Baker', 13, 'kbaker49@goodreads.com', 146, '1993-06-19'),
(155, 'Andrea', 'Williamson', 11, 'awilliamson4a@prlog.org', 78, '1979-06-09'),
(156, 'Terry', 'Sanders', 10, 'tsanders4b@techcrunch.com', 40, '2005-10-08'),
(157, 'Phillip', 'Wagner', 67, 'pwagner4c@vk.com', 293, '1963-07-09'),
(158, 'Lillian', 'Diaz', 4, 'ldiaz4d@rakuten.co.jp', 418, '1975-01-06'),
(159, 'Deborah', 'George', 2, 'dgeorge4e@histats.com', 491, '1957-08-23'),
(160, 'Wayne', 'Henderson', 44, 'whenderson4f@economist.com', 427, '2006-01-24'),
(161, 'Nancy', 'Hayes', 39, 'nhayes4g@usnews.com', 6, '2007-11-14'),
(162, 'Anna', 'Hunt', 79, 'ahunt4h@goo.ne.jp', 98, '1981-12-25'),
(163, 'Eric', 'Rose', 55, 'erose4i@jalbum.net', 64, '1999-02-28'),
(164, 'Debra', 'Palmer', 47, 'dpalmer4j@comsenz.com', 50, '1963-09-15'),
(165, 'Anna', 'Adams', 64, 'aadams4k@blog.com', 265, '2006-09-30'),
(166, 'Dennis', 'Williams', 50, 'dwilliams4l@eventbrite.com', 278, '2011-07-09'),
(167, 'Helen', 'Foster', 56, 'hfoster4m@cocolog-nifty.com', 158, '1971-08-25'),
(168, 'Marilyn', 'Murray', 79, 'mmurray4n@vkontakte.ru', 218, '2000-08-02'),
(169, 'Charles', 'Tucker', 1, 'ctucker4o@mapquest.com', 415, '2005-07-21'),
(170, 'Terry', 'Stewart', 28, 'tstewart4p@gizmodo.com', 190, '1963-11-02'),
(171, 'Marie', 'Robinson', 4, 'mrobinson4q@guardian.co.uk', 438, '1955-08-25'),
(172, 'Brenda', 'Cox', 2, 'bcox4r@diigo.com', 17, '1988-08-01'),
(173, 'Wayne', 'Alexander', 13, 'walexander4s@house.gov', 198, '2008-09-27'),
(174, 'Louis', 'Grant', 14, 'lgrant4t@amazonaws.com', 236, '1955-09-28'),
(175, 'Phillip', 'Oliver', 50, 'poliver4u@walmart.com', 294, '1996-06-23'),
(176, 'Brandon', 'Stone', 61, 'bstone4v@forbes.com', 64, '1954-02-26'),
(177, 'Lois', 'Hayes', 56, 'lhayes4w@xing.com', 294, '1966-10-02'),
(178, 'Brian', 'Watson', 80, 'bwatson4x@bloglovin.com', 192, '1985-04-20'),
(179, 'Debra', 'Foster', 80, 'dfoster4y@51.la', 418, '1977-05-04'),
(180, 'Amy', 'Mitchell', 45, 'amitchell4z@com.com', 261, '1998-03-26'),
(181, 'Catherine', 'Ross', 64, 'cross50@live.com', 336, '1973-03-17'),
(182, 'Phillip', 'Green', 13, 'pgreen51@java.com', 96, '1972-10-30'),
(183, 'Elizabeth', 'Wells', 27, 'ewells52@bloglovin.com', 257, '1982-02-13'),
(184, 'Walter', 'Reynolds', 79, 'wreynolds53@marriott.com', 405, '1991-09-09'),
(185, 'Clarence', 'Richards', 49, 'crichards54@tinyurl.com', 374, '1961-08-25'),
(186, 'Shawn', 'Lawson', 66, 'slawson55@tuttocitta.it', 38, '1983-05-24'),
(187, 'Martha', 'Boyd', 31, 'mboyd56@opera.com', 59, '1957-05-21'),
(188, 'Harold', 'Morrison', 66, 'hmorrison57@sfgate.com', 398, '1977-05-23'),
(189, 'Marilyn', 'Richardson', 52, 'mrichardson58@icio.us', 310, '1968-06-29'),
(190, 'Virginia', 'Harper', 77, 'vharper59@example.com', 482, '1957-07-01'),
(191, 'Dorothy', 'Smith', 64, 'dsmith5a@weibo.com', 110, '1950-09-04'),
(192, 'Antonio', 'Little', 63, 'alittle5b@istockphoto.com', 390, '1980-05-28'),
(193, 'Barbara', 'Bailey', 25, 'bbailey5c@sciencedirect.com', 336, '2006-10-28'),
(194, 'Sandra', 'Garza', 50, 'sgarza5d@ucoz.com', 25, '2001-07-11'),
(195, 'Howard', 'Walker', 27, 'hwalker5e@telegraph.co.uk', 134, '1998-05-19'),
(196, 'Brenda', 'Henry', 10, 'bhenry5f@aboutads.info', 93, '1998-01-23'),
(197, 'Emily', 'Romero', 55, 'eromero5g@admin.ch', 256, '1962-11-06'),
(198, 'Cynthia', 'Nelson', 73, 'cnelson5h@uol.com.br', 480, '1989-07-05'),
(199, 'Margaret', 'Lane', 77, 'mlane5i@google.co.jp', 422, '1968-10-27'),
(200, 'Gary', 'Little', 82, 'glittle5j@purevolume.com', 360, '1959-12-17'),
(201, 'Jeremy', 'Rodriguez', 27, 'jrodriguez5k@hhs.gov', 222, '1969-07-02'),
(202, 'Eugene', 'Harvey', 87, 'eharvey5l@yahoo.com', 351, '1966-09-25'),
(203, 'Tina', 'Lynch', 43, 'tlynch5m@over-blog.com', 282, '1962-02-09'),
(204, 'Lois', 'Miller', 74, 'lmiller5n@1und1.de', 74, '1963-10-01'),
(205, 'Steve', 'Ford', 45, 'sford5o@a8.net', 411, '1994-02-20'),
(206, 'Matthew', 'Campbell', 16, 'mcampbell5p@salon.com', 309, '1998-12-09'),
(207, 'Ralph', 'Owens', 22, 'rowens5q@shutterfly.com', 95, '1988-07-06'),
(208, 'Christina', 'Green', 28, 'cgreen5r@icio.us', 102, '1962-10-24'),
(209, 'Craig', 'Sanchez', 24, 'csanchez5s@ucoz.com', 358, '1968-11-04'),
(210, 'Nicholas', 'Gutierrez', 77, 'ngutierrez5t@weather.com', 443, '1968-04-12'),
(211, 'Jeffrey', 'Fields', 96, 'jfields5u@geocities.jp', 422, '1994-05-06'),
(212, 'Eugene', 'Collins', 84, 'ecollins5v@php.net', 417, '1975-04-26'),
(213, 'Susan', 'Chapman', 7, 'schapman5w@sciencedaily.com', 498, '1961-03-26'),
(214, 'Johnny', 'Bradley', 26, 'jbradley5x@washingtonpost.com', 418, '1973-01-12'),
(215, 'Stephen', 'Fisher', 86, 'sfisher5y@freewebs.com', 369, '1973-04-15'),
(216, 'Dennis', 'Oliver', 5, 'doliver5z@about.me', 55, '1978-09-08'),
(217, 'Carl', 'Payne', 18, 'cpayne60@seattletimes.com', 188, '1964-03-04'),
(218, 'Lori', 'Scott', 53, 'lscott61@dropbox.com', 101, '1979-01-31'),
(219, 'Lillian', 'Ford', 25, 'lford62@tumblr.com', 204, '1976-06-30'),
(220, 'Jacqueline', 'Perry', 93, 'jperry63@yolasite.com', 212, '1988-03-17'),
(221, 'Katherine', 'Parker', 84, 'kparker64@about.com', 40, '1984-03-18'),
(222, 'Billy', 'Butler', 51, 'bbutler65@seesaa.net', 128, '1962-12-10'),
(223, 'Christopher', 'Woods', 56, 'cwoods66@hibu.com', 271, '1976-01-27'),
(224, 'Denise', 'Richards', 22, 'drichards67@discovery.com', 375, '1987-03-30'),
(225, 'Philip', 'Campbell', 96, 'pcampbell68@apache.org', 149, '1968-02-04'),
(226, 'Jonathan', 'Green', 8, 'jgreen69@noaa.gov', 447, '1999-04-23'),
(227, 'Daniel', 'Gilbert', 77, 'dgilbert6a@wikipedia.org', 47, '1996-08-29'),
(228, 'Terry', 'Bryant', 71, 'tbryant6b@people.com.cn', 299, '1966-09-06'),
(229, 'Clarence', 'Barnes', 98, 'cbarnes6c@ucsd.edu', 465, '1969-02-18'),
(230, 'Susan', 'Knight', 43, 'sknight6d@tumblr.com', 162, '1988-05-07'),
(231, 'Tammy', 'Brooks', 95, 'tbrooks6e@digg.com', 278, '1980-01-31'),
(232, 'Martin', 'Gonzalez', 30, 'mgonzalez6f@nydailynews.com', 437, '1968-12-09'),
(233, 'Barbara', 'Hart', 72, 'bhart6g@storify.com', 374, '1977-04-15'),
(234, 'Wayne', 'Phillips', 92, 'wphillips6h@behance.net', 440, '1969-03-31'),
(235, 'William', 'Wells', 11, 'wwells6i@nbcnews.com', 175, '1962-05-15'),
(236, 'Evelyn', 'Williamson', 40, 'ewilliamson6j@va.gov', 176, '1981-07-06'),
(237, 'Jane', 'Morales', 7, 'jmorales6k@cnet.com', 6, '1997-01-04'),
(238, 'Dennis', 'Barnes', 16, 'dbarnes6l@smugmug.com', 209, '1962-05-12'),
(239, 'Todd', 'Moreno', 56, 'tmoreno6m@furl.net', 239, '1961-08-28'),
(240, 'Lawrence', 'Fisher', 41, 'lfisher6n@bbc.co.uk', 169, '1990-04-24'),
(241, 'Sharon', 'Chapman', 43, 'schapman6o@hatena.ne.jp', 19, '1996-12-30'),
(242, 'Robin', 'Bryant', 7, 'rbryant6p@yolasite.com', 383, '1973-06-18'),
(243, 'Steve', 'Freeman', 13, 'sfreeman6q@rambler.ru', 473, '1997-04-26'),
(244, 'Susan', 'Bell', 76, 'sbell6r@technorati.com', 343, '1963-11-04'),
(245, 'Janice', 'Hart', 93, 'jhart6s@sourceforge.net', 473, '1963-05-30'),
(246, 'Rebecca', 'Brown', 43, 'rbrown6t@gnu.org', 213, '1983-09-04'),
(247, 'Martin', 'Fisher', 96, 'mfisher6u@statcounter.com', 234, '1961-10-30'),
(248, 'Ralph', 'Collins', 6, 'rcollins6v@spiegel.de', 241, '1992-09-11'),
(249, 'Christine', 'Harper', 6, 'charper6w@sciencedaily.com', 198, '1961-05-24'),
(250, 'Andrew', 'Carpenter', 79, 'acarpenter6x@hibu.com', 377, '1985-02-22'),
(251, 'Gerald', 'Ellis', 54, 'gellis6y@elegantthemes.com', 307, '1966-11-07'),
(252, 'Jerry', 'Montgomery', 18, 'jmontgomery6z@foxnews.com', 169, '1982-05-25'),
(253, 'Margaret', 'Russell', 24, 'mrussell70@wordpress.org', 137, '1965-03-05'),
(254, 'Samuel', 'Porter', 88, 'sporter71@paypal.com', 207, '1967-10-29'),
(255, 'Jessica', 'Perez', 11, 'jperez72@unblog.fr', 230, '1983-10-08'),
(256, 'Catherine', 'Hamilton', 62, 'chamilton73@elegantthemes.com', 191, '1978-12-04'),
(257, 'Jonathan', 'Kelly', 4, 'jkelly74@wired.com', 261, '1995-06-25'),
(258, 'Ruby', 'Sullivan', 81, 'rsullivan75@youku.com', 430, '1981-02-01'),
(259, 'Carolyn', 'Moreno', 54, 'cmoreno76@privacy.gov.au', 49, '1986-09-18'),
(260, 'Jack', 'Snyder', 11, 'jsnyder77@goo.gl', 10, '1972-02-01'),
(261, 'Sara', 'Kim', 58, 'skim78@jigsy.com', 267, '1984-04-20'),
(262, 'Rebecca', 'White', 18, 'rwhite79@pinterest.com', 121, '1995-07-24'),
(263, 'Melissa', 'White', 9, 'mwhite7a@cdc.gov', 47, '1976-01-09'),
(264, 'Sean', 'Murphy', 3, 'smurphy7b@yandex.ru', 273, '1965-07-11'),
(265, 'Melissa', 'Moreno', 64, 'mmoreno7c@whitehouse.gov', 32, '1979-01-23'),
(266, 'Diana', 'Riley', 57, 'driley7d@cdc.gov', 71, '1991-05-17'),
(267, 'William', 'Hernandez', 76, 'whernandez7e@woothemes.com', 309, '1964-02-26'),
(268, 'Cheryl', 'Moreno', 77, 'cmoreno7f@jalbum.net', 357, '1969-04-10'),
(269, 'Brandon', 'Wallace', 76, 'bwallace7g@yahoo.co.jp', 344, '1980-06-03'),
(270, 'Elizabeth', 'Reynolds', 99, 'ereynolds7h@walmart.com', 43, '1973-01-21'),
(271, 'Heather', 'Stephens', 7, 'hstephens7i@amazonaws.com', 349, '1964-11-22'),
(272, 'Todd', 'Chapman', 26, 'tchapman7j@dyndns.org', 357, '1979-05-20'),
(273, 'Aaron', 'Rivera', 17, 'arivera7k@noaa.gov', 429, '1963-07-11'),
(274, 'Sarah', 'Stevens', 6, 'sstevens7l@paginegialle.it', 471, '1989-05-26'),
(275, 'Brenda', 'Larson', 26, 'blarson7m@fotki.com', 378, '1981-05-25'),
(276, 'Terry', 'Jones', 37, 'tjones7n@imdb.com', 2, '1991-02-24'),
(277, 'Harry', 'Butler', 7, 'hbutler7o@webs.com', 312, '1990-02-03'),
(278, 'Lillian', 'Gibson', 98, 'lgibson7p@gnu.org', 355, '1997-02-16'),
(279, 'Clarence', 'Dixon', 30, 'cdixon7q@nba.com', 345, '1975-06-01'),
(280, 'Michelle', 'Nichols', 80, 'mnichols7r@baidu.com', 145, '1966-01-03'),
(281, 'Willie', 'Snyder', 50, 'wsnyder7s@yandex.ru', 26, '1987-05-17'),
(282, 'Fred', 'Porter', 9, 'fporter7t@cmu.edu', 355, '1963-01-23'),
(283, 'Timothy', 'Wilson', 18, 'twilson7u@acquirethisname.com', 328, '1984-06-02'),
(284, 'Virginia', 'King', 38, 'vking7v@bigcartel.com', 210, '1971-06-05'),
(285, 'Barbara', 'Robertson', 26, 'brobertson7w@bloomberg.com', 194, '1968-03-29'),
(286, 'Larry', 'White', 60, 'lwhite7x@blog.com', 184, '1994-04-23'),
(287, 'Ruth', 'Gray', 27, 'rgray7y@geocities.jp', 417, '1961-09-02'),
(288, 'Debra', 'Mitchell', 41, 'dmitchell7z@e-recht24.de', 96, '1989-03-18'),
(289, 'Robert', 'Allen', 44, 'rallen80@google.ca', 18, '1964-08-15'),
(290, 'Ryan', 'Hayes', 80, 'rhayes81@creativecommons.org', 123, '1982-10-14'),
(291, 'Jason', 'Lynch', 54, 'jlynch82@zimbio.com', 72, '1980-12-10'),
(292, 'Julia', 'Adams', 21, 'jadams83@ifeng.com', 57, '1989-05-27'),
(293, 'Gerald', 'Gomez', 17, 'ggomez84@latimes.com', 368, '2000-05-10'),
(294, 'Rose', 'Rice', 85, 'rrice85@issuu.com', 345, '1983-10-24'),
(295, 'Elizabeth', 'Willis', 7, 'ewillis86@squarespace.com', 125, '1994-10-28'),
(296, 'Randy', 'Patterson', 3, 'rpatterson87@merriam-webster.com', 478, '1976-04-02'),
(297, 'Jeffrey', 'Myers', 74, 'jmyers88@latimes.com', 285, '1965-05-02'),
(298, 'Jeremy', 'Rivera', 86, 'jrivera89@theglobeandmail.com', 202, '1988-09-08'),
(299, 'Ronald', 'Marshall', 76, 'rmarshall8a@i2i.jp', 135, '1987-04-30'),
(300, 'Joshua', 'Martinez', 70, 'jmartinez8b@ftc.gov', 33, '1971-04-25'),
(301, 'Harold', 'Bell', 14, 'hbell8c@wikispaces.com', 67, '1980-11-01'),
(302, 'Joan', 'Hicks', 17, 'jhicks8d@symantec.com', 244, '1962-10-17'),
(303, 'Marie', 'Patterson', 13, 'mpatterson8e@csmonitor.com', 445, '2000-05-23'),
(304, 'Angela', 'Frazier', 35, 'afrazier8f@google.cn', 20, '1984-05-21'),
(305, 'Martha', 'Harris', 28, 'mharris8g@scientificamerican.com', 391, '1969-06-08'),
(306, 'Theresa', 'Nelson', 52, 'tnelson8h@guardian.co.uk', 220, '2000-10-27'),
(307, 'Samuel', 'Stephens', 4, 'sstephens8i@npr.org', 270, '1971-01-13'),
(308, 'Brenda', 'Peterson', 87, 'bpeterson8j@icio.us', 205, '1998-08-11'),
(309, 'Jeffrey', 'Mendoza', 12, 'jmendoza8k@nydailynews.com', 248, '1973-08-18'),
(310, 'Walter', 'Henry', 15, 'whenry8l@twitter.com', 238, '1979-02-13'),
(311, 'Ernest', 'Scott', 5, 'escott8m@spiegel.de', 423, '1967-10-15'),
(312, 'Christine', 'Holmes', 30, 'cholmes8n@businessweek.com', 249, '1970-07-16'),
(313, 'Bruce', 'Moore', 19, 'bmoore8o@altervista.org', 88, '1980-06-07'),
(314, 'Maria', 'Black', 25, 'mblack8p@elpais.com', 155, '1976-11-01'),
(315, 'Adam', 'Weaver', 31, 'aweaver8q@networksolutions.com', 27, '1998-07-02'),
(316, 'Johnny', 'Ruiz', 84, 'jruiz8r@taobao.com', 371, '1977-09-07'),
(317, 'Anna', 'Edwards', 53, 'aedwards8s@apple.com', 20, '1983-02-14'),
(318, 'Lori', 'Davis', 74, 'ldavis8t@elpais.com', 261, '1990-07-24'),
(319, 'Ernest', 'Kennedy', 7, 'ekennedy8u@desdev.cn', 481, '1978-08-06'),
(320, 'Judith', 'Boyd', 86, 'jboyd8v@newyorker.com', 228, '1973-05-15'),
(321, 'Mark', 'Fuller', 88, 'mfuller8w@ftc.gov', 316, '1963-12-27'),
(322, 'Christine', 'Reed', 37, 'creed8x@exblog.jp', 261, '1974-08-23'),
(323, 'Keith', 'Wood', 32, 'kwood8y@dropbox.com', 91, '1969-02-05'),
(324, 'Ryan', 'Ferguson', 33, 'rferguson8z@shutterfly.com', 71, '1982-10-11'),
(325, 'Jerry', 'Riley', 98, 'jriley90@ucsd.edu', 12, '1995-04-20'),
(326, 'Edward', 'Parker', 23, 'eparker91@home.pl', 398, '1980-02-03'),
(327, 'Margaret', 'Gilbert', 29, 'mgilbert92@weibo.com', 43, '1994-03-30'),
(328, 'Anna', 'Alvarez', 50, 'aalvarez93@e-recht24.de', 16, '1971-11-11'),
(329, 'Jennifer', 'Hughes', 37, 'jhughes94@smugmug.com', 25, '1985-07-03'),
(330, 'Joan', 'Spencer', 53, 'jspencer95@home.pl', 25, '1982-12-09'),
(331, 'Laura', 'Shaw', 90, 'lshaw96@google.com.au', 71, '1964-11-09'),
(332, 'Rachel', 'Crawford', 59, 'rcrawford97@nydailynews.com', 118, '1985-08-30'),
(333, 'Donna', 'White', 24, 'dwhite98@umich.edu', 101, '1964-10-14'),
(334, 'Louis', 'Fuller', 51, 'lfuller99@arizona.edu', 451, '1980-12-24'),
(335, 'William', 'Ford', 3, 'wford9a@vistaprint.com', 489, '1986-11-23'),
(336, 'Victor', 'Fields', 14, 'vfields9b@google.ru', 305, '1971-12-31'),
(337, 'Anthony', 'Carroll', 32, 'acarroll9c@examiner.com', 476, '1969-07-17'),
(338, 'Dennis', 'Moore', 71, 'dmoore9d@go.com', 444, '1973-03-21'),
(339, 'Mary', 'Murray', 26, 'mmurray9e@blinklist.com', 102, '1986-04-12'),
(340, 'Louis', 'Wright', 14, 'lwright9f@last.fm', 468, '1963-09-16'),
(341, 'John', 'Dunn', 58, 'jdunn9g@nydailynews.com', 479, '1973-08-19'),
(342, 'Antonio', 'Cole', 8, 'acole9h@meetup.com', 284, '1967-02-08'),
(343, 'Theresa', 'Lynch', 96, 'tlynch9i@cyberchimps.com', 160, '1999-12-13'),
(344, 'Theresa', 'Garcia', 90, 'tgarcia9j@slashdot.org', 94, '1968-10-03'),
(345, 'Mary', 'Baker', 18, 'mbaker9k@newyorker.com', 143, '1994-06-19'),
(346, 'Judy', 'Hamilton', 92, 'jhamilton9l@paginegialle.it', 140, '1964-11-12'),
(347, 'Billy', 'Alexander', 90, 'balexander9m@acquirethisname.com', 163, '1984-06-24'),
(348, 'Judith', 'Kim', 90, 'jkim9n@about.com', 398, '1981-05-15'),
(349, 'Jeffrey', 'Rice', 48, 'jrice9o@ox.ac.uk', 473, '1983-12-15'),
(350, 'Theresa', 'Phillips', 62, 'tphillips9p@twitter.com', 295, '1978-05-15'),
(351, 'Ralph', 'Sanchez', 89, 'rsanchez9q@spotify.com', 301, '1990-07-04'),
(352, 'Kathryn', 'Matthews', 21, 'kmatthews9r@arstechnica.com', 205, '1975-03-23'),
(353, 'Beverly', 'Smith', 13, 'bsmith9s@bloglines.com', 384, '1997-09-16'),
(354, 'Jeffrey', 'Mitchell', 48, 'jmitchell9t@economist.com', 66, '1993-07-08'),
(355, 'Joan', 'Harris', 75, 'jharris9u@weebly.com', 13, '1960-12-31'),
(356, 'Mark', 'Johnston', 75, 'mjohnston9v@apple.com', 336, '1961-01-06'),
(357, 'Randy', 'Reyes', 5, 'rreyes9w@apache.org', 185, '1962-05-13'),
(358, 'Christopher', 'Perry', 36, 'cperry9x@4shared.com', 430, '1977-12-02'),
(359, 'Christina', 'Morrison', 32, 'cmorrison9y@dell.com', 389, '1977-12-10'),
(360, 'Amanda', 'Shaw', 96, 'ashaw9z@nyu.edu', 477, '1987-11-30'),
(361, 'Chris', 'Fernandez', 87, 'cfernandeza0@ebay.co.uk', 9, '1962-08-23'),
(362, 'Amy', 'Owens', 31, 'aowensa1@lycos.com', 308, '1986-10-30'),
(363, 'Emily', 'Mendoza', 76, 'emendozaa2@independent.co.uk', 401, '1973-02-27'),
(364, 'Peter', 'Hernandez', 96, 'phernandeza3@mashable.com', 368, '1979-06-02'),
(365, 'Teresa', 'Fuller', 45, 'tfullera4@cpanel.net', 13, '1995-01-27'),
(366, 'Marie', 'Hill', 18, 'mhilla5@facebook.com', 45, '1972-02-10'),
(367, 'William', 'Roberts', 54, 'wrobertsa6@wikia.com', 408, '1977-09-08'),
(368, 'Beverly', 'Alexander', 75, 'balexandera7@freewebs.com', 347, '1977-12-13'),
(369, 'Patrick', 'Bradley', 23, 'pbradleya8@washington.edu', 415, '1972-11-20'),
(370, 'Rose', 'Rodriguez', 15, 'rrodrigueza9@typepad.com', 107, '1976-05-02'),
(371, 'Sarah', 'Nguyen', 21, 'snguyenaa@yahoo.com', 319, '1982-12-01'),
(372, 'Charles', 'Adams', 42, 'cadamsab@yellowpages.com', 166, '1970-09-08'),
(373, 'Karen', 'Mills', 98, 'kmillsac@nationalgeographic.com', 326, '1969-06-01'),
(374, 'Carolyn', 'Hamilton', 23, 'chamiltonad@wiley.com', 349, '1978-11-19'),
(375, 'Jack', 'Taylor', 64, 'jtaylorae@nba.com', 151, '1994-08-29'),
(376, 'Janice', 'Collins', 95, 'jcollinsaf@multiply.com', 438, '1965-01-08'),
(377, 'Bonnie', 'Harper', 73, 'bharperag@multiply.com', 42, '1999-01-15'),
(378, 'Jacqueline', 'Hunter', 9, 'jhunterah@hp.com', 397, '1984-09-30'),
(379, 'Angela', 'Lewis', 14, 'alewisai@opera.com', 395, '1998-05-11'),
(380, 'Patricia', 'Phillips', 97, 'pphillipsaj@hexun.com', 134, '1992-08-29'),
(381, 'Janice', 'Brooks', 39, 'jbrooksak@comcast.net', 280, '1999-04-16'),
(382, 'Philip', 'Robertson', 89, 'probertsonal@123-reg.co.uk', 268, '1980-06-14'),
(383, 'Philip', 'Spencer', 34, 'pspenceram@squarespace.com', 317, '1973-11-12'),
(384, 'Judy', 'Torres', 99, 'jtorresan@topsy.com', 268, '1969-08-20'),
(385, 'Roger', 'Gardner', 56, 'rgardnerao@drupal.org', 13, '1970-07-15'),
(386, 'Jack', 'Campbell', 33, 'jcampbellap@twitter.com', 27, '1978-06-13'),
(387, 'Jane', 'Hernandez', 32, 'jhernandezaq@bravesites.com', 116, '1976-09-18'),
(388, 'Roy', 'Robinson', 22, 'rrobinsonar@so-net.ne.jp', 113, '1982-12-10'),
(389, 'Philip', 'Carter', 77, 'pcarteras@hp.com', 234, '1973-12-19'),
(390, 'Judith', 'Oliver', 43, 'joliverat@homestead.com', 376, '1972-04-07'),
(391, 'Paula', 'Nichols', 16, 'pnicholsau@columbia.edu', 292, '1992-12-07'),
(392, 'Deborah', 'Henry', 14, 'dhenryav@ebay.com', 369, '1983-12-31'),
(393, 'Irene', 'Carpenter', 3, 'icarpenteraw@google.co.uk', 204, '1990-08-10'),
(394, 'Nicole', 'Ray', 61, 'nrayax@paypal.com', 4, '1973-08-28'),
(395, 'Gregory', 'Ross', 31, 'grossay@mozilla.org', 302, '1975-09-27'),
(396, 'Christopher', 'Frazier', 71, 'cfrazieraz@answers.com', 47, '1968-11-22'),
(397, 'Catherine', 'Myers', 80, 'cmyersb0@hexun.com', 273, '1974-10-22'),
(398, 'Paul', 'Hernandez', 25, 'phernandezb1@ca.gov', 176, '1972-12-09'),
(399, 'Larry', 'Price', 9, 'lpriceb2@wikia.com', 97, '1966-12-10'),
(400, 'Julia', 'Hansen', 2, 'jhansenb3@si.edu', 96, '1980-08-18'),
(401, 'Rose', 'Hunt', 39, 'rhuntb4@illinois.edu', 51, '1974-01-22'),
(402, 'Nicholas', 'Evans', 76, 'nevansb5@amazon.co.uk', 435, '1998-05-11'),
(403, 'Rose', 'Campbell', 94, 'rcampbellb6@example.com', 170, '1964-07-10'),
(404, 'Richard', 'Sanchez', 32, 'rsanchezb7@blogspot.com', 281, '1965-05-23'),
(405, 'Todd', 'Tucker', 95, 'ttuckerb8@live.com', 92, '1982-11-27'),
(406, 'Kathy', 'Crawford', 15, 'kcrawfordb9@symantec.com', 86, '1974-01-04'),
(407, 'Fred', 'Nichols', 76, 'fnicholsba@macromedia.com', 392, '1999-07-05'),
(408, 'Wanda', 'Sanders', 37, 'wsandersbb@ebay.co.uk', 350, '1991-04-07'),
(409, 'Thomas', 'Lopez', 48, 'tlopezbc@phoca.cz', 255, '1985-10-28'),
(410, 'Donna', 'Frazier', 39, 'dfrazierbd@pcworld.com', 51, '1961-11-30'),
(411, 'Stephanie', 'Jenkins', 38, 'sjenkinsbe@is.gd', 356, '1990-07-12'),
(412, 'Susan', 'Wallace', 10, 'swallacebf@blogger.com', 407, '1994-10-15'),
(413, 'Amanda', 'Cook', 17, 'acookbg@exblog.jp', 111, '1996-12-16'),
(414, 'Patrick', 'Spencer', 83, 'pspencerbh@wired.com', 481, '1999-01-21'),
(415, 'Louis', 'Garrett', 85, 'lgarrettbi@ucla.edu', 129, '1990-05-19'),
(416, 'Heather', 'Lawson', 19, 'hlawsonbj@artisteer.com', 121, '1988-02-25'),
(417, 'Juan', 'Stevens', 34, 'jstevensbk@howstuffworks.com', 230, '1963-02-12'),
(418, 'Pamela', 'Thomas', 87, 'pthomasbl@canalblog.com', 184, '1983-03-16'),
(419, 'Aaron', 'Fox', 72, 'afoxbm@github.io', 379, '1982-04-09'),
(420, 'Harry', 'Schmidt', 22, 'hschmidtbn@disqus.com', 323, '1999-03-05'),
(421, 'Louis', 'Evans', 3, 'levansbo@vistaprint.com', 464, '1975-09-08'),
(422, 'Alan', 'Webb', 76, 'awebbbp@addthis.com', 394, '1994-11-22'),
(423, 'Ruth', 'Payne', 39, 'rpaynebq@slashdot.org', 411, '1967-04-19'),
(424, 'Joan', 'Vasquez', 86, 'jvasquezbr@xing.com', 404, '1967-03-27'),
(425, 'Tammy', 'Riley', 64, 'trileybs@eepurl.com', 34, '1976-10-02'),
(426, 'Douglas', 'Franklin', 77, 'dfranklinbt@sun.com', 169, '1979-06-18'),
(427, 'Jean', 'Kennedy', 94, 'jkennedybu@usa.gov', 39, '1976-09-17'),
(428, 'Louis', 'Hanson', 45, 'lhansonbv@weibo.com', 367, '1988-04-26'),
(429, 'Beverly', 'Edwards', 76, 'bedwardsbw@economist.com', 15, '1973-08-08'),
(430, 'Irene', 'Miller', 93, 'imillerbx@rambler.ru', 100, '1982-12-19'),
(431, 'Anthony', 'Fernandez', 98, 'afernandezby@over-blog.com', 285, '1966-06-28'),
(432, 'Sara', 'Bennett', 50, 'sbennettbz@theguardian.com', 286, '1967-09-18'),
(433, 'Rose', 'Hernandez', 50, 'rhernandezc0@angelfire.com', 202, '1965-05-19'),
(434, 'Adam', 'Lawrence', 29, 'alawrencec1@epa.gov', 449, '1997-03-06'),
(435, 'Walter', 'Medina', 30, 'wmedinac2@wiley.com', 380, '1991-08-20'),
(436, 'Carl', 'Collins', 16, 'ccollinsc3@angelfire.com', 162, '1964-06-20'),
(437, 'Helen', 'Fields', 20, 'hfieldsc4@hatena.ne.jp', 182, '1975-06-04'),
(438, 'Patrick', 'Lynch', 10, 'plynchc5@psu.edu', 22, '1999-07-14'),
(439, 'Sharon', 'Dixon', 45, 'sdixonc6@wisc.edu', 298, '1977-02-13'),
(440, 'Sean', 'Simmons', 97, 'ssimmonsc7@skype.com', 411, '1977-04-11'),
(441, 'Kimberly', 'Simmons', 50, 'ksimmonsc8@cafepress.com', 339, '1975-06-23'),
(442, 'Joyce', 'Payne', 57, 'jpaynec9@theguardian.com', 10, '1971-03-15'),
(443, 'Peter', 'Nguyen', 15, 'pnguyenca@cisco.com', 196, '1975-04-09'),
(444, 'Betty', 'Ray', 85, 'braycb@jigsy.com', 114, '1965-12-18'),
(445, 'Jeffrey', 'Kim', 29, 'jkimcc@prnewswire.com', 185, '1963-12-01'),
(446, 'Martin', 'Rodriguez', 86, 'mrodriguezcd@homestead.com', 441, '1976-06-29'),
(447, 'Patricia', 'Griffin', 33, 'pgriffince@timesonline.co.uk', 473, '1976-07-06'),
(448, 'Harold', 'Alexander', 26, 'halexandercf@sohu.com', 386, '1984-03-31'),
(449, 'Michelle', 'Reyes', 71, 'mreyescg@sohu.com', 264, '2000-05-31'),
(450, 'Donald', 'West', 34, 'dwestch@google.fr', 58, '1962-08-23'),
(451, 'Benjamin', 'Clark', 45, 'bclarkci@opera.com', 133, '1994-06-08'),
(452, 'Jerry', 'Morales', 34, 'jmoralescj@booking.com', 174, '1986-09-18'),
(453, 'Albert', 'Garza', 27, 'agarzack@hubpages.com', 269, '2000-09-21'),
(454, 'Anthony', 'Ortiz', 54, 'aortizcl@exblog.jp', 338, '1975-01-26'),
(455, 'Christine', 'Reed', 97, 'creedcm@indiatimes.com', 180, '1972-04-12'),
(456, 'Ruth', 'Snyder', 100, 'rsnydercn@thetimes.co.uk', 161, '1999-07-08'),
(457, 'Julia', 'Garcia', 48, 'jgarciaco@themeforest.net', 57, '1977-09-25'),
(458, 'Willie', 'Martinez', 7, 'wmartinezcp@dion.ne.jp', 17, '1987-02-20'),
(459, 'Susan', 'Ferguson', 72, 'sfergusoncq@timesonline.co.uk', 107, '1981-06-27'),
(460, 'John', 'Larson', 85, 'jlarsoncr@ft.com', 483, '1967-05-22'),
(461, 'Willie', 'Green', 85, 'wgreencs@yolasite.com', 219, '1961-01-24'),
(462, 'Alice', 'Nguyen', 22, 'anguyenct@ezinearticles.com', 461, '2000-07-03'),
(463, 'Andrew', 'Coleman', 96, 'acolemancu@jalbum.net', 271, '1990-08-07'),
(464, 'Brenda', 'Reed', 58, 'breedcv@google.co.jp', 132, '1989-02-20'),
(465, 'Denise', 'Duncan', 80, 'dduncancw@rambler.ru', 399, '1964-02-05'),
(466, 'Melissa', 'Harris', 92, 'mharriscx@auda.org.au', 184, '1964-06-01'),
(467, 'Jason', 'Freeman', 1, 'jfreemancy@github.com', 306, '1964-02-13'),
(468, 'Gloria', 'Rice', 3, 'gricecz@posterous.com', 141, '1999-06-01'),
(469, 'Paula', 'Fowler', 82, 'pfowlerd0@washington.edu', 9, '1961-11-27'),
(470, 'Christopher', 'Myers', 44, 'cmyersd1@google.com.hk', 299, '1985-08-08'),
(471, 'Johnny', 'Sanchez', 81, 'jsanchezd2@edublogs.org', 128, '1987-11-14'),
(472, 'Johnny', 'Fowler', 57, 'jfowlerd3@unblog.fr', 189, '1975-12-27'),
(473, 'Karen', 'Rice', 47, 'kriced4@slideshare.net', 430, '1976-07-19'),
(474, 'Margaret', 'Owens', 51, 'mowensd5@reuters.com', 175, '1989-05-23'),
(475, 'Laura', 'Scott', 92, 'lscottd6@netlog.com', 15, '1989-08-17'),
(476, 'Diana', 'Baker', 1, 'dbakerd7@marriott.com', 75, '1983-10-08'),
(477, 'Jose', 'Oliver', 57, 'joliverd8@telegraph.co.uk', 491, '1968-02-28'),
(478, 'Evelyn', 'Ross', 100, 'erossd9@microsoft.com', 47, '1987-05-07'),
(479, 'Gary', 'Turner', 66, 'gturnerda@ft.com', 72, '1966-01-06'),
(480, 'Deborah', 'Sanders', 51, 'dsandersdb@jigsy.com', 15, '1996-03-17'),
(481, 'Emily', 'Kelley', 91, 'ekelleydc@tmall.com', 314, '1963-10-04'),
(482, 'Henry', 'Moore', 46, 'hmooredd@nbcnews.com', 351, '1972-08-13'),
(483, 'Julia', 'Gutierrez', 66, 'jgutierrezde@fotki.com', 410, '1988-12-11'),
(484, 'Mildred', 'Williamson', 53, 'mwilliamsondf@cloudflare.com', 406, '1976-12-11'),
(485, 'Johnny', 'Carroll', 27, 'jcarrolldg@usatoday.com', 455, '1972-11-07'),
(486, 'Julia', 'Andrews', 51, 'jandrewsdh@sogou.com', 332, '1999-06-28'),
(487, 'Gerald', 'Nichols', 16, 'gnicholsdi@salon.com', 442, '1985-01-24'),
(488, 'Joyce', 'Washington', 67, 'jwashingtondj@hatena.ne.jp', 97, '1985-04-13'),
(489, 'Keith', 'Cook', 79, 'kcookdk@unesco.org', 351, '1967-09-08'),
(490, 'Sharon', 'Cunningham', 84, 'scunninghamdl@bigcartel.com', 369, '1994-12-29'),
(491, 'Jonathan', 'Romero', 19, 'jromerodm@jimdo.com', 369, '2000-09-15'),
(492, 'Robin', 'Franklin', 64, 'rfranklindn@friendfeed.com', 116, '1982-12-21'),
(493, 'Louis', 'Wilson', 87, 'lwilsondo@eepurl.com', 226, '1977-12-29'),
(494, 'Gary', 'Hanson', 99, 'ghansondp@upenn.edu', 135, '1975-10-27'),
(495, 'Jimmy', 'Fisher', 58, 'jfisherdq@diigo.com', 230, '1969-03-20'),
(496, 'Marie', 'Ford', 11, 'mforddr@hc360.com', 200, '1971-06-27'),
(497, 'Kimberly', 'Scott', 84, 'kscottds@weather.com', 215, '1969-03-16'),
(498, 'Wayne', 'Fields', 74, 'wfieldsdt@comsenz.com', 140, '1976-02-25'),
(499, 'Thomas', 'Barnes', 44, 'tbarnesdu@hibu.com', 375, '1997-07-05'),
(500, 'Jesse', 'Davis', 21, 'jdavisdv@google.it', 376, '2000-05-06'),
(501, 'Stephen', 'Chiong', 106, 'stephenchiong@douglas.ca', 503, '2000-11-05'),
(502, 'SDW', 'EDE', 107, 'suwj@gmail.com', 504, '1990-12-01'),
(503, 'SDW', 'EDE', 108, 'suwj@gmail.com', 505, '1990-12-01'),
(504, 'SDW', 'EDE', 109, 'suwj@gmail.com', 506, '1990-12-01'),
(505, 'SDW', 'EDE', 110, 'suwj@gmail.com', 507, '1990-12-01'),
(506, 'SDW', 'EDE', 111, 'suwj@gmail.com', 508, '1990-12-01'),
(507, 'SDW', 'EDE', 112, 'suwj@gmail.com', 509, '1990-12-01');

-- --------------------------------------------------------

--
-- Table structure for table `PHONE`
--

CREATE TABLE IF NOT EXISTS `PHONE` (
  `phone_id` int(11) NOT NULL,
  `phone_number` tinytext NOT NULL,
  PRIMARY KEY (`phone_id`),
  UNIQUE KEY `phone_id_UNIQUE` (`phone_id`)
) ENGINE=InnoDB DEFAULT CHARSET=latin1;

--
-- Dumping data for table `PHONE`
--

INSERT INTO `PHONE` (`phone_id`, `phone_number`) VALUES
(1, '1-(215)308-6832'),
(2, '351-(348)434-1499'),
(3, '62-(843)927-9042'),
(4, '66-(681)366-7995'),
(5, '86-(117)174-3234'),
(6, '387-(231)262-1841'),
(7, '7-(815)481-0453'),
(8, '33-(227)175-9190'),
(9, '234-(901)600-2857'),
(10, '1-(974)418-0419'),
(11, '353-(570)489-4166'),
(12, '994-(523)711-5036'),
(13, '48-(727)687-7733'),
(14, '385-(497)567-4413'),
(15, '48-(763)136-2104'),
(16, '66-(449)749-5974'),
(17, '63-(380)346-4117'),
(18, '62-(823)828-4319'),
(19, '81-(622)188-1570'),
(20, '63-(600)511-5335'),
(21, '86-(934)180-7374'),
(22, '86-(824)860-2603'),
(23, '242-(652)103-6395'),
(24, '55-(781)122-5989'),
(25, '20-(530)183-9553'),
(26, '966-(149)693-2960'),
(27, '972-(765)372-7676'),
(28, '7-(599)785-8083'),
(29, '62-(464)701-6657'),
(30, '380-(816)254-7547'),
(31, '27-(157)524-8039'),
(32, '86-(938)769-0320'),
(33, '62-(494)110-9076'),
(34, '504-(470)556-0762'),
(35, '220-(132)211-6548'),
(36, '351-(253)644-5845'),
(37, '62-(769)717-4735'),
(38, '63-(464)593-3288'),
(39, '7-(517)930-7299'),
(40, '39-(387)861-1489'),
(41, '380-(610)776-5726'),
(42, '54-(896)766-2674'),
(43, '86-(486)709-0908'),
(44, '216-(357)540-2034'),
(45, '55-(889)780-6732'),
(46, '7-(109)353-4900'),
(47, '504-(352)814-0065'),
(48, '62-(561)934-4978'),
(49, '66-(102)911-5248'),
(50, '86-(858)695-6438'),
(51, '63-(403)414-9955'),
(52, '62-(451)555-8805'),
(53, '86-(175)629-7285'),
(54, '1-(122)719-8560'),
(55, '86-(180)939-4240'),
(56, '86-(242)437-1627'),
(57, '62-(217)329-8036'),
(58, '53-(556)871-9704'),
(59, '98-(522)745-7548'),
(60, '234-(172)467-1523'),
(61, '62-(265)414-5061'),
(62, '46-(349)187-3803'),
(63, '48-(269)542-1287'),
(64, '62-(280)228-9887'),
(65, '880-(474)944-8713'),
(66, '359-(622)156-6350'),
(67, '62-(133)777-9586'),
(68, '62-(129)967-2436'),
(69, '509-(539)336-5914'),
(70, '235-(948)711-7505'),
(71, '260-(897)894-0656'),
(72, '505-(410)330-4309'),
(73, '86-(309)873-5173'),
(74, '86-(347)926-5862'),
(75, '33-(201)348-0134'),
(76, '86-(674)516-5559'),
(77, '81-(632)551-4275'),
(78, '216-(948)997-6367'),
(79, '55-(604)238-2459'),
(80, '51-(349)408-3205'),
(81, '7-(493)393-0918'),
(82, '386-(249)285-0019'),
(83, '380-(336)823-3942'),
(84, '234-(266)273-8624'),
(85, '57-(102)457-2941'),
(86, '63-(740)549-3492'),
(87, '31-(758)332-3988'),
(88, '48-(962)237-5559'),
(89, '86-(898)291-4950'),
(90, '63-(927)674-7851'),
(91, '63-(462)663-2980'),
(92, '63-(204)543-4112'),
(93, '62-(207)217-7340'),
(94, '46-(739)945-3995'),
(95, '48-(321)948-6598'),
(96, '86-(285)987-0199'),
(97, '86-(297)995-8665'),
(98, '86-(388)751-8356'),
(99, '1-(736)328-8869'),
(100, '63-(550)104-5275'),
(103, '604-111-1111'),
(104, '3540001'),
(105, '778245956'),
(106, '3540001'),
(107, '86646846486'),
(108, '86646846486'),
(109, '86646846486'),
(110, '86646846486'),
(111, '86646846486'),
(112, '86646846486');

-- --------------------------------------------------------

--
-- Table structure for table `PORTS`
--

CREATE TABLE IF NOT EXISTS `PORTS` (
  `port_id` int(11) NOT NULL,
  `port_name` varchar(45) NOT NULL,
  `city_id` int(11) NOT NULL,
  PRIMARY KEY (`port_id`),
  KEY `port_fk_01_idx` (`city_id`)
) ENGINE=InnoDB DEFAULT CHARSET=latin1;

--
-- Dumping data for table `PORTS`
--

INSERT INTO `PORTS` (`port_id`, `port_name`, `city_id`) VALUES
(1, 'Prince Rupert', 47),
(2, 'Vancouver', 38),
(3, 'Glacier Bay', 26),
(4, 'Whittier', 9),
(5, 'Juneau', 6),
(6, 'Douglas', 41),
(7, 'Willow Creek', 23),
(8, 'Lansdowne', 20),
(9, 'Boundary Bay', 12),
(10, 'Little Gold Creek', 21),
(11, 'Beaver Creek', 16),
(12, 'Fraser', 15),
(13, 'Skagway', 13),
(14, 'Roosville', 44),
(15, 'Saint John', 10),
(16, 'Rainbow Bridge', 24),
(17, 'Phillipsburg', 7),
(18, 'Dundee', 27),
(19, 'Fort Frances Bridge', 1),
(20, 'Winkler', 32);

-- --------------------------------------------------------

--
-- Table structure for table `ROOM`
--

CREATE TABLE IF NOT EXISTS `ROOM` (
  `room_id` int(11) NOT NULL,
  `room_number` int(11) NOT NULL,
  `roomCat_id` int(11) NOT NULL,
  `cleaner_id` int(11) NOT NULL,
  `phone_number` tinytext NOT NULL,
  `ship_id` int(11) NOT NULL,
  PRIMARY KEY (`room_id`),
  KEY `room_fk_01_idx` (`roomCat_id`),
  KEY `room_fk_02_idx` (`cleaner_id`),
  KEY `room_fk_03_idx` (`ship_id`)
) ENGINE=InnoDB DEFAULT CHARSET=latin1;

--
-- Dumping data for table `ROOM`
--

INSERT INTO `ROOM` (`room_id`, `room_number`, `roomCat_id`, `cleaner_id`, `phone_number`, `ship_id`) VALUES
(1, 0, 1, 20, '62-(756)233-1105', 1),
(2, 1, 1, 31, '81-(919)618-3516', 1),
(3, 2, 1, 174, '86-(181)677-0409', 1),
(4, 3, 1, 20, '62-(149)718-7200', 1),
(5, 4, 1, 188, '7-(866)200-6327', 1),
(6, 5, 1, 31, '7-(144)848-9839', 1),
(7, 6, 1, 190, '33-(428)675-7629', 1),
(8, 7, 1, 188, '86-(291)472-5353', 1),
(9, 8, 1, 185, '351-(819)541-7103', 1),
(10, 9, 1, 31, '590-(348)561-5699', 1),
(11, 10, 1, 141, '57-(985)579-2207', 1),
(12, 11, 1, 20, '86-(495)673-0907', 1),
(13, 12, 1, 20, '7-(786)200-5431', 1),
(14, 13, 1, 52, '506-(698)626-5375', 1),
(15, 14, 1, 16, '51-(111)903-6629', 1),
(16, 15, 1, 16, '994-(657)635-3187', 1),
(17, 16, 1, 31, '86-(106)956-0107', 1),
(18, 17, 1, 16, '880-(180)913-0187', 1),
(19, 18, 1, 16, '998-(883)928-1617', 1),
(20, 19, 1, 185, '86-(235)633-0317', 1),
(21, 20, 1, 141, '98-(781)301-7192', 1),
(22, 21, 1, 174, '503-(398)123-3891', 1),
(23, 22, 1, 190, '86-(845)374-4453', 1),
(24, 23, 1, 31, '33-(736)933-5107', 1),
(25, 24, 1, 190, '227-(427)333-5068', 1),
(26, 25, 1, 52, '63-(961)715-5147', 1),
(27, 26, 1, 31, '63-(186)571-9049', 1),
(28, 27, 1, 16, '880-(657)558-8935', 1),
(29, 28, 1, 174, '86-(842)365-9148', 1),
(30, 29, 1, 31, '86-(342)443-5938', 1),
(31, 30, 1, 16, '47-(451)766-7380', 1),
(32, 31, 1, 31, '357-(396)334-8172', 1),
(33, 32, 1, 141, '84-(926)396-4297', 1),
(34, 33, 1, 185, '62-(856)467-1926', 1),
(35, 100, 1, 20, '1-(552)374-8096', 1),
(36, 101, 1, 31, '48-(427)933-6443', 1),
(37, 102, 1, 174, '1-(916)691-1350', 1),
(38, 103, 1, 31, '86-(887)867-7300', 1),
(39, 104, 1, 188, '46-(703)124-1411', 1),
(40, 105, 1, 174, '52-(366)698-7137', 1),
(41, 106, 1, 16, '502-(536)125-7367', 1),
(42, 107, 1, 188, '358-(782)164-2399', 1),
(43, 108, 1, 52, '7-(239)306-6568', 1),
(44, 109, 1, 16, '51-(623)391-6462', 1),
(45, 110, 1, 188, '7-(974)137-0887', 1),
(46, 111, 1, 20, '86-(998)974-5928', 1),
(47, 112, 1, 185, '86-(590)127-9412', 1),
(48, 113, 1, 52, '996-(889)894-1955', 1),
(49, 114, 1, 185, '221-(159)967-7606', 1),
(50, 115, 1, 174, '86-(744)814-4296', 1),
(51, 116, 1, 174, '66-(961)642-2867', 1),
(52, 117, 1, 31, '33-(503)767-5888', 1),
(53, 118, 1, 141, '1-(330)611-2766', 1),
(54, 119, 1, 141, '62-(682)909-9364', 1),
(55, 120, 1, 16, '996-(536)585-5664', 1),
(56, 121, 1, 20, '86-(496)352-4583', 1),
(57, 122, 1, 16, '351-(755)939-9699', 1),
(58, 123, 1, 16, '86-(335)738-6900', 1),
(59, 124, 1, 31, '62-(112)612-1090', 1),
(60, 125, 1, 16, '56-(413)702-0461', 1),
(61, 126, 1, 141, '63-(844)647-1554', 1),
(62, 127, 1, 190, '7-(696)660-6204', 1),
(63, 128, 1, 16, '381-(244)954-5701', 1),
(64, 129, 1, 174, '86-(752)291-4346', 1),
(65, 130, 1, 31, '66-(217)907-2827', 1),
(66, 131, 1, 188, '86-(497)139-5015', 1),
(67, 132, 1, 188, '62-(649)935-4770', 1),
(68, 133, 1, 188, '51-(304)794-8709', 1),
(69, 200, 1, 188, '86-(104)842-1285', 1),
(70, 201, 1, 190, '267-(736)787-8510', 1),
(71, 202, 1, 141, '54-(960)361-6677', 1),
(72, 203, 1, 20, '84-(110)297-3272', 1),
(73, 204, 1, 20, '7-(419)205-2999', 1),
(74, 205, 1, 20, '1-(907)546-5833', 1),
(75, 206, 1, 20, '374-(197)460-8840', 1),
(76, 207, 1, 190, '27-(419)289-5653', 1),
(77, 208, 1, 16, '30-(151)910-0703', 1),
(78, 209, 1, 190, '55-(971)924-6369', 1),
(79, 210, 1, 190, '420-(948)191-0249', 1),
(80, 211, 1, 31, '7-(337)967-8692', 1),
(81, 212, 1, 31, '225-(454)408-2262', 1),
(82, 213, 1, 31, '62-(401)892-7562', 1),
(83, 214, 1, 31, '86-(599)321-1380', 1),
(84, 215, 1, 188, '86-(735)619-8083', 1),
(85, 216, 1, 188, '351-(513)116-0802', 1),
(86, 217, 1, 52, '27-(562)599-8141', 1),
(87, 218, 1, 20, '7-(592)525-8225', 1),
(88, 219, 1, 20, '55-(599)297-8707', 1),
(89, 220, 1, 188, '54-(999)328-0635', 1),
(90, 221, 1, 185, '7-(111)192-9393', 1),
(91, 222, 1, 188, '30-(502)732-3907', 1),
(92, 223, 1, 16, '81-(894)513-8903', 1),
(93, 224, 1, 16, '1-(513)772-1028', 1),
(94, 225, 1, 190, '994-(975)332-5068', 1),
(95, 226, 1, 141, '86-(789)615-3601', 1),
(96, 227, 1, 188, '265-(970)485-1270', 1),
(97, 228, 1, 190, '244-(547)119-6889', 1),
(98, 229, 1, 52, '62-(525)515-9569', 1),
(99, 230, 1, 188, '976-(810)860-1456', 1),
(100, 231, 1, 141, '7-(922)137-5374', 1),
(101, 232, 1, 16, '81-(478)508-9963', 1),
(102, 233, 1, 16, '55-(922)537-0608', 1),
(103, 300, 1, 185, '62-(809)106-2383', 1),
(104, 301, 1, 31, '47-(350)510-7605', 1),
(105, 302, 1, 16, '502-(340)864-8358', 1),
(106, 303, 1, 16, '86-(539)755-2290', 1),
(107, 304, 1, 52, '62-(717)949-6421', 1),
(108, 305, 1, 174, '86-(500)922-5596', 1),
(109, 306, 1, 174, '86-(281)292-7220', 1),
(110, 307, 1, 52, '62-(288)220-0958', 1),
(111, 308, 1, 141, '52-(835)886-9603', 1),
(112, 309, 1, 52, '86-(475)280-8249', 1),
(113, 310, 1, 52, '63-(464)132-5170', 1),
(114, 311, 1, 185, '66-(704)308-3513', 1),
(115, 312, 1, 52, '57-(600)389-9016', 1),
(116, 313, 1, 190, '34-(416)995-3294', 1),
(117, 314, 1, 190, '52-(169)426-5301', 1),
(118, 315, 1, 20, '84-(636)554-5387', 1),
(119, 316, 1, 16, '86-(969)252-8545', 1),
(120, 317, 1, 31, '355-(844)873-3605', 1),
(121, 318, 1, 16, '62-(588)962-8550', 1),
(122, 319, 1, 16, '381-(845)828-1545', 1),
(123, 320, 1, 52, '86-(532)918-2907', 1),
(124, 321, 1, 52, '62-(572)692-4144', 1),
(125, 322, 1, 141, '1-(808)812-9947', 1),
(126, 323, 1, 174, '62-(430)368-6481', 1),
(127, 324, 1, 31, '7-(390)927-3584', 1),
(128, 325, 1, 31, '593-(903)244-9793', 1),
(129, 326, 1, 174, '81-(356)726-1308', 1),
(130, 327, 1, 188, '33-(952)192-3444', 1),
(131, 328, 1, 20, '86-(660)621-3362', 1),
(132, 329, 1, 52, '62-(936)183-8956', 1),
(133, 330, 1, 141, '57-(167)283-5069', 1),
(134, 331, 1, 20, '81-(291)425-7015', 1),
(135, 332, 1, 141, '386-(479)799-7355', 1),
(136, 333, 1, 52, '351-(172)846-2820', 1),
(137, 400, 1, 141, '62-(175)486-4606', 1),
(138, 401, 1, 16, '30-(851)527-9258', 1),
(139, 402, 1, 174, '61-(214)613-7618', 1),
(140, 403, 1, 141, '7-(353)844-7889', 1),
(141, 404, 1, 20, '63-(427)925-8845', 1),
(142, 405, 1, 31, '212-(775)712-8942', 1),
(143, 406, 1, 174, '238-(315)677-4209', 1),
(144, 407, 1, 174, '358-(302)180-3024', 1),
(145, 408, 1, 185, '48-(750)483-8141', 1),
(146, 409, 1, 52, '7-(228)592-2583', 1),
(147, 410, 1, 188, '58-(226)988-5958', 1),
(148, 411, 1, 185, '86-(596)343-4454', 1),
(149, 412, 1, 141, '976-(700)460-4612', 1),
(150, 413, 1, 31, '81-(513)982-2062', 1),
(151, 414, 1, 185, '63-(390)917-4255', 1),
(152, 415, 1, 174, '86-(605)686-1308', 1),
(153, 416, 1, 174, '31-(986)640-5353', 1),
(154, 417, 1, 31, '86-(540)309-0658', 1),
(155, 418, 1, 174, '62-(550)135-4990', 1),
(156, 419, 1, 52, '351-(572)980-3313', 1),
(157, 420, 1, 31, '63-(901)382-7247', 1),
(158, 421, 1, 141, '46-(196)178-4600', 1),
(159, 422, 1, 188, '51-(781)690-0734', 1),
(160, 423, 1, 141, '62-(471)480-2649', 1),
(161, 424, 1, 141, '380-(901)416-8496', 1),
(162, 425, 1, 185, '33-(182)238-6058', 1),
(163, 426, 1, 20, '86-(349)279-9167', 1),
(164, 427, 1, 190, '62-(720)825-6253', 1),
(165, 428, 1, 16, '86-(653)993-0795', 1),
(166, 429, 1, 31, '86-(300)439-1686', 1),
(167, 430, 1, 16, '33-(894)874-7253', 1),
(168, 431, 1, 188, '62-(872)532-0884', 1),
(169, 432, 1, 31, '86-(469)385-3838', 1),
(170, 433, 1, 141, '86-(452)560-1345', 1),
(171, 500, 1, 31, '86-(546)310-9678', 1),
(172, 501, 1, 185, '7-(483)377-0761', 1),
(173, 502, 1, 16, '46-(723)909-0100', 1),
(174, 503, 1, 141, '55-(734)106-9563', 1),
(175, 504, 1, 190, '251-(873)490-8027', 1),
(176, 505, 1, 141, '963-(466)768-8052', 1),
(177, 506, 1, 16, '51-(806)611-3627', 1),
(178, 507, 1, 174, '63-(677)971-1386', 1),
(179, 508, 1, 190, '1-(607)277-8931', 1),
(180, 509, 1, 190, '66-(355)865-4471', 1),
(181, 510, 1, 16, '673-(231)961-8714', 1),
(182, 511, 1, 31, '64-(787)886-4244', 1),
(183, 512, 1, 52, '46-(652)272-5441', 1),
(184, 513, 1, 52, '55-(404)372-1038', 1),
(185, 514, 1, 16, '30-(938)799-8936', 1),
(186, 515, 1, 190, '54-(833)468-3717', 1),
(187, 516, 1, 16, '351-(954)442-1827', 1),
(188, 517, 1, 188, '63-(188)708-1140', 1),
(189, 518, 1, 185, '57-(493)439-1557', 1),
(190, 519, 1, 190, '385-(521)242-1368', 1),
(191, 520, 1, 20, '63-(588)425-4344', 1),
(192, 521, 1, 16, '66-(892)577-5398', 1),
(193, 522, 1, 31, '382-(882)492-0838', 1),
(194, 523, 1, 174, '33-(724)306-7122', 1),
(195, 524, 1, 185, '86-(972)695-2787', 1),
(196, 525, 1, 188, '356-(964)120-9703', 1),
(197, 526, 1, 185, '86-(662)538-1766', 1),
(198, 527, 1, 16, '48-(177)692-4721', 1),
(199, 528, 1, 174, '63-(856)841-5611', 1),
(200, 529, 1, 141, '55-(980)190-9168', 1),
(201, 530, 1, 190, '380-(433)641-1344', 1),
(202, 531, 1, 16, '351-(774)709-7419', 1),
(203, 532, 1, 188, '63-(271)274-3856', 1),
(204, 533, 1, 52, '7-(108)806-7966', 1),
(205, 600, 1, 52, '216-(490)737-5946', 1),
(206, 601, 1, 141, '46-(853)350-5470', 1),
(207, 602, 1, 31, '62-(214)329-9040', 1),
(208, 603, 1, 188, '351-(947)502-1583', 1),
(209, 604, 1, 188, '7-(320)767-7883', 1),
(210, 605, 1, 52, '7-(739)481-4588', 1),
(211, 606, 1, 188, '351-(168)522-5230', 1),
(212, 607, 1, 20, '48-(848)803-0584', 1),
(213, 608, 1, 31, '86-(736)979-5230', 1),
(214, 609, 1, 174, '1-(299)321-9213', 1),
(215, 610, 1, 16, '46-(197)111-5383', 1),
(216, 611, 1, 141, '86-(152)493-7875', 1),
(217, 612, 1, 190, '351-(876)697-4891', 1),
(218, 613, 1, 52, '7-(559)876-5627', 1),
(219, 614, 1, 174, '58-(391)786-5743', 1),
(220, 615, 1, 52, '351-(277)616-7197', 1),
(221, 616, 1, 190, '86-(706)576-1417', 1),
(222, 617, 1, 52, '596-(286)359-8781', 1),
(223, 618, 1, 185, '86-(539)856-4798', 1),
(224, 619, 1, 188, '52-(962)308-2174', 1),
(225, 620, 1, 141, '7-(302)600-2262', 1),
(226, 621, 1, 174, '62-(217)220-6848', 1),
(227, 622, 1, 52, '351-(484)634-4136', 1),
(228, 623, 1, 52, '351-(371)233-9735', 1),
(229, 624, 1, 52, '7-(904)130-1207', 1),
(230, 625, 1, 190, '86-(134)269-2555', 1),
(231, 626, 1, 31, '242-(436)234-9247', 1),
(232, 627, 1, 190, '62-(211)845-6518', 1),
(233, 628, 1, 16, '593-(925)133-8263', 1),
(234, 629, 1, 188, '55-(167)748-6913', 1),
(235, 630, 1, 20, '62-(352)600-7502', 1),
(236, 631, 1, 185, '33-(451)729-4629', 1),
(237, 632, 1, 174, '506-(628)947-7983', 1),
(238, 633, 1, 20, '48-(638)132-5437', 1),
(239, 10000, 1, 16, '235-(734)216-2999', 1),
(240, 10001, 1, 174, '86-(842)703-0016', 1),
(241, 10002, 1, 141, '48-(977)920-6805', 1),
(242, 10003, 1, 174, '52-(534)500-6791', 1),
(243, 10004, 1, 20, '86-(531)289-9490', 1),
(244, 10005, 1, 141, '53-(405)103-8650', 1),
(245, 10006, 1, 52, '86-(611)952-8039', 1),
(246, 10007, 1, 174, '691-(968)114-0623', 1),
(247, 10008, 1, 31, '86-(295)524-0732', 1),
(248, 10009, 1, 185, '27-(806)250-1941', 1),
(249, 10010, 1, 190, '370-(172)699-1281', 1),
(250, 10011, 1, 185, '351-(279)786-8042', 1),
(251, 10012, 1, 20, '260-(137)335-1103', 1),
(252, 10013, 1, 141, '212-(594)544-3744', 1),
(253, 10014, 1, 31, '374-(927)175-9371', 1),
(254, 10015, 1, 20, '55-(124)137-1455', 1),
(255, 10016, 1, 174, '30-(471)906-0483', 1),
(256, 10017, 1, 52, '62-(175)839-0507', 1),
(257, 10018, 1, 31, '62-(431)244-4479', 1),
(258, 10019, 1, 188, '967-(363)796-3270', 1),
(259, 10020, 1, 31, '506-(615)982-2331', 1),
(260, 10021, 1, 20, '86-(879)663-4065', 1),
(261, 10022, 1, 190, '992-(102)563-9278', 1),
(262, 10023, 1, 174, '381-(678)918-8740', 1),
(263, 10024, 1, 20, '55-(299)546-7842', 1),
(264, 10025, 1, 20, '31-(546)996-3625', 1),
(265, 10026, 1, 188, '34-(748)413-9884', 1),
(266, 10027, 1, 174, '48-(765)813-9442', 1),
(267, 10028, 1, 52, '46-(610)155-1335', 1),
(268, 10029, 1, 185, '386-(574)813-1616', 1),
(269, 10030, 1, 141, '353-(219)127-0650', 1),
(270, 10031, 1, 141, '226-(258)678-9266', 1),
(271, 10032, 1, 174, '63-(875)412-1307', 1),
(272, 10033, 1, 16, '234-(913)984-2573', 1),
(273, 10100, 1, 190, '62-(345)812-4538', 1),
(274, 10101, 1, 31, '86-(893)929-2299', 1),
(275, 10102, 1, 174, '62-(838)582-1432', 1),
(276, 10103, 1, 16, '86-(295)215-8374', 1),
(277, 10104, 1, 20, '1-(835)100-8536', 1),
(278, 10105, 1, 52, '358-(427)788-6061', 1),
(279, 10106, 1, 174, '420-(811)467-9955', 1),
(280, 10107, 1, 16, '86-(419)204-8373', 1),
(281, 10108, 1, 190, '66-(151)375-6830', 1),
(282, 10109, 1, 31, '62-(281)716-4173', 1),
(283, 10110, 1, 141, '62-(581)150-4644', 1),
(284, 10111, 1, 141, '56-(663)939-5239', 1),
(285, 10112, 1, 16, '351-(258)649-8049', 1),
(286, 10113, 1, 16, '57-(641)941-0676', 1),
(287, 10114, 1, 190, '227-(916)563-3606', 1),
(288, 10115, 1, 16, '7-(108)835-2972', 1),
(289, 10116, 1, 190, '48-(614)876-8508', 1),
(290, 10117, 1, 20, '502-(498)643-9785', 1),
(291, 10118, 1, 16, '1-(363)562-6107', 1),
(292, 10119, 1, 190, '374-(328)494-7528', 1),
(293, 10120, 1, 20, '7-(280)913-9357', 1),
(294, 10121, 1, 16, '86-(367)314-9481', 1),
(295, 10122, 1, 185, '55-(904)294-6553', 1),
(296, 10123, 1, 185, '47-(670)226-0569', 1),
(297, 10124, 1, 190, '62-(184)726-2847', 1),
(298, 10125, 1, 20, '86-(202)861-2544', 1),
(299, 10126, 1, 31, '62-(830)330-0920', 1),
(300, 10127, 1, 190, '86-(607)351-4321', 1),
(301, 10128, 1, 52, '1-(680)233-3010', 1),
(302, 10129, 1, 190, '595-(187)349-2216', 1),
(303, 10130, 1, 52, '54-(293)698-2615', 1),
(304, 10131, 1, 52, '856-(536)118-1937', 1),
(305, 10132, 1, 188, '86-(240)775-9387', 1),
(306, 10133, 1, 141, '93-(863)107-1585', 1),
(307, 10200, 1, 16, '58-(738)417-6658', 1),
(308, 10201, 1, 185, '62-(808)248-4125', 1),
(309, 10202, 1, 16, '48-(135)872-4220', 1),
(310, 10203, 1, 188, '230-(592)979-3988', 1),
(311, 10204, 1, 190, '62-(981)578-3455', 1),
(312, 10205, 1, 31, '692-(596)557-3744', 1),
(313, 10206, 1, 174, '86-(692)800-4696', 1),
(314, 10207, 1, 20, '1-(408)919-1948', 1),
(315, 10208, 1, 20, '62-(379)110-8115', 1),
(316, 10209, 1, 185, '359-(476)882-8836', 1),
(317, 10210, 1, 16, '7-(244)915-4867', 1),
(318, 10211, 1, 31, '47-(664)628-6989', 1),
(319, 10212, 1, 20, '81-(757)911-2046', 1),
(320, 10213, 1, 174, '86-(780)609-5948', 1),
(321, 10214, 1, 20, '92-(565)577-9536', 1),
(322, 10215, 1, 141, '420-(320)180-7311', 1),
(323, 10216, 1, 185, '63-(103)770-0641', 1),
(324, 10217, 1, 16, '507-(774)472-1356', 1),
(325, 10218, 1, 31, '58-(519)793-6550', 1),
(326, 10219, 1, 20, '353-(689)528-9515', 1),
(327, 10220, 1, 52, '46-(292)470-2594', 1),
(328, 10221, 1, 141, '359-(515)675-9574', 1),
(329, 10222, 1, 190, '48-(686)438-7207', 1),
(330, 10223, 1, 174, '86-(583)931-0030', 1),
(331, 10224, 1, 141, '86-(984)423-1802', 1),
(332, 10225, 1, 188, '255-(212)605-9797', 1),
(333, 10226, 1, 185, '353-(928)991-5023', 1),
(334, 10227, 1, 174, '86-(296)761-3293', 1),
(335, 10228, 1, 52, '34-(142)714-2888', 1),
(336, 10229, 1, 174, '963-(985)465-4841', 1),
(337, 10230, 1, 190, '504-(113)939-5800', 1),
(338, 10231, 1, 185, '86-(148)118-8459', 1),
(339, 10232, 1, 188, '62-(693)693-0488', 1),
(340, 10233, 1, 52, '86-(383)254-6370', 1),
(341, 10300, 1, 174, '62-(158)684-9959', 1),
(342, 10301, 1, 190, '55-(957)626-5963', 1),
(343, 10302, 1, 185, '62-(648)106-7440', 1),
(344, 10303, 1, 52, '593-(859)254-4888', 1),
(345, 10304, 1, 188, '60-(749)205-1410', 1),
(346, 10305, 1, 16, '62-(901)764-7436', 1),
(347, 10306, 1, 141, '86-(973)859-3063', 1),
(348, 10307, 1, 141, '62-(116)239-3103', 1),
(349, 10308, 1, 31, '86-(202)593-3302', 1),
(350, 10309, 1, 31, '7-(868)781-0510', 1),
(351, 10310, 1, 20, '64-(926)414-3793', 1),
(352, 10311, 1, 174, '62-(661)670-8834', 1),
(353, 10312, 1, 141, '7-(696)581-3871', 1),
(354, 10313, 1, 190, '48-(527)694-2740', 1),
(355, 10314, 1, 188, '670-(676)745-3946', 1),
(356, 10315, 1, 16, '62-(843)734-4994', 1),
(357, 10316, 1, 174, '86-(830)843-5295', 1),
(358, 10317, 1, 188, '62-(949)171-7267', 1),
(359, 10318, 1, 52, '86-(931)387-3298', 1),
(360, 10319, 1, 31, '506-(738)305-2395', 1),
(361, 10320, 1, 185, '351-(355)148-4349', 1),
(362, 10321, 1, 188, '55-(238)454-6417', 1),
(363, 10322, 1, 16, '998-(484)222-6398', 1),
(364, 10323, 1, 141, '57-(213)733-5421', 1),
(365, 10324, 1, 52, '86-(715)756-6226', 1),
(366, 10325, 1, 31, '81-(391)246-0562', 1),
(367, 10326, 1, 16, '358-(933)489-7041', 1),
(368, 10327, 1, 20, '1-(992)655-1139', 1),
(369, 10328, 1, 188, '225-(868)601-6459', 1),
(370, 10329, 1, 16, '7-(379)358-2817', 1),
(371, 10330, 1, 20, '55-(984)354-6959', 1),
(372, 10331, 1, 20, '1-(561)557-6781', 1),
(373, 10332, 1, 31, '975-(809)134-2287', 1),
(374, 10333, 1, 20, '267-(133)864-1584', 1),
(375, 10400, 1, 190, '57-(203)316-2012', 1),
(376, 10401, 1, 188, '237-(439)957-8000', 1),
(377, 10402, 1, 141, '967-(971)133-5732', 1),
(378, 10403, 1, 188, '503-(800)220-3614', 1),
(379, 10404, 1, 141, '1-(490)633-5193', 1),
(380, 10405, 1, 174, '7-(758)247-2286', 1),
(381, 10406, 1, 31, '46-(387)709-1230', 1),
(382, 10407, 1, 141, '380-(730)696-6420', 1),
(383, 10408, 1, 185, '86-(649)178-4320', 1),
(384, 10409, 1, 31, '351-(567)882-9462', 1),
(385, 10410, 1, 16, '51-(772)634-3478', 1),
(386, 10411, 1, 52, '52-(244)928-5286', 1),
(387, 10412, 1, 20, '86-(921)460-4552', 1),
(388, 10413, 1, 20, '358-(564)571-3588', 1),
(389, 10414, 1, 185, '33-(484)674-0737', 1),
(390, 10415, 1, 188, '7-(331)485-2272', 1),
(391, 10416, 1, 188, '57-(421)788-1360', 1),
(392, 10417, 1, 31, '261-(682)636-5001', 1),
(393, 10418, 1, 20, '62-(899)592-8567', 1),
(394, 10419, 1, 16, '7-(623)517-6679', 1),
(395, 10420, 1, 52, '375-(172)657-7681', 1),
(396, 10421, 1, 20, '86-(682)204-1599', 1),
(397, 10422, 1, 141, '63-(446)979-4558', 1),
(398, 10423, 1, 190, '7-(718)589-1786', 1),
(399, 10424, 1, 188, '7-(524)207-5121', 1),
(400, 10425, 1, 141, '62-(572)456-5995', 1),
(401, 10426, 1, 16, '86-(146)755-5923', 1),
(402, 10427, 1, 185, '51-(559)752-3801', 1),
(403, 10428, 1, 185, '20-(518)461-7810', 1),
(404, 10429, 1, 188, '371-(608)598-2906', 1),
(405, 10430, 1, 141, '27-(493)342-8434', 1),
(406, 10431, 1, 20, '36-(392)650-2435', 1),
(407, 10432, 1, 31, '1-(132)200-9401', 1),
(408, 10433, 1, 31, '359-(570)245-9175', 1),
(409, 10500, 1, 141, '972-(143)399-9065', 1),
(410, 10501, 1, 185, '94-(144)464-9976', 1),
(411, 10502, 1, 52, '86-(712)287-9540', 1),
(412, 10503, 1, 141, '54-(951)504-4863', 1),
(413, 10504, 1, 16, '86-(459)667-0252', 1),
(414, 10505, 1, 52, '63-(660)223-8176', 1),
(415, 10506, 1, 141, '66-(153)804-0306', 1),
(416, 10507, 1, 185, '66-(223)412-0075', 1),
(417, 10508, 1, 190, '63-(753)408-0517', 1),
(418, 10509, 1, 16, '62-(662)147-4988', 1),
(419, 10510, 1, 185, '1-(573)387-5121', 1),
(420, 10511, 1, 141, '7-(523)952-5390', 1),
(421, 10512, 1, 31, '66-(842)597-6297', 1),
(422, 10513, 1, 174, '86-(485)583-8816', 1),
(423, 10514, 1, 188, '420-(247)985-2269', 1),
(424, 10515, 1, 20, '51-(351)448-4077', 1),
(425, 10516, 1, 31, '60-(172)816-4630', 1),
(426, 10517, 1, 190, '1-(120)557-2569', 1),
(427, 10518, 1, 174, '82-(141)930-1583', 1),
(428, 10519, 1, 185, '351-(117)585-4993', 1),
(429, 10520, 1, 52, '86-(770)139-8861', 1),
(430, 10521, 1, 141, '30-(958)985-9695', 1),
(431, 10522, 1, 141, '84-(859)504-4144', 1),
(432, 10523, 1, 174, '86-(636)905-9153', 1),
(433, 10524, 1, 174, '351-(555)604-1335', 1),
(434, 10525, 1, 185, '52-(798)450-6875', 1),
(435, 10526, 1, 188, '62-(970)597-0512', 1),
(436, 10527, 1, 31, '62-(467)493-3502', 1),
(437, 10528, 1, 16, '7-(339)307-6123', 1),
(438, 10529, 1, 141, '62-(131)853-8908', 1),
(439, 10530, 1, 20, '63-(893)118-8350', 1),
(440, 10531, 1, 174, '86-(399)307-7115', 1),
(441, 10532, 1, 190, '86-(414)269-0716', 1),
(442, 10533, 1, 185, '1-(917)829-4119', 1),
(443, 10600, 1, 16, '66-(400)321-5653', 1),
(444, 10601, 1, 52, '63-(412)345-9201', 1),
(445, 10602, 1, 20, '385-(495)811-5967', 1),
(446, 10603, 1, 31, '62-(293)433-0819', 1),
(447, 10604, 1, 141, '86-(606)352-3291', 1),
(448, 10605, 1, 141, '34-(847)543-3308', 1),
(449, 10606, 1, 174, '48-(656)877-8524', 1),
(450, 10607, 1, 190, '62-(135)884-0048', 1),
(451, 10608, 1, 16, '55-(961)377-0476', 1),
(452, 10609, 1, 52, '420-(901)368-9959', 1),
(453, 10610, 1, 188, '86-(569)635-4734', 1),
(454, 10611, 1, 185, '86-(121)551-7998', 1),
(455, 10612, 1, 174, '1-(513)844-1878', 1),
(456, 10613, 1, 20, '351-(675)384-8369', 1),
(457, 10614, 1, 174, '62-(940)184-1438', 1),
(458, 10615, 1, 190, '7-(417)390-9598', 1),
(459, 10616, 1, 20, '7-(969)940-2665', 1),
(460, 10617, 1, 185, '86-(746)412-9782', 1),
(461, 10618, 1, 188, '420-(906)592-1895', 1),
(462, 10619, 1, 16, '46-(955)487-3755', 1),
(463, 10620, 1, 174, '237-(391)200-8069', 1),
(464, 10621, 1, 174, '86-(852)654-5906', 1),
(465, 10622, 1, 16, '1-(892)579-9147', 1),
(466, 10623, 1, 185, '86-(703)687-9704', 1),
(467, 10624, 1, 141, '86-(521)389-6149', 1),
(468, 10625, 1, 16, '60-(517)133-1849', 1),
(469, 10626, 1, 174, '504-(150)649-9084', 1),
(470, 10627, 1, 20, '351-(239)154-7262', 1),
(471, 10628, 1, 52, '86-(519)513-8874', 1),
(472, 10629, 1, 141, '976-(678)289-5537', 1),
(473, 10630, 1, 20, '351-(678)237-6075', 1),
(474, 10631, 1, 20, '63-(253)115-1008', 1),
(475, 10632, 1, 174, '507-(877)451-0874', 1),
(476, 10633, 1, 31, '7-(388)388-0625', 1),
(477, 20000, 2, 174, '55-(614)923-5390', 1),
(478, 20001, 2, 31, '380-(472)179-9069', 1),
(479, 20002, 2, 52, '387-(396)174-5518', 1),
(480, 20003, 2, 174, '60-(735)956-6205', 1),
(481, 20004, 2, 31, '33-(184)303-9945', 1),
(482, 20005, 2, 16, '1-(612)129-4966', 1),
(483, 20006, 2, 31, '385-(745)347-8292', 1),
(484, 20007, 2, 52, '86-(136)257-4044', 1),
(485, 20008, 2, 20, '52-(639)512-4909', 1),
(486, 20009, 2, 141, '62-(166)773-8999', 1),
(487, 20010, 2, 190, '46-(787)723-8681', 1),
(488, 20011, 2, 52, '44-(610)529-3542', 1),
(489, 20012, 2, 20, '66-(932)277-5176', 1),
(490, 20013, 2, 174, '55-(241)176-2760', 1),
(491, 20014, 2, 31, '84-(432)796-4240', 1),
(492, 20015, 2, 20, '86-(980)758-2990', 1),
(493, 20016, 2, 16, '30-(159)654-4369', 1),
(494, 20017, 2, 185, '63-(979)273-9285', 1),
(495, 20018, 2, 174, '7-(809)885-0376', 1),
(496, 20019, 2, 188, '507-(531)450-9026', 1),
(497, 20020, 2, 52, '7-(873)483-2508', 1),
(498, 20021, 2, 20, '63-(513)633-4062', 1),
(499, 20022, 2, 190, '53-(882)958-9921', 1),
(500, 20023, 2, 190, '374-(376)136-7448', 1),
(501, 20024, 2, 141, '63-(701)211-8475', 1),
(502, 20025, 2, 52, '57-(170)560-7840', 1),
(503, 20026, 2, 141, '351-(441)499-0067', 1),
(504, 20027, 2, 52, '267-(830)380-6545', 1),
(505, 20028, 2, 141, '380-(302)554-6719', 1),
(506, 20029, 2, 52, '63-(765)257-9544', 1),
(507, 20030, 2, 188, '62-(858)525-4143', 1),
(508, 20031, 2, 174, '62-(571)449-3638', 1),
(509, 20032, 2, 20, '86-(821)273-0496', 1),
(510, 20033, 3, 52, '351-(905)148-3020', 1),
(511, 20100, 1, 188, '57-(651)948-3896', 1),
(512, 20101, 1, 20, '30-(113)103-1000', 1),
(513, 20102, 1, 31, '375-(717)283-3665', 1),
(514, 20103, 1, 190, '62-(701)539-7859', 1),
(515, 20104, 1, 188, '63-(882)364-8280', 1),
(516, 20105, 1, 52, '351-(458)677-7678', 1),
(517, 20106, 1, 190, '856-(946)258-0100', 1),
(518, 20107, 1, 190, '20-(158)149-7599', 1),
(519, 20108, 1, 190, '1-(522)758-9530', 1),
(520, 20109, 1, 31, '33-(749)501-6751', 1),
(521, 20110, 1, 174, '502-(675)837-0601', 1),
(522, 20111, 1, 16, '86-(809)225-1573', 1),
(523, 20112, 1, 190, '92-(211)419-7496', 1),
(524, 20113, 1, 141, '351-(132)511-0077', 1),
(525, 20114, 1, 141, '33-(440)216-3008', 1),
(526, 20115, 1, 185, '48-(277)934-8866', 1),
(527, 20116, 1, 16, '86-(757)656-5687', 1),
(528, 20117, 1, 188, '380-(304)264-0003', 1),
(529, 20118, 1, 190, '352-(705)589-8765', 1),
(530, 20119, 1, 20, '49-(268)615-7769', 1),
(531, 20120, 1, 190, '86-(336)583-4138', 1),
(532, 20121, 1, 16, '351-(653)669-7286', 1),
(533, 20122, 1, 185, '86-(217)596-6613', 1),
(534, 20123, 1, 52, '86-(462)812-8033', 1),
(535, 20124, 1, 174, '49-(737)310-1944', 1),
(536, 20125, 1, 190, '1-(334)193-5052', 1),
(537, 20126, 1, 52, '86-(114)113-3705', 1),
(538, 20127, 1, 31, '681-(626)998-1294', 1),
(539, 20128, 1, 31, '1-(930)882-9672', 1),
(540, 20129, 1, 185, '62-(670)242-1150', 1),
(541, 20130, 1, 188, '359-(289)870-2754', 1),
(542, 20131, 1, 52, '971-(932)884-9117', 1),
(543, 20132, 1, 52, '63-(331)797-0615', 1),
(544, 20133, 3, 190, '1-(897)867-2967', 1),
(545, 20200, 1, 190, '86-(257)903-6590', 1),
(546, 20201, 1, 141, '51-(490)387-0538', 1),
(547, 20202, 1, 52, '1-(658)292-0640', 1),
(548, 20203, 1, 31, '66-(786)524-8264', 1),
(549, 20204, 1, 188, '86-(394)194-7602', 1),
(550, 20205, 1, 188, '86-(771)905-5368', 1),
(551, 20206, 1, 174, '374-(172)937-9550', 1),
(552, 20207, 1, 141, '60-(988)871-5369', 1),
(553, 20208, 1, 190, '86-(484)951-9907', 1),
(554, 20209, 1, 52, '62-(736)716-0828', 1),
(555, 20210, 1, 52, '66-(644)137-2599', 1),
(556, 20211, 1, 141, '62-(331)851-8615', 1),
(557, 20212, 1, 52, '48-(478)753-1354', 1),
(558, 20213, 1, 174, '7-(395)894-7466', 1),
(559, 20214, 1, 141, '7-(781)419-2565', 1),
(560, 20215, 1, 52, '52-(946)122-6798', 1),
(561, 20216, 1, 52, '48-(628)235-0967', 1),
(562, 20217, 1, 188, '420-(905)359-7021', 1),
(563, 20218, 1, 20, '54-(493)319-1084', 1),
(564, 20219, 1, 190, '351-(495)465-6243', 1),
(565, 20220, 1, 174, '86-(450)827-0877', 1),
(566, 20221, 1, 31, '54-(229)897-6180', 1),
(567, 20222, 1, 188, '62-(858)833-9577', 1),
(568, 20223, 1, 188, '1-(818)436-3138', 1),
(569, 20224, 1, 174, '351-(246)189-6023', 1),
(570, 20225, 1, 31, '86-(947)541-2954', 1),
(571, 20226, 1, 141, '505-(921)368-0774', 1),
(572, 20227, 1, 20, '381-(477)415-9414', 1),
(573, 20228, 1, 188, '52-(496)627-5277', 1),
(574, 20229, 1, 188, '54-(684)462-2327', 1),
(575, 20230, 1, 20, '850-(336)960-3369', 1),
(576, 20231, 1, 185, '81-(121)489-5146', 1),
(577, 20232, 1, 174, '48-(823)146-2727', 1),
(578, 20233, 3, 174, '49-(565)760-2403', 1),
(579, 20300, 1, 31, '62-(328)129-3343', 1),
(580, 20301, 1, 16, '62-(982)763-7338', 1),
(581, 20302, 1, 16, '380-(830)570-3268', 1),
(582, 20303, 1, 20, '86-(443)333-5831', 1),
(583, 20304, 1, 185, '370-(303)249-8226', 1),
(584, 20305, 1, 188, '386-(497)251-4798', 1),
(585, 20306, 1, 141, '850-(994)836-2201', 1),
(586, 20307, 1, 31, '86-(145)720-5170', 1),
(587, 20308, 1, 141, '234-(299)340-5822', 1),
(588, 20309, 1, 190, '63-(231)548-6191', 1),
(589, 20310, 1, 16, '86-(557)147-0583', 1),
(590, 20311, 1, 185, '86-(778)631-9349', 1),
(591, 20312, 1, 141, '967-(526)765-4955', 1),
(592, 20313, 1, 20, '62-(714)337-2370', 1),
(593, 20314, 1, 190, '7-(257)381-9188', 1),
(594, 20315, 1, 16, '49-(201)486-6651', 1),
(595, 20316, 1, 31, '86-(702)491-0995', 1),
(596, 20317, 1, 31, '225-(925)151-7177', 1),
(597, 20318, 1, 185, '353-(872)602-4280', 1),
(598, 20319, 1, 174, '20-(135)871-5839', 1),
(599, 20320, 1, 16, '36-(476)392-8790', 1),
(600, 20321, 1, 31, '53-(432)814-5542', 1),
(601, 20322, 1, 174, '389-(421)866-5746', 1),
(602, 20323, 1, 31, '86-(491)890-7531', 1),
(603, 20324, 1, 185, '856-(708)661-5175', 1),
(604, 20325, 1, 20, '63-(639)743-6676', 1),
(605, 20326, 1, 31, '86-(951)937-8015', 1),
(606, 20327, 1, 188, '82-(230)493-2190', 1),
(607, 20328, 1, 190, '964-(377)772-0518', 1),
(608, 20329, 1, 52, '33-(647)926-7848', 1),
(609, 20330, 1, 16, '380-(667)499-1860', 1),
(610, 20331, 1, 188, '51-(133)214-8944', 1),
(611, 20332, 1, 185, '92-(860)557-0923', 1),
(612, 20333, 3, 174, '226-(763)590-2341', 1),
(613, 20400, 1, 20, '86-(325)475-9682', 1),
(614, 20401, 1, 31, '86-(266)587-5891', 1),
(615, 20402, 1, 141, '380-(497)859-7251', 1),
(616, 20403, 1, 16, '86-(378)232-7010', 1),
(617, 20404, 1, 185, '389-(176)694-1566', 1),
(618, 20405, 1, 141, '62-(841)700-9930', 1),
(619, 20406, 1, 141, '264-(759)383-3094', 1),
(620, 20407, 1, 188, '34-(492)319-0819', 1),
(621, 20408, 1, 174, '1-(529)901-0589', 1),
(622, 20409, 1, 141, '86-(299)820-9893', 1),
(623, 20410, 1, 16, '1-(410)598-6508', 1),
(624, 20411, 1, 188, '54-(575)348-5927', 1),
(625, 20412, 1, 20, '63-(868)977-3470', 1),
(626, 20413, 1, 141, '86-(453)732-3102', 1),
(627, 20414, 1, 188, '51-(882)188-2458', 1),
(628, 20415, 1, 174, '47-(854)718-3210', 1),
(629, 20416, 1, 141, '30-(568)656-0483', 1),
(630, 20417, 1, 52, '62-(435)789-5897', 1),
(631, 20418, 1, 174, '62-(772)427-9616', 1),
(632, 20419, 1, 188, '55-(461)455-8446', 1),
(633, 20420, 1, 141, '86-(580)808-9606', 1),
(634, 20421, 1, 185, '66-(839)905-5570', 1),
(635, 20422, 1, 31, '381-(214)737-0354', 1),
(636, 20423, 1, 31, '86-(990)374-8583', 1),
(637, 20424, 1, 188, '62-(986)237-0015', 1),
(638, 20425, 1, 31, '1-(927)128-6946', 1),
(639, 20426, 1, 185, '55-(445)356-5448', 1),
(640, 20427, 1, 31, '507-(669)424-2596', 1),
(641, 20428, 1, 20, '7-(442)944-1295', 1),
(642, 20429, 1, 52, '55-(401)228-7676', 1),
(643, 20430, 1, 188, '57-(849)975-6959', 1),
(644, 20431, 1, 141, '30-(233)599-8098', 1),
(645, 20432, 1, 20, '86-(398)680-3591', 1),
(646, 20433, 3, 52, '62-(265)945-2818', 1),
(647, 20500, 1, 174, '62-(510)763-2405', 1),
(648, 20501, 1, 31, '63-(779)711-7099', 1),
(649, 20502, 1, 31, '1-(277)689-4808', 1),
(650, 20503, 1, 190, '63-(411)987-0262', 1),
(651, 20504, 1, 52, '680-(291)821-9331', 1),
(652, 20505, 1, 174, '63-(236)931-8994', 1),
(653, 20506, 1, 141, '995-(718)877-6681', 1),
(654, 20507, 1, 20, '86-(766)118-7133', 1),
(655, 20508, 1, 52, '7-(928)241-3738', 1),
(656, 20509, 1, 190, '86-(148)769-0166', 1),
(657, 20510, 1, 185, '255-(336)810-6314', 1),
(658, 20511, 1, 16, '7-(245)321-6832', 1),
(659, 20512, 1, 190, '33-(755)207-7109', 1),
(660, 20513, 1, 52, '86-(743)725-9888', 1),
(661, 20514, 1, 174, '351-(518)347-1679', 1),
(662, 20515, 1, 20, '63-(821)290-9740', 1),
(663, 20516, 1, 190, '62-(176)490-5818', 1),
(664, 20517, 1, 188, '92-(395)680-4777', 1),
(665, 20518, 1, 190, '86-(909)854-1924', 1),
(666, 20519, 1, 52, '63-(181)826-8389', 1),
(667, 20520, 1, 141, '372-(934)444-8263', 1),
(668, 20521, 1, 16, '86-(616)352-7872', 1),
(669, 20522, 1, 188, '62-(943)859-8359', 1),
(670, 20523, 1, 185, '33-(241)466-8863', 1),
(671, 20524, 1, 174, '62-(350)634-4391', 1),
(672, 20525, 1, 16, '30-(393)544-2385', 1),
(673, 20526, 1, 174, '86-(450)517-1386', 1),
(674, 20527, 1, 20, '62-(477)514-3686', 1),
(675, 20528, 1, 190, '7-(141)404-4322', 1),
(676, 20529, 1, 174, '86-(853)273-8560', 1),
(677, 20530, 1, 190, '58-(334)352-4027', 1),
(678, 20531, 1, 190, '385-(168)548-9027', 1),
(679, 20532, 1, 52, '86-(897)344-2532', 1),
(680, 20533, 3, 16, '86-(161)470-4650', 1),
(681, 20600, 2, 52, '98-(439)981-0093', 1),
(682, 20601, 2, 190, '48-(218)921-8140', 1),
(683, 20602, 2, 188, '52-(948)997-7667', 1),
(684, 20603, 2, 188, '86-(105)960-2040', 1),
(685, 20604, 2, 185, '55-(510)853-9058', 1),
(686, 20605, 2, 52, '351-(175)350-8298', 1),
(687, 20606, 2, 141, '55-(676)239-2500', 1),
(688, 20607, 2, 16, '7-(980)118-2093', 1),
(689, 20608, 2, 188, '62-(677)357-9131', 1),
(690, 20609, 2, 185, '372-(912)923-7176', 1),
(691, 20610, 2, 31, '63-(149)376-7852', 1),
(692, 20611, 2, 141, '63-(115)152-3125', 1),
(693, 20612, 2, 16, '33-(664)310-8894', 1),
(694, 20613, 2, 174, '86-(925)706-8192', 1),
(695, 20614, 2, 188, '86-(521)926-6552', 1),
(696, 20615, 2, 31, '86-(393)743-2267', 1),
(697, 20616, 2, 31, '86-(259)395-4571', 1),
(698, 20617, 2, 185, '234-(585)394-1971', 1),
(699, 20618, 2, 16, '86-(531)496-1300', 1),
(700, 20619, 2, 188, '57-(608)899-1269', 1),
(701, 20620, 2, 16, '86-(917)594-1580', 1),
(702, 20621, 2, 185, '7-(383)540-6281', 1),
(703, 20622, 2, 190, '227-(371)796-7635', 1),
(704, 20623, 2, 52, '58-(692)304-3913', 1),
(705, 20624, 2, 20, '86-(954)797-1994', 1),
(706, 20625, 2, 31, '86-(845)173-0745', 1),
(707, 20626, 2, 190, '351-(640)783-6893', 1),
(708, 20627, 2, 16, '351-(878)952-5772', 1),
(709, 20628, 2, 185, '54-(996)222-2348', 1),
(710, 20629, 2, 52, '33-(868)652-0121', 1),
(711, 20630, 2, 190, '63-(521)603-6853', 1),
(712, 20631, 2, 16, '7-(761)604-5858', 1),
(713, 20632, 2, 52, '351-(974)933-5459', 1),
(714, 20633, 3, 20, '62-(793)888-0158', 1),
(715, 30000, 2, 31, '62-(626)937-0535', 1),
(716, 30001, 2, 141, '55-(803)300-2695', 1),
(717, 30002, 2, 190, '675-(420)440-5755', 1),
(718, 30003, 2, 190, '55-(150)222-0108', 1),
(719, 30004, 2, 174, '7-(387)963-5873', 1),
(720, 30005, 2, 185, '380-(946)925-9879', 1),
(721, 30006, 2, 190, '1-(210)861-7014', 1),
(722, 30007, 2, 31, '262-(926)521-0062', 1),
(723, 30008, 2, 52, '880-(569)739-5301', 1),
(724, 30009, 2, 31, '30-(323)916-9419', 1),
(725, 30010, 2, 190, '98-(337)589-8479', 1),
(726, 30011, 2, 16, '51-(672)425-1607', 1),
(727, 30012, 2, 16, '269-(547)510-5308', 1),
(728, 30013, 2, 185, '92-(181)451-5995', 1),
(729, 30014, 2, 185, '62-(455)614-5505', 1),
(730, 30015, 2, 52, '98-(612)809-4330', 1),
(731, 30016, 2, 174, '86-(185)838-7339', 1),
(732, 30017, 2, 16, '46-(241)803-5779', 1),
(733, 30018, 2, 20, '46-(384)916-6599', 1),
(734, 30019, 2, 174, '98-(544)898-8505', 1),
(735, 30020, 2, 188, '55-(293)161-7560', 1),
(736, 30021, 2, 141, '7-(473)681-8169', 1),
(737, 30022, 2, 52, '880-(992)553-0584', 1),
(738, 30023, 2, 188, '504-(234)208-0044', 1),
(739, 30024, 2, 141, '86-(522)630-4102', 1),
(740, 30025, 2, 141, '46-(807)600-7164', 1),
(741, 30026, 2, 20, '86-(959)291-4769', 1),
(742, 30027, 2, 31, '86-(959)780-3616', 1),
(743, 30028, 2, 52, '62-(604)629-3685', 1),
(744, 30029, 2, 16, '965-(690)839-3120', 1),
(745, 30030, 2, 190, '41-(784)195-5256', 1),
(746, 30031, 2, 190, '66-(286)918-8890', 1),
(747, 30032, 2, 188, '39-(496)662-4476', 1),
(748, 30033, 3, 188, '7-(955)818-3537', 1),
(749, 30100, 1, 20, '7-(638)783-1256', 1),
(750, 30101, 1, 174, '46-(910)822-1167', 1),
(751, 30102, 1, 52, '86-(756)179-2343', 1),
(752, 30103, 1, 52, '86-(888)160-3764', 1),
(753, 30104, 1, 20, '48-(842)172-6935', 1),
(754, 30105, 1, 20, '63-(829)902-9675', 1),
(755, 30106, 1, 190, '1-(804)641-2994', 1),
(756, 30107, 1, 31, '420-(510)445-4761', 1),
(757, 30108, 1, 141, '1-(202)487-7057', 1),
(758, 30109, 1, 16, '420-(576)160-7065', 1),
(759, 30110, 1, 185, '86-(386)792-9382', 1),
(760, 30111, 1, 190, '54-(119)218-1146', 1),
(761, 30112, 1, 190, '51-(689)282-0538', 1),
(762, 30113, 1, 174, '351-(480)500-5779', 1),
(763, 30114, 1, 20, '34-(979)231-5968', 1),
(764, 30115, 1, 188, '86-(529)530-9208', 1),
(765, 30116, 1, 16, '86-(852)658-6299', 1),
(766, 30117, 1, 185, '48-(661)658-9650', 1),
(767, 30118, 1, 31, '351-(354)402-8300', 1),
(768, 30119, 1, 188, '62-(821)945-4795', 1),
(769, 30120, 1, 185, '86-(354)377-4508', 1),
(770, 30121, 1, 20, '218-(207)611-4007', 1),
(771, 30122, 1, 185, '86-(466)776-3378', 1),
(772, 30123, 1, 188, '352-(180)926-0871', 1),
(773, 30124, 1, 31, '86-(510)924-5993', 1),
(774, 30125, 1, 185, '66-(197)271-5920', 1),
(775, 30126, 1, 174, '1-(770)679-5584', 1),
(776, 30127, 1, 52, '62-(675)366-6803', 1),
(777, 30128, 1, 20, '46-(184)864-2487', 1),
(778, 30129, 1, 52, '375-(952)500-6992', 1),
(779, 30130, 1, 20, '51-(557)986-2259', 1),
(780, 30131, 1, 52, '86-(636)375-4699', 1),
(781, 30132, 1, 141, '385-(396)804-0123', 1),
(782, 30133, 3, 31, '86-(351)585-2530', 1),
(783, 30200, 1, 52, '62-(703)293-3170', 1),
(784, 30201, 1, 31, '54-(410)624-6854', 1),
(785, 30202, 1, 16, '62-(575)798-9442', 1),
(786, 30203, 1, 185, '63-(767)200-4725', 1),
(787, 30204, 1, 185, '81-(800)348-2099', 1),
(788, 30205, 1, 20, '351-(168)936-4397', 1),
(789, 30206, 1, 31, '20-(260)199-6960', 1),
(790, 30207, 1, 31, '218-(169)234-1720', 1),
(791, 30208, 1, 174, '7-(453)411-1579', 1),
(792, 30209, 1, 141, '92-(823)499-4744', 1),
(793, 30210, 1, 16, '62-(994)985-4354', 1),
(794, 30211, 1, 20, '234-(241)453-6616', 1),
(795, 30212, 1, 31, '420-(584)353-6760', 1),
(796, 30213, 1, 20, '86-(489)149-2111', 1),
(797, 30214, 1, 20, '1-(512)754-3041', 1),
(798, 30215, 1, 188, '7-(850)242-9506', 1),
(799, 30216, 1, 141, '86-(662)487-2060', 1),
(800, 30217, 1, 16, '51-(850)699-9549', 1),
(801, 30218, 1, 52, '46-(222)171-3431', 1),
(802, 30219, 1, 141, '54-(818)512-2886', 1),
(803, 30220, 1, 52, '33-(155)879-8701', 1),
(804, 30221, 1, 141, '98-(223)415-4058', 1),
(805, 30222, 1, 16, '57-(718)905-7705', 1),
(806, 30223, 1, 20, '52-(584)194-3157', 1),
(807, 30224, 1, 20, '351-(996)693-4878', 1),
(808, 30225, 1, 16, '63-(419)149-8063', 1),
(809, 30226, 1, 141, '63-(952)704-9205', 1),
(810, 30227, 1, 31, '48-(812)364-2496', 1),
(811, 30228, 1, 190, '48-(701)296-7343', 1),
(812, 30229, 1, 190, '86-(633)912-8226', 1),
(813, 30230, 1, 141, '234-(111)669-7528', 1),
(814, 30231, 1, 174, '55-(388)815-8597', 1),
(815, 30232, 1, 16, '63-(570)732-3824', 1),
(816, 30233, 3, 174, '62-(130)594-4123', 1),
(817, 30300, 1, 185, '1-(616)138-8241', 1),
(818, 30301, 1, 141, '45-(892)150-7837', 1),
(819, 30302, 1, 16, '86-(104)330-6707', 1),
(820, 30303, 1, 20, '967-(973)479-0566', 1),
(821, 30304, 1, 188, '86-(604)617-8352', 1),
(822, 30305, 1, 188, '386-(799)960-1850', 1),
(823, 30306, 1, 188, '351-(826)771-2827', 1),
(824, 30307, 1, 141, '63-(693)768-5896', 1),
(825, 30308, 1, 190, '54-(880)478-0508', 1),
(826, 30309, 1, 20, '30-(253)205-9698', 1),
(827, 30310, 1, 16, '48-(615)719-3558', 1),
(828, 30311, 1, 52, '359-(510)650-3790', 1),
(829, 30312, 1, 31, '86-(608)352-3674', 1),
(830, 30313, 1, 31, '86-(610)339-7621', 1),
(831, 30314, 1, 52, '52-(309)313-0133', 1),
(832, 30315, 1, 20, '63-(703)574-5923', 1),
(833, 30316, 1, 185, '389-(506)804-6764', 1),
(834, 30317, 1, 141, '880-(121)365-9984', 1),
(835, 30318, 1, 141, '86-(810)174-5678', 1),
(836, 30319, 1, 20, '506-(379)195-4779', 1),
(837, 30320, 1, 141, '353-(392)518-9092', 1),
(838, 30321, 1, 185, '1-(904)473-5206', 1),
(839, 30322, 1, 52, '84-(430)382-4035', 1),
(840, 30323, 1, 52, '380-(741)619-8610', 1),
(841, 30324, 1, 185, '373-(436)869-5001', 1),
(842, 30325, 1, 141, '86-(484)642-7509', 1),
(843, 30326, 1, 52, '86-(143)939-2896', 1),
(844, 30327, 1, 174, '1-(359)957-9596', 1),
(845, 30328, 1, 174, '234-(529)885-7191', 1),
(846, 30329, 1, 141, '51-(337)322-7300', 1),
(847, 30330, 1, 20, '7-(273)899-5347', 1),
(848, 30331, 1, 188, '62-(939)551-9428', 1),
(849, 30332, 1, 174, '27-(824)924-0353', 1),
(850, 30333, 3, 31, '62-(788)813-8536', 1),
(851, 30400, 1, 31, '86-(297)504-9746', 1),
(852, 30401, 1, 31, '381-(434)870-8034', 1),
(853, 30402, 1, 185, '55-(953)458-6990', 1),
(854, 30403, 1, 31, '60-(655)767-4116', 1),
(855, 30404, 1, 52, '351-(622)172-0324', 1),
(856, 30405, 1, 190, '63-(115)473-8308', 1),
(857, 30406, 1, 16, '353-(350)144-3310', 1),
(858, 30407, 1, 188, '51-(322)188-8113', 1),
(859, 30408, 1, 185, '509-(673)231-9935', 1),
(860, 30409, 1, 16, '591-(794)733-3636', 1),
(861, 30410, 1, 31, '385-(845)991-2854', 1),
(862, 30411, 1, 188, '62-(701)233-4596', 1),
(863, 30412, 1, 174, '62-(202)882-7677', 1),
(864, 30413, 1, 188, '230-(282)159-3418', 1),
(865, 30414, 1, 141, '58-(165)793-9637', 1),
(866, 30415, 1, 16, '86-(141)592-4763', 1),
(867, 30416, 1, 174, '595-(824)267-2573', 1),
(868, 30417, 1, 188, '380-(457)882-6490', 1),
(869, 30418, 1, 31, '63-(165)485-5738', 1),
(870, 30419, 1, 141, '62-(164)735-7643', 1),
(871, 30420, 1, 188, '86-(884)461-3309', 1),
(872, 30421, 1, 185, '420-(110)743-3231', 1),
(873, 30422, 1, 188, '385-(900)605-9571', 1),
(874, 30423, 1, 16, '353-(688)471-1272', 1),
(875, 30424, 1, 52, '86-(964)927-9533', 1),
(876, 30425, 1, 185, '86-(967)739-6832', 1),
(877, 30426, 1, 141, '53-(695)857-8132', 1),
(878, 30427, 1, 52, '7-(964)147-5116', 1),
(879, 30428, 1, 188, '55-(599)145-9040', 1),
(880, 30429, 1, 188, '48-(138)717-2206', 1),
(881, 30430, 1, 52, '251-(151)172-1037', 1),
(882, 30431, 1, 20, '49-(900)901-8767', 1),
(883, 30432, 1, 52, '355-(742)644-7172', 1),
(884, 30433, 3, 31, '62-(616)464-9492', 1),
(885, 30500, 1, 31, '84-(431)987-6310', 1),
(886, 30501, 1, 141, '30-(372)840-0965', 1),
(887, 30502, 1, 185, '212-(749)508-0020', 1),
(888, 30503, 1, 188, '1-(734)315-8420', 1),
(889, 30504, 1, 141, '52-(563)167-7000', 1),
(890, 30505, 1, 20, '33-(839)101-2047', 1),
(891, 30506, 1, 52, '66-(946)465-0123', 1),
(892, 30507, 1, 20, '57-(885)901-6582', 1),
(893, 30508, 1, 190, '55-(993)119-0394', 1),
(894, 30509, 1, 20, '248-(224)777-4147', 1),
(895, 30510, 1, 20, '86-(108)743-0676', 1),
(896, 30511, 1, 141, '46-(771)621-3007', 1),
(897, 30512, 1, 174, '86-(180)164-0304', 1),
(898, 30513, 1, 16, '55-(690)548-8668', 1),
(899, 30514, 1, 190, '62-(329)930-8253', 1),
(900, 30515, 1, 188, '355-(315)103-2578', 1),
(901, 30516, 1, 52, '263-(314)314-3985', 1),
(902, 30517, 1, 52, '7-(752)894-0819', 1),
(903, 30518, 1, 16, '225-(248)716-9587', 1),
(904, 30519, 1, 20, '7-(105)620-1527', 1),
(905, 30520, 1, 188, '86-(586)873-0821', 1),
(906, 30521, 1, 141, '48-(780)369-0356', 1),
(907, 30522, 1, 185, '48-(686)679-3154', 1),
(908, 30523, 1, 52, '62-(601)770-6097', 1),
(909, 30524, 1, 52, '55-(950)626-7317', 1),
(910, 30525, 1, 20, '86-(833)925-6226', 1),
(911, 30526, 1, 52, '58-(544)949-3690', 1),
(912, 30527, 1, 16, '84-(568)635-0526', 1),
(913, 30528, 1, 185, '1-(969)395-5726', 1),
(914, 30529, 1, 141, '62-(607)841-5821', 1),
(915, 30530, 1, 141, '30-(523)118-1618', 1),
(916, 30531, 1, 185, '56-(286)146-2636', 1),
(917, 30532, 1, 188, '967-(597)788-3997', 1),
(918, 30533, 3, 185, '261-(935)826-7426', 1),
(919, 30600, 2, 190, '33-(678)358-0009', 1),
(920, 30601, 2, 190, '354-(308)946-3412', 1),
(921, 30602, 2, 16, '976-(263)576-2967', 1),
(922, 30603, 2, 188, '234-(460)604-3043', 1),
(923, 30604, 2, 188, '86-(173)771-4635', 1),
(924, 30605, 2, 31, '62-(158)856-5477', 1),
(925, 30606, 2, 174, '62-(799)144-5133', 1),
(926, 30607, 2, 20, '33-(328)576-6255', 1),
(927, 30608, 2, 20, '62-(845)826-6528', 1),
(928, 30609, 2, 188, '60-(703)431-8321', 1),
(929, 30610, 2, 16, '86-(391)762-8050', 1),
(930, 30611, 2, 52, '20-(524)722-0810', 1),
(931, 30612, 2, 190, '84-(538)634-4669', 1),
(932, 30613, 2, 174, '972-(298)328-4984', 1),
(933, 30614, 2, 174, '62-(346)318-2795', 1),
(934, 30615, 2, 185, '7-(563)180-4206', 1),
(935, 30616, 2, 16, '62-(617)339-6881', 1),
(936, 30617, 2, 141, '1-(753)268-7903', 1),
(937, 30618, 2, 20, '62-(133)820-5492', 1),
(938, 30619, 2, 20, '7-(171)168-2013', 1),
(939, 30620, 2, 185, '63-(749)335-9825', 1),
(940, 30621, 2, 188, '62-(533)399-2967', 1),
(941, 30622, 2, 31, '86-(272)342-3660', 1),
(942, 30623, 2, 190, '7-(985)351-9927', 1),
(943, 30624, 2, 190, '58-(545)897-7189', 1),
(944, 30625, 2, 188, '358-(612)976-9944', 1),
(945, 30626, 2, 16, '86-(370)152-3224', 1),
(946, 30627, 2, 141, '86-(731)999-4265', 1),
(947, 30628, 2, 141, '36-(118)175-2768', 1),
(948, 30629, 2, 16, '86-(744)496-9273', 1),
(949, 30630, 2, 190, '420-(944)289-8106', 1),
(950, 30631, 2, 141, '30-(584)695-0525', 1),
(951, 30632, 2, 20, '86-(741)334-9890', 1),
(952, 30633, 3, 185, '86-(242)520-3801', 1),
(953, 40000, 2, 174, '994-(444)926-5031', 1),
(954, 40001, 2, 174, '81-(234)354-7997', 1),
(955, 40002, 2, 20, '86-(404)735-2124', 1),
(956, 40003, 2, 31, '62-(192)498-1108', 1),
(957, 40004, 2, 141, '86-(519)987-2023', 1),
(958, 40005, 2, 16, '62-(518)884-0548', 1),
(959, 40006, 2, 185, '86-(986)181-8182', 1),
(960, 40007, 2, 52, '86-(808)629-7157', 1),
(961, 40008, 2, 16, '63-(893)184-8228', 1),
(962, 40009, 2, 174, '371-(902)802-0642', 1),
(963, 40010, 2, 188, '62-(770)503-2743', 1),
(964, 40011, 2, 52, '84-(217)758-1764', 1),
(965, 40012, 2, 31, '255-(105)235-8485', 1),
(966, 40013, 2, 185, '251-(629)501-0471', 1),
(967, 40014, 2, 190, '86-(966)589-3749', 1),
(968, 40015, 2, 174, '86-(513)477-6545', 1),
(969, 40016, 2, 141, '53-(334)154-9909', 1),
(970, 40017, 2, 20, '86-(318)449-5006', 1),
(971, 40018, 2, 185, '86-(534)673-5541', 1),
(972, 40019, 2, 190, '55-(774)901-0413', 1),
(973, 40020, 2, 188, '86-(728)730-4575', 1),
(974, 40021, 2, 141, '62-(541)903-7592', 1),
(975, 40022, 2, 185, '7-(944)371-6556', 1),
(976, 40023, 2, 188, '63-(574)404-7520', 1),
(977, 40024, 2, 185, '57-(430)355-7858', 1),
(978, 40025, 2, 188, '62-(807)215-7289', 1),
(979, 40026, 2, 20, '86-(733)868-2186', 1),
(980, 40027, 2, 31, '48-(627)914-8284', 1),
(981, 40028, 2, 52, '420-(679)120-0810', 1),
(982, 40029, 2, 185, '62-(361)936-6981', 1),
(983, 40030, 2, 185, '359-(570)861-4887', 1),
(984, 40031, 2, 190, '7-(905)705-2179', 1),
(985, 40032, 2, 185, '255-(258)918-5050', 1),
(986, 40033, 3, 188, '86-(448)590-4039', 1),
(987, 40100, 1, 185, '1-(913)120-3487', 1),
(988, 40101, 1, 20, '86-(334)771-0320', 1),
(989, 40102, 1, 20, '86-(878)346-1709', 1),
(990, 40103, 1, 141, '966-(632)269-6628', 1),
(991, 40104, 1, 190, '55-(364)459-3976', 1),
(992, 40105, 1, 52, '46-(800)637-0052', 1),
(993, 40106, 1, 141, '86-(419)266-2295', 1),
(994, 40107, 1, 185, '62-(629)688-0119', 1),
(995, 40108, 1, 174, '62-(351)782-0731', 1),
(996, 40109, 1, 16, '975-(258)156-2953', 1),
(997, 40110, 1, 141, '48-(959)816-7969', 1),
(998, 40111, 1, 141, '47-(200)498-7611', 1),
(999, 40112, 1, 190, '46-(100)168-7413', 1),
(1000, 40113, 1, 141, '351-(711)733-7241', 1),
(1001, 40114, 1, 20, '7-(232)338-4113', 1),
(1002, 40115, 1, 31, '86-(109)686-6679', 1),
(1003, 40116, 1, 141, '86-(122)110-5222', 1),
(1004, 40117, 1, 20, '63-(866)973-3086', 1),
(1005, 40118, 1, 174, '1-(156)199-8427', 1),
(1006, 40119, 1, 188, '86-(145)835-9057', 1),
(1007, 40120, 1, 185, '63-(952)614-7465', 1),
(1008, 40121, 1, 185, '63-(981)482-6934', 1),
(1009, 40122, 1, 185, '86-(571)182-9824', 1),
(1010, 40123, 1, 141, '420-(153)607-6466', 1),
(1011, 40124, 1, 190, '86-(816)587-4704', 1),
(1012, 40125, 1, 174, '220-(540)700-6353', 1),
(1013, 40126, 1, 185, '86-(515)741-6339', 1),
(1014, 40127, 1, 190, '220-(428)193-0197', 1),
(1015, 40128, 1, 190, '972-(226)860-6872', 1),
(1016, 40129, 1, 188, '86-(437)109-2331', 1),
(1017, 40130, 1, 174, '33-(856)285-8570', 1),
(1018, 40131, 1, 185, '86-(544)573-9088', 1),
(1019, 40132, 1, 174, '352-(492)698-2707', 1),
(1020, 40133, 3, 141, '81-(787)612-2883', 1),
(1021, 40200, 1, 31, '264-(216)442-7234', 1),
(1022, 40201, 1, 31, '995-(137)161-6067', 1),
(1023, 40202, 1, 190, '237-(316)919-8750', 1),
(1024, 40203, 1, 52, '1-(934)712-2619', 1),
(1025, 40204, 1, 20, '84-(482)386-2118', 1),
(1026, 40205, 1, 174, '54-(922)509-6824', 1),
(1027, 40206, 1, 174, '62-(962)226-4804', 1),
(1028, 40207, 1, 174, '691-(673)163-7122', 1),
(1029, 40208, 1, 16, '351-(662)109-3824', 1),
(1030, 40209, 1, 16, '86-(205)755-3631', 1),
(1031, 40210, 1, 141, '34-(830)920-2042', 1),
(1032, 40211, 1, 16, '62-(822)985-8751', 1),
(1033, 40212, 1, 20, '86-(156)635-5989', 1),
(1034, 40213, 1, 190, '62-(692)219-2171', 1),
(1035, 40214, 1, 20, '62-(192)784-4752', 1),
(1036, 40215, 1, 141, '51-(119)287-1640', 1),
(1037, 40216, 1, 174, '86-(112)330-0722', 1),
(1038, 40217, 1, 174, '48-(700)586-8591', 1),
(1039, 40218, 1, 16, '507-(517)412-4603', 1),
(1040, 40219, 1, 16, '81-(535)535-6538', 1),
(1041, 40220, 1, 185, '224-(504)292-2291', 1),
(1042, 40221, 1, 185, '62-(174)523-0972', 1),
(1043, 40222, 1, 20, '86-(767)209-4821', 1),
(1044, 40223, 1, 190, '86-(206)372-3254', 1),
(1045, 40224, 1, 174, '86-(936)809-1412', 1),
(1046, 40225, 1, 20, '380-(605)320-7346', 1),
(1047, 40226, 1, 141, '358-(199)423-4634', 1),
(1048, 40227, 1, 190, '86-(904)193-5157', 1),
(1049, 40228, 1, 16, '62-(593)826-6001', 1),
(1050, 40229, 1, 16, '507-(574)909-3033', 1),
(1051, 40230, 1, 16, '86-(597)554-4385', 1),
(1052, 40231, 1, 174, '57-(582)138-7870', 1),
(1053, 40232, 1, 188, '86-(763)437-4289', 1),
(1054, 40233, 3, 185, '62-(409)251-8378', 1),
(1055, 40300, 1, 174, '7-(807)235-8830', 1),
(1056, 40301, 1, 141, '55-(409)619-5141', 1),
(1057, 40302, 1, 52, '264-(906)462-1300', 1),
(1058, 40303, 1, 188, '62-(144)398-1336', 1),
(1059, 40304, 1, 20, '1-(172)644-1322', 1),
(1060, 40305, 1, 190, '51-(424)501-1694', 1),
(1061, 40306, 1, 174, '7-(157)190-3755', 1),
(1062, 40307, 1, 185, '48-(263)610-5582', 1),
(1063, 40308, 1, 141, '353-(750)483-7875', 1),
(1064, 40309, 1, 185, '420-(740)199-2880', 1),
(1065, 40310, 1, 185, '62-(819)190-9568', 1),
(1066, 40311, 1, 185, '62-(362)461-9385', 1),
(1067, 40312, 1, 190, '62-(176)307-0356', 1),
(1068, 40313, 1, 20, '385-(592)642-8727', 1),
(1069, 40314, 1, 31, '86-(687)503-0394', 1),
(1070, 40315, 1, 52, '62-(171)668-0687', 1),
(1071, 40316, 1, 31, '352-(316)418-4709', 1),
(1072, 40317, 1, 52, '48-(422)875-5230', 1),
(1073, 40318, 1, 141, '54-(771)809-6584', 1),
(1074, 40319, 1, 52, '7-(751)424-2576', 1),
(1075, 40320, 1, 20, '380-(876)447-7223', 1),
(1076, 40321, 1, 174, '60-(173)923-3720', 1),
(1077, 40322, 1, 185, '420-(717)635-5673', 1),
(1078, 40323, 1, 185, '63-(734)160-0662', 1),
(1079, 40324, 1, 16, '7-(247)423-9263', 1),
(1080, 40325, 1, 185, '54-(731)617-9565', 1),
(1081, 40326, 1, 190, '685-(654)986-9297', 1),
(1082, 40327, 1, 141, '977-(720)254-0731', 1),
(1083, 40328, 1, 174, '51-(408)401-8484', 1),
(1084, 40329, 1, 52, '1-(903)910-3264', 1),
(1085, 40330, 1, 31, '60-(843)127-4506', 1),
(1086, 40331, 1, 188, '62-(519)128-0482', 1),
(1087, 40332, 1, 20, '212-(151)286-7680', 1),
(1088, 40333, 3, 141, '81-(383)234-2549', 1),
(1089, 40400, 1, 190, '63-(655)903-6165', 1),
(1090, 40401, 1, 16, '86-(310)825-4517', 1),
(1091, 40402, 1, 190, '370-(261)277-1793', 1),
(1092, 40403, 1, 185, '86-(168)712-3033', 1),
(1093, 40404, 1, 174, '86-(616)276-0568', 1),
(1094, 40405, 1, 188, '48-(919)820-1014', 1),
(1095, 40406, 1, 174, '995-(136)676-1956', 1),
(1096, 40407, 1, 52, '7-(695)498-0677', 1),
(1097, 40408, 1, 190, '7-(244)898-4397', 1),
(1098, 40409, 1, 188, '7-(751)330-0190', 1),
(1099, 40410, 1, 188, '353-(208)859-0577', 1),
(1100, 40411, 1, 52, '222-(302)271-1540', 1),
(1101, 40412, 1, 185, '86-(487)509-3285', 1),
(1102, 40413, 1, 185, '98-(304)220-0812', 1),
(1103, 40414, 1, 31, '63-(867)153-8240', 1),
(1104, 40415, 1, 185, '92-(820)784-4159', 1),
(1105, 40416, 1, 20, '63-(488)887-0696', 1),
(1106, 40417, 1, 188, '86-(309)402-1356', 1),
(1107, 40418, 1, 188, '48-(432)185-3839', 1),
(1108, 40419, 1, 141, '62-(138)806-4109', 1),
(1109, 40420, 1, 141, '86-(619)405-4206', 1),
(1110, 40421, 1, 31, '232-(827)230-9533', 1),
(1111, 40422, 1, 52, '57-(718)379-1794', 1),
(1112, 40423, 1, 188, '51-(645)560-3579', 1),
(1113, 40424, 1, 185, '33-(423)670-4690', 1),
(1114, 40425, 1, 174, '55-(755)539-8792', 1),
(1115, 40426, 1, 31, '351-(920)262-2105', 1),
(1116, 40427, 1, 185, '1-(951)979-7406', 1),
(1117, 40428, 1, 174, '55-(204)392-8953', 1),
(1118, 40429, 1, 141, '380-(228)969-6190', 1),
(1119, 40430, 1, 31, '86-(428)969-5282', 1),
(1120, 40431, 1, 190, '52-(567)123-2527', 1),
(1121, 40432, 1, 31, '55-(575)394-3012', 1),
(1122, 40433, 3, 141, '504-(837)867-2159', 1),
(1123, 40500, 1, 190, '51-(688)755-3112', 1),
(1124, 40501, 1, 174, '86-(352)243-5889', 1),
(1125, 40502, 1, 52, '62-(639)754-0269', 1),
(1126, 40503, 1, 16, '81-(948)672-3716', 1),
(1127, 40504, 1, 16, '7-(105)904-0990', 1),
(1128, 40505, 1, 20, '86-(886)472-0997', 1),
(1129, 40506, 1, 185, '358-(993)221-4572', 1),
(1130, 40507, 1, 20, '1-(402)411-5208', 1),
(1131, 40508, 1, 141, '86-(621)804-6177', 1),
(1132, 40509, 1, 188, '48-(126)459-7200', 1),
(1133, 40510, 1, 20, '998-(774)580-6765', 1),
(1134, 40511, 1, 185, '506-(206)512-1101', 1),
(1135, 40512, 1, 16, '51-(671)438-9383', 1),
(1136, 40513, 1, 188, '62-(739)856-8076', 1),
(1137, 40514, 1, 20, '62-(387)644-5188', 1),
(1138, 40515, 1, 20, '30-(459)294-0348', 1),
(1139, 40516, 1, 16, '48-(462)536-2191', 1),
(1140, 40517, 1, 16, '351-(445)417-1440', 1),
(1141, 40518, 1, 188, '62-(697)564-9280', 1),
(1142, 40519, 1, 141, '20-(838)229-8026', 1),
(1143, 40520, 1, 20, '33-(920)543-3053', 1),
(1144, 40521, 1, 190, '351-(556)585-4571', 1),
(1145, 40522, 1, 52, '49-(223)204-9398', 1),
(1146, 40523, 1, 190, '352-(912)433-0212', 1),
(1147, 40524, 1, 141, '86-(591)475-4377', 1),
(1148, 40525, 1, 52, '1-(571)783-1860', 1),
(1149, 40526, 1, 141, '62-(179)392-8946', 1),
(1150, 40527, 1, 20, '299-(601)348-8405', 1),
(1151, 40528, 1, 141, '62-(603)881-6147', 1),
(1152, 40529, 1, 31, '63-(817)870-2242', 1),
(1153, 40530, 1, 141, '48-(404)145-7768', 1),
(1154, 40531, 1, 141, '46-(290)750-9419', 1),
(1155, 40532, 1, 174, '27-(895)616-6144', 1),
(1156, 40533, 3, 52, '386-(173)529-6801', 1),
(1157, 40600, 2, 16, '55-(548)156-5571', 1),
(1158, 40601, 2, 190, '31-(753)716-2844', 1),
(1159, 40602, 2, 16, '86-(287)830-6825', 1),
(1160, 40603, 2, 20, '86-(771)231-7596', 1),
(1161, 40604, 2, 52, '66-(185)191-0418', 1),
(1162, 40605, 2, 16, '507-(951)588-5616', 1),
(1163, 40606, 2, 20, '51-(616)133-8956', 1),
(1164, 40607, 2, 188, '381-(134)102-1585', 1),
(1165, 40608, 2, 31, '62-(549)518-9376', 1),
(1166, 40609, 2, 31, '63-(776)521-6109', 1),
(1167, 40610, 2, 188, '51-(669)401-5392', 1),
(1168, 40611, 2, 174, '381-(400)618-0832', 1),
(1169, 40612, 2, 141, '86-(278)730-9074', 1),
(1170, 40613, 2, 174, '358-(463)497-3581', 1),
(1171, 40614, 2, 20, '61-(219)308-1964', 1),
(1172, 40615, 2, 174, '54-(431)810-3389', 1),
(1173, 40616, 2, 141, '58-(327)780-3381', 1),
(1174, 40617, 2, 20, '31-(806)789-4381', 1),
(1175, 40618, 2, 188, '33-(161)796-3968', 1),
(1176, 40619, 2, 174, '86-(614)493-9679', 1),
(1177, 40620, 2, 16, '359-(695)436-1379', 1),
(1178, 40621, 2, 188, '62-(273)201-4020', 1);
INSERT INTO `ROOM` (`room_id`, `room_number`, `roomCat_id`, `cleaner_id`, `phone_number`, `ship_id`) VALUES
(1179, 40622, 2, 190, '62-(937)231-3757', 1),
(1180, 40623, 2, 16, '7-(366)260-2314', 1),
(1181, 40624, 2, 31, '86-(216)380-6703', 1),
(1182, 40625, 2, 174, '380-(432)104-6381', 1),
(1183, 40626, 2, 31, '92-(439)309-2960', 1),
(1184, 40627, 2, 185, '48-(523)115-2795', 1),
(1185, 40628, 2, 31, '1-(952)913-9665', 1),
(1186, 40629, 2, 16, '63-(384)360-1028', 1),
(1187, 40630, 2, 188, '86-(546)795-4337', 1),
(1188, 40631, 2, 185, '46-(281)795-6131', 1),
(1189, 40632, 2, 190, '62-(436)972-7485', 1),
(1190, 40633, 3, 20, '63-(290)171-3445', 1),
(1191, 50000, 3, 174, '358-(561)361-2119', 1),
(1192, 50001, 3, 185, '504-(860)541-3192', 1),
(1193, 50002, 3, 185, '86-(783)793-1284', 1),
(1194, 50003, 3, 31, '62-(261)650-0055', 1),
(1195, 50004, 3, 185, '57-(189)633-8970', 1),
(1196, 50005, 3, 16, '86-(773)605-5310', 1),
(1197, 50006, 3, 16, '212-(460)824-7910', 1),
(1198, 50007, 3, 190, '63-(598)730-2038', 1),
(1199, 50008, 3, 20, '33-(525)623-6522', 1),
(1200, 50009, 3, 174, '351-(992)874-7270', 1),
(1201, 50010, 3, 52, '86-(115)633-7228', 1),
(1202, 50011, 3, 20, '62-(768)191-4420', 1),
(1203, 50012, 3, 188, '63-(530)968-2640', 1),
(1204, 50013, 3, 174, '62-(143)691-5309', 1),
(1205, 50014, 3, 141, '7-(912)285-9768', 1),
(1206, 50015, 3, 20, '86-(893)881-8225', 1),
(1207, 50016, 3, 188, '62-(955)883-8912', 1),
(1208, 50017, 3, 20, '420-(478)514-0315', 1),
(1209, 50018, 3, 185, '62-(958)322-5561', 1),
(1210, 50019, 3, 188, '48-(141)233-5932', 1),
(1211, 50020, 3, 16, '998-(860)904-8509', 1),
(1212, 50021, 3, 141, '380-(642)792-4433', 1),
(1213, 50022, 3, 190, '86-(615)826-4780', 1),
(1214, 50023, 3, 52, '48-(474)360-7227', 1),
(1215, 50024, 3, 31, '55-(408)358-4910', 1),
(1216, 50025, 3, 188, '55-(277)319-3591', 1),
(1217, 50026, 3, 31, '7-(341)140-9608', 1),
(1218, 50027, 3, 31, '60-(979)564-9976', 1),
(1219, 50028, 3, 31, '1-(255)486-5697', 1),
(1220, 50029, 3, 190, '502-(773)112-7642', 1),
(1221, 50030, 3, 20, '351-(763)604-5735', 1),
(1222, 50031, 3, 174, '63-(477)779-7138', 1),
(1223, 50032, 3, 31, '7-(138)159-8011', 1),
(1224, 50033, 3, 31, '241-(315)721-8166', 1),
(1225, 50100, 3, 174, '212-(339)866-1773', 1),
(1226, 50101, 3, 141, '86-(837)335-9959', 1),
(1227, 50102, 3, 20, '1-(602)833-8470', 1),
(1228, 50103, 3, 190, '86-(226)993-1000', 1),
(1229, 50104, 3, 20, '86-(201)752-6470', 1),
(1230, 50105, 3, 188, '62-(841)164-9734', 1),
(1231, 50106, 3, 31, '81-(629)884-6404', 1),
(1232, 50107, 3, 190, '420-(693)243-9949', 1),
(1233, 50108, 3, 141, '86-(493)207-2598', 1),
(1234, 50109, 3, 31, '86-(943)857-0570', 1),
(1235, 50110, 3, 52, '62-(550)763-4296', 1),
(1236, 50111, 3, 20, '63-(577)863-6827', 1),
(1237, 50112, 3, 20, '47-(185)680-1885', 1),
(1238, 50113, 3, 174, '993-(540)430-2228', 1),
(1239, 50114, 3, 31, '81-(268)996-9695', 1),
(1240, 50115, 3, 190, '30-(404)177-6531', 1),
(1241, 50116, 3, 31, '7-(640)994-3893', 1),
(1242, 50117, 3, 174, '63-(194)598-4221', 1),
(1243, 50118, 3, 52, '63-(977)725-5880', 1),
(1244, 50119, 3, 185, '66-(528)386-3857', 1),
(1245, 50120, 3, 188, '46-(792)904-3254', 1),
(1246, 50121, 3, 16, '63-(473)877-0772', 1),
(1247, 50122, 3, 188, '261-(317)283-4297', 1),
(1248, 50123, 3, 188, '52-(162)425-2454', 1),
(1249, 50124, 3, 20, '352-(944)320-8117', 1),
(1250, 50125, 3, 141, '86-(893)886-8544', 1),
(1251, 50126, 3, 188, '86-(498)424-3267', 1),
(1252, 50127, 3, 185, '992-(303)822-4908', 1),
(1253, 50128, 3, 141, '54-(483)544-6044', 1),
(1254, 50129, 3, 174, '351-(255)372-2688', 1),
(1255, 50130, 3, 141, '66-(300)536-2535', 1),
(1256, 50131, 3, 190, '46-(637)935-4671', 1),
(1257, 50132, 3, 20, '420-(781)454-9509', 1),
(1258, 50133, 3, 31, '46-(398)632-5934', 1),
(1259, 50200, 3, 190, '48-(404)501-0249', 1),
(1260, 50201, 3, 52, '685-(667)474-8804', 1),
(1261, 50202, 3, 20, '51-(668)495-1642', 1),
(1262, 50203, 3, 16, '420-(402)508-8323', 1),
(1263, 50204, 3, 52, '351-(941)737-4448', 1),
(1264, 50205, 3, 188, '62-(786)837-4522', 1),
(1265, 50206, 3, 174, '7-(448)886-2896', 1),
(1266, 50207, 3, 31, '62-(132)613-5572', 1),
(1267, 50208, 3, 52, '55-(159)704-2811', 1),
(1268, 50209, 3, 188, '86-(308)565-3256', 1),
(1269, 50210, 3, 174, '7-(674)335-0624', 1),
(1270, 50211, 3, 31, '62-(306)420-6837', 1),
(1271, 50212, 3, 174, '31-(874)124-9042', 1),
(1272, 50213, 3, 190, '98-(771)890-8238', 1),
(1273, 50214, 3, 20, '970-(640)279-5668', 1),
(1274, 50215, 3, 174, '48-(424)546-1670', 1),
(1275, 50216, 3, 52, '55-(481)530-9828', 1),
(1276, 50217, 3, 141, '86-(389)273-5270', 1),
(1277, 50218, 3, 16, '506-(656)970-1978', 1),
(1278, 50219, 3, 16, '351-(473)149-2322', 1),
(1279, 50220, 3, 174, '351-(960)201-5251', 1),
(1280, 50221, 3, 188, '51-(146)743-5721', 1),
(1281, 50222, 3, 185, '86-(358)519-3120', 1),
(1282, 50223, 3, 31, '55-(189)547-2638', 1),
(1283, 50224, 3, 52, '386-(516)259-3319', 1),
(1284, 50225, 3, 185, '36-(290)883-8623', 1),
(1285, 50226, 3, 20, '387-(308)976-5653', 1),
(1286, 50227, 3, 31, '261-(181)712-4425', 1),
(1287, 50228, 3, 190, '46-(950)697-4976', 1),
(1288, 50229, 3, 20, '963-(654)806-1314', 1),
(1289, 50230, 3, 188, '237-(431)327-2226', 1),
(1290, 50231, 3, 20, '48-(568)796-7241', 1),
(1291, 50232, 3, 20, '7-(452)448-9534', 1),
(1292, 50233, 3, 141, '7-(951)231-2979', 1),
(1293, 50300, 3, 174, '387-(122)557-6819', 1),
(1294, 50301, 3, 188, '351-(140)281-9236', 1),
(1295, 50302, 3, 20, '39-(560)177-2570', 1),
(1296, 50303, 3, 141, '86-(486)738-1568', 1),
(1297, 50304, 3, 52, '30-(360)830-8848', 1),
(1298, 50305, 3, 188, '55-(799)763-8627', 1),
(1299, 50306, 3, 190, '63-(718)650-1693', 1),
(1300, 50307, 3, 20, '62-(819)416-9200', 1),
(1301, 50308, 3, 190, '353-(610)470-1089', 1),
(1302, 50309, 3, 31, '62-(193)260-4308', 1),
(1303, 50310, 3, 141, '62-(429)568-3561', 1),
(1304, 50311, 3, 185, '62-(544)831-2633', 1),
(1305, 50312, 3, 188, '62-(932)762-6359', 1),
(1306, 50313, 3, 20, '260-(497)407-6672', 1),
(1307, 50314, 3, 174, '63-(199)467-2041', 1),
(1308, 50315, 3, 52, '86-(726)447-3014', 1),
(1309, 50316, 3, 174, '591-(719)565-9122', 1),
(1310, 50317, 3, 185, '46-(974)946-6923', 1),
(1311, 50318, 3, 141, '66-(464)231-1983', 1),
(1312, 50319, 3, 31, '370-(909)355-1210', 1),
(1313, 50320, 3, 188, '967-(119)283-7351', 1),
(1314, 50321, 3, 52, '221-(269)455-8470', 1),
(1315, 50322, 3, 190, '351-(120)359-7081', 1),
(1316, 50323, 3, 20, '86-(204)847-1156', 1),
(1317, 50324, 3, 20, '380-(776)213-5074', 1),
(1318, 50325, 3, 190, '62-(597)207-5088', 1),
(1319, 50326, 3, 52, '51-(327)338-8988', 1),
(1320, 50327, 3, 141, '46-(896)390-0171', 1),
(1321, 50328, 3, 141, '380-(670)502-9825', 1),
(1322, 50329, 3, 16, '86-(240)786-8392', 1),
(1323, 50330, 3, 190, '351-(338)799-6949', 1),
(1324, 50331, 3, 188, '52-(432)388-4663', 1),
(1325, 50332, 3, 185, '976-(200)580-9616', 1),
(1326, 50333, 3, 20, '60-(688)666-0581', 1),
(1327, 50400, 3, 52, '48-(520)910-1125', 1),
(1328, 50401, 3, 16, '46-(998)773-9260', 1),
(1329, 50402, 3, 174, '1-(901)915-9262', 1),
(1330, 50403, 3, 16, '234-(497)872-0355', 1),
(1331, 50404, 3, 20, '86-(936)810-0984', 1),
(1332, 50405, 3, 16, '86-(217)567-6572', 1),
(1333, 50406, 3, 188, '63-(513)291-7808', 1),
(1334, 50407, 3, 141, '57-(748)486-9970', 1),
(1335, 50408, 3, 190, '48-(762)634-9630', 1),
(1336, 50409, 3, 185, '55-(207)429-3798', 1),
(1337, 50410, 3, 141, '86-(617)813-8684', 1),
(1338, 50411, 3, 174, '57-(414)514-3936', 1),
(1339, 50412, 3, 31, '86-(269)566-0860', 1),
(1340, 50413, 3, 52, '62-(442)317-9737', 1),
(1341, 50414, 3, 16, '374-(855)820-7615', 1),
(1342, 50415, 3, 185, '32-(732)626-4278', 1),
(1343, 50416, 3, 20, '86-(346)673-8764', 1),
(1344, 50417, 3, 16, '55-(427)866-8966', 1),
(1345, 50418, 3, 141, '48-(705)846-8754', 1),
(1346, 50419, 3, 174, '351-(172)753-5519', 1),
(1347, 50420, 3, 52, '66-(168)193-3188', 1),
(1348, 50421, 3, 141, '63-(124)483-8761', 1),
(1349, 50422, 3, 52, '54-(136)358-0642', 1),
(1350, 50423, 3, 20, '66-(646)384-8199', 1),
(1351, 50424, 3, 141, '33-(624)975-5371', 1),
(1352, 50425, 3, 185, '234-(129)200-7645', 1),
(1353, 50426, 3, 185, '62-(330)273-8545', 1),
(1354, 50427, 3, 190, '7-(904)177-9527', 1),
(1355, 50428, 3, 190, '7-(815)910-5012', 1),
(1356, 50429, 3, 20, '62-(270)464-9333', 1),
(1357, 50430, 3, 188, '86-(741)270-1892', 1),
(1358, 50431, 3, 174, '420-(993)409-0490', 1),
(1359, 50432, 3, 20, '354-(252)657-0874', 1),
(1360, 50433, 3, 52, '55-(894)696-7092', 1),
(1361, 50500, 3, 16, '86-(961)282-5194', 1),
(1362, 50501, 3, 31, '86-(263)359-7209', 1),
(1363, 50502, 3, 52, '385-(242)963-5309', 1),
(1364, 50503, 3, 16, '7-(465)554-4992', 1),
(1365, 50504, 3, 141, '254-(284)892-6190', 1),
(1366, 50505, 3, 20, '86-(278)754-7546', 1),
(1367, 50506, 3, 141, '62-(566)479-7084', 1),
(1368, 50507, 3, 16, '62-(841)313-9565', 1),
(1369, 50508, 3, 185, '998-(933)996-5747', 1),
(1370, 50509, 3, 31, '86-(350)288-3711', 1),
(1371, 50510, 3, 52, '49-(471)513-4057', 1),
(1372, 50511, 3, 16, '380-(732)142-3061', 1),
(1373, 50512, 3, 190, '880-(815)755-3210', 1),
(1374, 50513, 3, 185, '57-(521)267-8347', 1),
(1375, 50514, 3, 190, '63-(624)421-3624', 1),
(1376, 50515, 3, 188, '86-(716)592-6288', 1),
(1377, 50516, 3, 16, '86-(983)155-0494', 1),
(1378, 50517, 3, 185, '86-(649)473-6530', 1),
(1379, 50518, 3, 20, '63-(407)918-7633', 1),
(1380, 50519, 3, 31, '218-(953)611-3592', 1),
(1381, 50520, 3, 185, '504-(600)784-5553', 1),
(1382, 50521, 3, 174, '62-(469)874-2200', 1),
(1383, 50522, 3, 190, '92-(741)734-9550', 1),
(1384, 50523, 3, 52, '375-(735)648-6841', 1),
(1385, 50524, 3, 188, '994-(681)202-0911', 1),
(1386, 50525, 3, 185, '221-(887)984-5673', 1),
(1387, 50526, 3, 188, '55-(649)698-1698', 1),
(1388, 50527, 3, 190, '86-(362)966-2946', 1),
(1389, 50528, 3, 20, '62-(763)747-2350', 1),
(1390, 50529, 3, 188, '970-(206)265-9940', 1),
(1391, 50530, 3, 185, '51-(728)880-4033', 1),
(1392, 50531, 3, 31, '54-(444)541-0181', 1),
(1393, 50532, 3, 174, '420-(678)218-0368', 1),
(1394, 50533, 3, 190, '81-(444)142-2308', 1),
(1395, 50600, 3, 141, '63-(367)940-3769', 1),
(1396, 50601, 3, 20, '354-(547)670-1395', 1),
(1397, 50602, 3, 174, '374-(376)779-2049', 1),
(1398, 50603, 3, 141, '502-(451)785-5919', 1),
(1399, 50604, 3, 31, '1-(750)404-4933', 1),
(1400, 50605, 3, 52, '235-(797)938-5216', 1),
(1401, 50606, 3, 20, '63-(922)192-8407', 1),
(1402, 50607, 3, 174, '86-(846)407-0148', 1),
(1403, 50608, 3, 190, '81-(873)827-6258', 1),
(1404, 50609, 3, 185, '20-(843)385-5894', 1),
(1405, 50610, 3, 174, '86-(692)863-9189', 1),
(1406, 50611, 3, 188, '249-(619)556-8299', 1),
(1407, 50612, 3, 185, '972-(856)838-5866', 1),
(1408, 50613, 3, 52, '86-(613)596-0114', 1),
(1409, 50614, 3, 16, '86-(784)321-5956', 1),
(1410, 50615, 3, 190, '62-(259)668-3268', 1),
(1411, 50616, 3, 141, '299-(696)132-7690', 1),
(1412, 50617, 3, 141, '81-(698)993-4858', 1),
(1413, 50618, 3, 185, '66-(955)457-6471', 1),
(1414, 50619, 3, 185, '46-(130)850-0249', 1),
(1415, 50620, 3, 141, '86-(554)691-1670', 1),
(1416, 50621, 3, 31, '86-(832)203-9371', 1),
(1417, 50622, 3, 31, '48-(817)593-8465', 1),
(1418, 50623, 3, 174, '30-(424)174-4009', 1),
(1419, 50624, 3, 31, '86-(575)868-3294', 1),
(1420, 50625, 3, 174, '48-(977)725-3597', 1),
(1421, 50626, 3, 52, '48-(870)416-4596', 1),
(1422, 50627, 3, 188, '7-(464)927-6885', 1),
(1423, 50628, 3, 174, '86-(500)108-5200', 1),
(1424, 50629, 3, 185, '86-(212)437-0896', 1),
(1425, 50630, 3, 190, '63-(465)268-7538', 1),
(1426, 50631, 3, 16, '351-(713)722-3622', 1),
(1427, 50632, 3, 16, '351-(693)748-0882', 1),
(1428, 50633, 3, 20, '380-(570)137-5156', 1),
(1429, 0, 1, 54, '7-(480)407-1116', 2),
(1430, 1, 1, 166, '7-(651)515-4936', 2),
(1431, 2, 1, 54, '98-(548)768-3445', 2),
(1432, 3, 1, 54, '1-(702)711-4541', 2),
(1433, 4, 1, 166, '55-(230)552-3677', 2),
(1434, 5, 1, 159, '380-(610)794-4689', 2),
(1435, 6, 1, 159, '232-(377)409-9195', 2),
(1436, 7, 1, 166, '33-(765)597-2544', 2),
(1437, 8, 1, 54, '62-(942)401-1965', 2),
(1438, 9, 1, 166, '62-(393)998-5601', 2),
(1439, 10, 1, 166, '1-(954)255-4736', 2),
(1440, 11, 1, 47, '965-(276)190-2177', 2),
(1441, 12, 1, 47, '86-(430)541-8719', 2),
(1442, 13, 1, 166, '55-(926)311-6251', 2),
(1443, 14, 1, 47, '57-(495)341-6525', 2),
(1444, 15, 1, 159, '7-(365)527-0379', 2),
(1445, 16, 1, 166, '257-(599)469-3105', 2),
(1446, 17, 1, 47, '62-(542)766-5275', 2),
(1447, 18, 1, 166, '970-(192)731-0366', 2),
(1448, 19, 1, 47, '60-(111)569-0315', 2),
(1449, 20, 1, 47, '385-(119)884-0239', 2),
(1450, 21, 1, 54, '54-(895)989-7674', 2),
(1451, 22, 1, 166, '62-(324)119-1642', 2),
(1452, 23, 1, 166, '62-(853)677-6990', 2),
(1453, 24, 1, 166, '263-(294)107-0184', 2),
(1454, 25, 1, 47, '1-(423)612-2010', 2),
(1455, 26, 1, 166, '52-(532)872-0886', 2),
(1456, 27, 1, 166, '57-(399)211-0118', 2),
(1457, 28, 1, 159, '48-(517)929-2825', 2),
(1458, 29, 1, 166, '62-(759)399-1189', 2),
(1459, 30, 1, 159, '86-(154)987-3653', 2),
(1460, 31, 1, 159, '62-(100)348-2671', 2),
(1461, 32, 1, 54, '254-(758)808-6788', 2),
(1462, 33, 1, 159, '62-(398)497-0068', 2),
(1463, 100, 1, 47, '62-(139)622-0549', 2),
(1464, 101, 1, 166, '351-(600)762-6377', 2),
(1465, 102, 1, 159, '46-(564)816-6479', 2),
(1466, 103, 1, 54, '353-(898)974-9390', 2),
(1467, 104, 1, 54, '48-(910)810-4507', 2),
(1468, 105, 1, 166, '1-(244)125-4102', 2),
(1469, 106, 1, 166, '33-(933)632-5869', 2),
(1470, 107, 1, 166, '351-(139)508-3586', 2),
(1471, 108, 1, 166, '62-(275)196-4549', 2),
(1472, 109, 1, 54, '53-(580)797-0427', 2),
(1473, 110, 1, 47, '84-(771)307-2219', 2),
(1474, 111, 1, 159, '48-(250)808-3517', 2),
(1475, 112, 1, 47, '55-(862)808-0438', 2),
(1476, 113, 1, 47, '380-(906)925-5265', 2),
(1477, 114, 1, 47, '7-(720)636-0689', 2),
(1478, 115, 1, 166, '56-(245)254-6260', 2),
(1479, 116, 1, 47, '86-(588)392-6245', 2),
(1480, 117, 1, 159, '55-(435)656-6471', 2),
(1481, 118, 1, 166, '86-(756)702-9162', 2),
(1482, 119, 1, 166, '86-(356)804-4008', 2),
(1483, 120, 1, 159, '81-(542)607-8669', 2),
(1484, 121, 1, 159, '509-(881)406-2572', 2),
(1485, 122, 1, 54, '86-(591)540-3998', 2),
(1486, 123, 1, 159, '63-(919)119-2302', 2),
(1487, 124, 1, 54, '86-(171)378-6107', 2),
(1488, 125, 1, 47, '7-(700)177-2060', 2),
(1489, 126, 1, 159, '86-(232)386-8320', 2),
(1490, 127, 1, 47, '86-(564)626-5292', 2),
(1491, 128, 1, 159, '86-(633)141-3884', 2),
(1492, 129, 1, 159, '33-(330)497-5379', 2),
(1493, 130, 1, 166, '62-(821)609-8196', 2),
(1494, 131, 1, 159, '86-(991)656-7793', 2),
(1495, 132, 1, 159, '86-(350)766-8308', 2),
(1496, 133, 1, 54, '86-(202)597-0202', 2),
(1497, 200, 1, 159, '62-(977)474-7912', 2),
(1498, 201, 1, 54, '33-(376)162-5193', 2),
(1499, 202, 1, 166, '260-(795)272-1943', 2),
(1500, 203, 1, 47, '351-(781)492-2204', 2),
(1501, 204, 1, 159, '20-(101)352-1001', 2),
(1502, 205, 1, 47, '1-(804)294-0614', 2),
(1503, 206, 1, 166, '62-(335)591-9567', 2),
(1504, 207, 1, 54, '380-(255)220-2249', 2),
(1505, 208, 1, 54, '86-(837)737-9716', 2),
(1506, 209, 1, 47, '509-(249)591-2462', 2),
(1507, 210, 1, 54, '60-(215)172-6488', 2),
(1508, 211, 1, 159, '7-(628)662-3994', 2),
(1509, 212, 1, 47, '225-(295)187-2449', 2),
(1510, 213, 1, 159, '54-(460)255-5794', 2),
(1511, 214, 1, 166, '63-(755)279-4313', 2),
(1512, 215, 1, 47, '55-(778)937-8845', 2),
(1513, 216, 1, 159, '33-(207)588-1025', 2),
(1514, 217, 1, 47, '44-(195)172-8125', 2),
(1515, 218, 1, 54, '86-(374)952-9325', 2),
(1516, 219, 1, 159, '62-(983)524-7877', 2),
(1517, 220, 1, 159, '63-(517)541-7556', 2),
(1518, 221, 1, 159, '380-(956)102-1912', 2),
(1519, 222, 1, 54, '33-(897)331-8836', 2),
(1520, 223, 1, 166, '86-(300)619-1980', 2),
(1521, 224, 1, 54, '420-(249)583-0256', 2),
(1522, 225, 1, 47, '86-(973)219-7964', 2),
(1523, 226, 1, 54, '46-(931)767-3521', 2),
(1524, 227, 1, 166, '7-(884)132-1178', 2),
(1525, 228, 1, 159, '33-(456)634-3160', 2),
(1526, 229, 1, 159, '48-(203)449-3601', 2),
(1527, 230, 1, 47, '81-(638)752-6848', 2),
(1528, 231, 1, 159, '55-(537)494-2740', 2),
(1529, 232, 1, 159, '1-(560)317-8841', 2),
(1530, 233, 1, 47, '7-(220)988-2287', 2),
(1531, 300, 1, 47, '62-(647)177-4485', 2),
(1532, 301, 1, 159, '995-(565)459-8605', 2),
(1533, 302, 1, 47, '30-(400)974-3975', 2),
(1534, 303, 1, 47, '62-(396)915-4811', 2),
(1535, 304, 1, 159, '261-(542)473-2615', 2),
(1536, 305, 1, 47, '63-(303)323-8373', 2),
(1537, 306, 1, 54, '51-(457)790-0156', 2),
(1538, 307, 1, 166, '7-(117)166-8194', 2),
(1539, 308, 1, 166, '420-(346)156-3380', 2),
(1540, 309, 1, 54, '45-(619)330-4045', 2),
(1541, 310, 1, 159, '53-(175)894-2125', 2),
(1542, 311, 1, 159, '54-(845)934-0375', 2),
(1543, 312, 1, 47, '977-(797)687-0454', 2),
(1544, 313, 1, 166, '225-(824)617-5343', 2),
(1545, 314, 1, 159, '244-(390)628-6852', 2),
(1546, 315, 1, 166, '63-(593)885-1201', 2),
(1547, 316, 1, 47, '86-(916)531-8854', 2),
(1548, 317, 1, 47, '84-(791)285-1367', 2),
(1549, 318, 1, 166, '86-(216)746-4761', 2),
(1550, 319, 1, 54, '7-(917)332-6281', 2),
(1551, 320, 1, 159, '62-(344)803-5011', 2),
(1552, 321, 1, 47, '53-(426)245-8925', 2),
(1553, 322, 1, 54, '62-(475)515-3737', 2),
(1554, 323, 1, 166, '1-(412)462-6574', 2),
(1555, 324, 1, 54, '48-(587)392-1930', 2),
(1556, 325, 1, 166, '81-(723)313-5249', 2),
(1557, 326, 1, 47, '381-(841)469-6570', 2),
(1558, 327, 1, 159, '420-(576)513-0236', 2),
(1559, 328, 1, 47, '84-(429)393-4323', 2),
(1560, 329, 1, 54, '225-(221)542-1701', 2),
(1561, 330, 1, 47, '86-(817)308-8097', 2),
(1562, 331, 1, 166, '62-(602)234-4975', 2),
(1563, 332, 1, 54, '52-(382)229-3612', 2),
(1564, 333, 1, 47, '86-(940)469-5298', 2),
(1565, 400, 1, 159, '420-(703)110-8288', 2),
(1566, 401, 1, 166, '86-(117)785-8520', 2),
(1567, 402, 1, 166, '81-(946)873-4712', 2),
(1568, 403, 1, 166, '7-(964)511-1013', 2),
(1569, 404, 1, 166, '57-(115)778-4748', 2),
(1570, 405, 1, 159, '82-(732)479-8797', 2),
(1571, 406, 1, 54, '370-(534)843-5613', 2),
(1572, 407, 1, 159, '62-(730)687-7097', 2),
(1573, 408, 1, 159, '98-(957)710-7197', 2),
(1574, 409, 1, 166, '62-(786)517-5534', 2),
(1575, 410, 1, 166, '351-(353)917-6397', 2),
(1576, 411, 1, 159, '850-(272)965-6173', 2),
(1577, 412, 1, 47, '86-(600)782-3743', 2),
(1578, 413, 1, 166, '55-(872)709-7838', 2),
(1579, 414, 1, 166, '81-(299)398-5972', 2),
(1580, 415, 1, 159, '1-(470)560-8731', 2),
(1581, 416, 1, 159, '57-(393)552-4248', 2),
(1582, 417, 1, 166, '63-(514)405-5304', 2),
(1583, 418, 1, 159, '507-(848)521-0465', 2),
(1584, 419, 1, 54, '970-(189)270-9991', 2),
(1585, 420, 1, 166, '7-(213)755-1273', 2),
(1586, 421, 1, 159, '39-(140)520-2830', 2),
(1587, 422, 1, 54, '47-(252)499-3736', 2),
(1588, 423, 1, 54, '86-(692)375-4011', 2),
(1589, 424, 1, 159, '48-(796)382-8476', 2),
(1590, 425, 1, 54, '1-(718)248-0475', 2),
(1591, 426, 1, 166, '92-(276)501-7814', 2),
(1592, 427, 1, 159, '55-(307)832-7577', 2),
(1593, 428, 1, 47, '86-(865)336-7484', 2),
(1594, 429, 1, 159, '51-(391)154-0515', 2),
(1595, 430, 1, 159, '62-(614)338-7600', 2),
(1596, 431, 1, 47, '55-(588)868-9646', 2),
(1597, 432, 1, 166, '86-(459)485-5454', 2),
(1598, 433, 1, 166, '62-(526)915-5290', 2),
(1599, 500, 1, 47, '86-(588)760-6991', 2),
(1600, 501, 1, 54, '353-(971)580-3801', 2),
(1601, 502, 1, 159, '235-(419)453-1253', 2),
(1602, 503, 1, 159, '30-(531)311-0865', 2),
(1603, 504, 1, 159, '63-(944)969-6128', 2),
(1604, 505, 1, 159, '351-(520)469-8341', 2),
(1605, 506, 1, 159, '976-(134)381-2414', 2),
(1606, 507, 1, 54, '55-(976)992-1943', 2),
(1607, 508, 1, 166, '380-(869)398-3085', 2),
(1608, 509, 1, 159, '351-(209)192-6744', 2),
(1609, 510, 1, 166, '62-(658)128-4706', 2),
(1610, 511, 1, 166, '86-(824)449-6848', 2),
(1611, 512, 1, 159, '62-(449)819-0482', 2),
(1612, 513, 1, 159, '371-(753)134-5601', 2),
(1613, 514, 1, 159, '31-(383)928-0274', 2),
(1614, 515, 1, 54, '502-(212)569-0851', 2),
(1615, 516, 1, 47, '1-(589)422-0963', 2),
(1616, 517, 1, 47, '55-(409)839-4088', 2),
(1617, 518, 1, 54, '86-(965)630-6895', 2),
(1618, 519, 1, 166, '86-(873)774-8042', 2),
(1619, 520, 1, 166, '420-(342)742-7067', 2),
(1620, 521, 1, 47, '86-(956)673-9805', 2),
(1621, 522, 1, 166, '86-(256)853-3683', 2),
(1622, 523, 1, 47, '1-(947)674-2721', 2),
(1623, 524, 1, 166, '52-(148)266-2706', 2),
(1624, 525, 1, 54, '86-(172)576-9074', 2),
(1625, 526, 1, 54, '63-(795)768-8058', 2),
(1626, 527, 1, 54, '381-(658)973-4222', 2),
(1627, 528, 1, 159, '261-(729)752-5952', 2),
(1628, 529, 1, 47, '63-(994)988-6619', 2),
(1629, 530, 1, 54, '86-(304)967-7909', 2),
(1630, 531, 1, 47, '62-(461)374-4231', 2),
(1631, 532, 1, 159, '374-(116)415-4852', 2),
(1632, 533, 1, 166, '62-(119)629-7734', 2),
(1633, 600, 1, 54, '86-(945)995-4863', 2),
(1634, 601, 1, 47, '63-(338)837-3191', 2),
(1635, 602, 1, 54, '33-(669)252-5059', 2),
(1636, 603, 1, 159, '591-(217)999-6526', 2),
(1637, 604, 1, 166, '48-(574)398-7592', 2),
(1638, 605, 1, 166, '92-(213)959-3014', 2),
(1639, 606, 1, 54, '84-(774)613-5695', 2),
(1640, 607, 1, 159, '51-(690)372-0542', 2),
(1641, 608, 1, 54, '46-(762)779-2084', 2),
(1642, 609, 1, 54, '92-(800)243-3365', 2),
(1643, 610, 1, 159, '33-(166)829-1876', 2),
(1644, 611, 1, 54, '55-(139)686-9597', 2),
(1645, 612, 1, 166, '7-(534)508-7514', 2),
(1646, 613, 1, 159, '86-(281)459-2333', 2),
(1647, 614, 1, 159, '351-(757)443-5448', 2),
(1648, 615, 1, 47, '66-(973)557-6889', 2),
(1649, 616, 1, 159, '36-(738)652-5739', 2),
(1650, 617, 1, 54, '48-(890)425-0626', 2),
(1651, 618, 1, 54, '7-(381)999-2343', 2),
(1652, 619, 1, 47, '86-(423)453-3277', 2),
(1653, 620, 1, 159, '675-(253)872-2799', 2),
(1654, 621, 1, 159, '7-(377)790-9719', 2),
(1655, 622, 1, 159, '385-(206)809-9517', 2),
(1656, 623, 1, 159, '86-(309)356-2878', 2),
(1657, 624, 1, 54, '420-(421)230-5451', 2),
(1658, 625, 1, 166, '66-(550)419-3284', 2),
(1659, 626, 1, 159, '62-(883)855-3901', 2),
(1660, 627, 1, 54, '420-(391)348-7474', 2),
(1661, 628, 1, 54, '351-(440)473-5977', 2),
(1662, 629, 1, 166, '33-(953)844-2627', 2),
(1663, 630, 1, 159, '592-(959)222-5357', 2),
(1664, 631, 1, 47, '993-(327)616-3729', 2),
(1665, 632, 1, 159, '62-(372)730-4962', 2),
(1666, 633, 1, 166, '63-(766)769-5460', 2),
(1667, 10000, 1, 47, '63-(139)114-5104', 2),
(1668, 10001, 1, 47, '7-(340)119-3623', 2),
(1669, 10002, 1, 54, '212-(535)680-4130', 2),
(1670, 10003, 1, 166, '855-(588)840-2286', 2),
(1671, 10004, 1, 166, '62-(816)838-7975', 2),
(1672, 10005, 1, 47, '7-(675)781-3152', 2),
(1673, 10006, 1, 159, '351-(836)855-9110', 2),
(1674, 10007, 1, 166, '593-(619)297-6469', 2),
(1675, 10008, 1, 54, '63-(260)757-6617', 2),
(1676, 10009, 1, 159, '590-(943)912-4508', 2),
(1677, 10010, 1, 166, '86-(114)406-1694', 2),
(1678, 10011, 1, 166, '34-(469)231-1353', 2),
(1679, 10012, 1, 159, '355-(984)975-2631', 2),
(1680, 10013, 1, 47, '7-(448)675-7867', 2),
(1681, 10014, 1, 159, '351-(293)400-6731', 2),
(1682, 10015, 1, 54, '48-(292)283-8321', 2),
(1683, 10016, 1, 54, '55-(187)672-1261', 2),
(1684, 10017, 1, 54, '86-(120)582-0903', 2),
(1685, 10018, 1, 159, '351-(149)250-3233', 2),
(1686, 10019, 1, 166, '60-(956)471-2794', 2),
(1687, 10020, 1, 47, '48-(600)754-2224', 2),
(1688, 10021, 1, 159, '1-(574)423-6658', 2),
(1689, 10022, 1, 47, '51-(647)489-4306', 2),
(1690, 10023, 1, 166, '55-(570)957-8352', 2),
(1691, 10024, 1, 54, '86-(969)110-3214', 2),
(1692, 10025, 1, 54, '62-(162)151-5403', 2),
(1693, 10026, 1, 166, '33-(673)276-8611', 2),
(1694, 10027, 1, 159, '353-(820)606-6005', 2),
(1695, 10028, 1, 47, '62-(693)570-2686', 2),
(1696, 10029, 1, 54, '63-(732)716-7986', 2),
(1697, 10030, 1, 54, '7-(445)490-7876', 2),
(1698, 10031, 1, 54, '972-(684)652-5700', 2),
(1699, 10032, 1, 54, '81-(559)176-3391', 2),
(1700, 10033, 1, 47, '86-(879)928-7995', 2),
(1701, 10100, 1, 159, '66-(278)404-7505', 2),
(1702, 10101, 1, 47, '385-(610)540-7377', 2),
(1703, 10102, 1, 166, '7-(386)661-6543', 2),
(1704, 10103, 1, 47, '7-(535)611-0115', 2),
(1705, 10104, 1, 166, '86-(284)554-7438', 2),
(1706, 10105, 1, 159, '86-(519)178-6160', 2),
(1707, 10106, 1, 47, '62-(122)162-7904', 2),
(1708, 10107, 1, 166, '998-(288)670-1596', 2),
(1709, 10108, 1, 166, '55-(519)581-9719', 2),
(1710, 10109, 1, 54, '51-(488)613-3475', 2),
(1711, 10110, 1, 54, '62-(259)916-5534', 2),
(1712, 10111, 1, 166, '220-(900)190-6710', 2),
(1713, 10112, 1, 54, '7-(541)885-2889', 2),
(1714, 10113, 1, 159, '92-(766)394-0001', 2),
(1715, 10114, 1, 54, '254-(547)675-0177', 2),
(1716, 10115, 1, 166, '92-(106)535-0409', 2),
(1717, 10116, 1, 166, '86-(404)757-3499', 2),
(1718, 10117, 1, 54, '353-(390)524-2218', 2),
(1719, 10118, 1, 166, '7-(819)461-7259', 2),
(1720, 10119, 1, 166, '93-(468)766-3982', 2),
(1721, 10120, 1, 159, '86-(970)493-7470', 2),
(1722, 10121, 1, 47, '7-(450)123-3259', 2),
(1723, 10122, 1, 47, '46-(516)415-1595', 2),
(1724, 10123, 1, 166, '81-(357)183-4636', 2),
(1725, 10124, 1, 54, '1-(375)337-9536', 2),
(1726, 10125, 1, 166, '420-(954)802-5079', 2),
(1727, 10126, 1, 159, '62-(491)511-9293', 2),
(1728, 10127, 1, 159, '81-(639)763-2422', 2),
(1729, 10128, 1, 47, '86-(452)232-6179', 2),
(1730, 10129, 1, 54, '86-(905)470-1170', 2),
(1731, 10130, 1, 159, '48-(286)969-2514', 2),
(1732, 10131, 1, 47, '7-(712)507-1746', 2),
(1733, 10132, 1, 47, '850-(168)712-6246', 2),
(1734, 10133, 1, 166, '7-(918)435-3663', 2),
(1735, 10200, 1, 54, '234-(922)268-9861', 2),
(1736, 10201, 1, 54, '62-(740)641-2487', 2),
(1737, 10202, 1, 47, '62-(486)540-6228', 2),
(1738, 10203, 1, 54, '965-(489)881-5777', 2),
(1739, 10204, 1, 166, '7-(382)344-3568', 2),
(1740, 10205, 1, 166, '7-(696)853-6884', 2),
(1741, 10206, 1, 54, '63-(516)232-9774', 2),
(1742, 10207, 1, 159, '86-(212)670-9488', 2),
(1743, 10208, 1, 47, '351-(938)795-1377', 2),
(1744, 10209, 1, 47, '86-(571)541-8477', 2),
(1745, 10210, 1, 159, '62-(479)957-8343', 2),
(1746, 10211, 1, 159, '86-(165)834-0445', 2),
(1747, 10212, 1, 47, '86-(375)852-6792', 2),
(1748, 10213, 1, 54, '63-(856)610-2273', 2),
(1749, 10214, 1, 54, '92-(191)164-6628', 2),
(1750, 10215, 1, 166, '351-(879)440-2665', 2),
(1751, 10216, 1, 159, '60-(999)249-2964', 2),
(1752, 10217, 1, 159, '86-(890)308-3866', 2),
(1753, 10218, 1, 54, '20-(278)908-9882', 2),
(1754, 10219, 1, 166, '420-(589)354-8681', 2),
(1755, 10220, 1, 47, '51-(791)985-4326', 2),
(1756, 10221, 1, 47, '62-(211)454-9289', 2),
(1757, 10222, 1, 47, '7-(839)438-1035', 2),
(1758, 10223, 1, 47, '970-(385)551-1013', 2),
(1759, 10224, 1, 166, '230-(465)929-8700', 2),
(1760, 10225, 1, 166, '256-(605)165-0055', 2),
(1761, 10226, 1, 166, '63-(882)953-4484', 2),
(1762, 10227, 1, 47, '962-(608)890-7628', 2),
(1763, 10228, 1, 47, '55-(271)659-1015', 2),
(1764, 10229, 1, 54, '86-(763)361-3684', 2),
(1765, 10230, 1, 47, '86-(210)267-9319', 2),
(1766, 10231, 1, 166, '7-(425)533-2817', 2),
(1767, 10232, 1, 166, '48-(822)825-9030', 2),
(1768, 10233, 1, 159, '261-(990)682-1609', 2),
(1769, 10300, 1, 159, '355-(398)498-4975', 2),
(1770, 10301, 1, 166, '994-(975)647-7506', 2),
(1771, 10302, 1, 159, '86-(621)898-5208', 2),
(1772, 10303, 1, 159, '43-(701)524-7771', 2),
(1773, 10304, 1, 166, '218-(749)648-4419', 2),
(1774, 10305, 1, 166, '66-(911)786-8143', 2),
(1775, 10306, 1, 54, '62-(490)129-9488', 2),
(1776, 10307, 1, 54, '57-(658)641-5568', 2),
(1777, 10308, 1, 159, '359-(499)864-2540', 2),
(1778, 10309, 1, 166, '33-(466)960-8883', 2),
(1779, 10310, 1, 159, '52-(832)726-1718', 2),
(1780, 10311, 1, 166, '57-(917)420-7412', 2),
(1781, 10312, 1, 47, '86-(104)117-5129', 2),
(1782, 10313, 1, 166, '1-(149)441-8637', 2),
(1783, 10314, 1, 54, '358-(687)722-4421', 2),
(1784, 10315, 1, 159, '86-(862)156-8339', 2),
(1785, 10316, 1, 54, '30-(994)464-7959', 2),
(1786, 10317, 1, 54, '351-(442)737-6904', 2),
(1787, 10318, 1, 47, '7-(662)227-9724', 2),
(1788, 10319, 1, 54, '970-(948)650-3370', 2),
(1789, 10320, 1, 159, '86-(517)829-6656', 2),
(1790, 10321, 1, 47, '86-(195)208-4247', 2),
(1791, 10322, 1, 54, '351-(144)451-4460', 2),
(1792, 10323, 1, 54, '81-(605)181-4534', 2),
(1793, 10324, 1, 166, '595-(469)579-1245', 2),
(1794, 10325, 1, 47, '47-(322)386-7005', 2),
(1795, 10326, 1, 166, '53-(653)898-3290', 2),
(1796, 10327, 1, 159, '7-(715)189-6608', 2),
(1797, 10328, 1, 47, '86-(135)384-6576', 2),
(1798, 10329, 1, 159, '63-(252)519-7963', 2),
(1799, 10330, 1, 166, '593-(464)936-2958', 2),
(1800, 10331, 1, 159, '297-(668)322-0235', 2),
(1801, 10332, 1, 54, '1-(972)595-6420', 2),
(1802, 10333, 1, 159, '81-(866)234-0141', 2),
(1803, 10400, 1, 47, '1-(626)707-4458', 2),
(1804, 10401, 1, 54, '54-(377)217-5048', 2),
(1805, 10402, 1, 166, '86-(309)744-4950', 2),
(1806, 10403, 1, 166, '54-(982)797-5946', 2),
(1807, 10404, 1, 166, '81-(255)531-5557', 2),
(1808, 10405, 1, 166, '387-(741)546-7753', 2),
(1809, 10406, 1, 166, '54-(752)757-6432', 2),
(1810, 10407, 1, 47, '54-(828)780-7263', 2),
(1811, 10408, 1, 166, '358-(415)374-1998', 2),
(1812, 10409, 1, 47, '7-(913)906-1176', 2),
(1813, 10410, 1, 159, '62-(321)375-4370', 2),
(1814, 10411, 1, 54, '86-(775)718-4436', 2),
(1815, 10412, 1, 47, '92-(567)594-2909', 2),
(1816, 10413, 1, 47, '86-(328)514-9176', 2),
(1817, 10414, 1, 166, '7-(386)347-8936', 2),
(1818, 10415, 1, 54, '62-(149)705-4001', 2),
(1819, 10416, 1, 159, '63-(388)181-8678', 2),
(1820, 10417, 1, 166, '81-(428)602-1572', 2),
(1821, 10418, 1, 54, '86-(143)386-3647', 2),
(1822, 10419, 1, 159, '7-(514)978-8534', 2),
(1823, 10420, 1, 159, '212-(480)313-6741', 2),
(1824, 10421, 1, 159, '33-(979)163-7193', 2),
(1825, 10422, 1, 47, '420-(657)758-9913', 2),
(1826, 10423, 1, 166, '63-(869)688-3631', 2),
(1827, 10424, 1, 159, '47-(846)137-8417', 2),
(1828, 10425, 1, 47, '86-(203)440-3064', 2),
(1829, 10426, 1, 54, '55-(110)111-5380', 2),
(1830, 10427, 1, 47, '62-(107)323-3225', 2),
(1831, 10428, 1, 159, '86-(982)531-5092', 2),
(1832, 10429, 1, 54, '52-(611)149-6443', 2),
(1833, 10430, 1, 166, '7-(319)173-1650', 2),
(1834, 10431, 1, 47, '7-(246)797-2884', 2),
(1835, 10432, 1, 159, '351-(412)744-1639', 2),
(1836, 10433, 1, 54, '86-(316)117-5580', 2),
(1837, 10500, 1, 159, '84-(132)120-7240', 2),
(1838, 10501, 1, 47, '63-(209)567-4615', 2),
(1839, 10502, 1, 47, '62-(119)137-4425', 2),
(1840, 10503, 1, 54, '94-(958)723-0533', 2),
(1841, 10504, 1, 54, '48-(212)457-0759', 2),
(1842, 10505, 1, 159, '358-(339)121-5574', 2),
(1843, 10506, 1, 166, '63-(463)607-0774', 2),
(1844, 10507, 1, 54, '260-(306)435-5747', 2),
(1845, 10508, 1, 159, '86-(827)722-5259', 2),
(1846, 10509, 1, 47, '62-(980)419-2449', 2),
(1847, 10510, 1, 166, '86-(930)456-1849', 2),
(1848, 10511, 1, 166, '84-(181)718-1070', 2),
(1849, 10512, 1, 159, '86-(339)605-4821', 2),
(1850, 10513, 1, 47, '62-(154)548-2662', 2),
(1851, 10514, 1, 159, '359-(163)643-9914', 2),
(1852, 10515, 1, 166, '62-(979)515-5406', 2),
(1853, 10516, 1, 166, '54-(754)959-8991', 2),
(1854, 10517, 1, 47, '86-(920)924-1128', 2),
(1855, 10518, 1, 47, '63-(742)953-9046', 2),
(1856, 10519, 1, 54, '62-(720)557-4431', 2),
(1857, 10520, 1, 54, '36-(245)554-3967', 2),
(1858, 10521, 1, 54, '53-(910)420-6719', 2),
(1859, 10522, 1, 54, '48-(760)834-7983', 2),
(1860, 10523, 1, 159, '229-(504)897-5473', 2),
(1861, 10524, 1, 54, '86-(479)727-5211', 2),
(1862, 10525, 1, 54, '48-(885)411-2732', 2),
(1863, 10526, 1, 166, '33-(862)504-2892', 2),
(1864, 10527, 1, 54, '967-(494)237-2771', 2),
(1865, 10528, 1, 54, '81-(970)609-3651', 2),
(1866, 10529, 1, 47, '55-(759)114-4398', 2),
(1867, 10530, 1, 166, '258-(779)795-9104', 2),
(1868, 10531, 1, 54, '1-(166)766-2947', 2),
(1869, 10532, 1, 166, '86-(600)972-5202', 2),
(1870, 10533, 1, 47, '502-(867)918-7099', 2),
(1871, 10600, 1, 47, '66-(697)313-5811', 2),
(1872, 10601, 1, 166, '237-(183)986-6488', 2),
(1873, 10602, 1, 54, '47-(300)431-9261', 2),
(1874, 10603, 1, 166, '7-(785)674-4131', 2),
(1875, 10604, 1, 47, '33-(403)698-4351', 2),
(1876, 10605, 1, 159, '57-(267)612-0941', 2),
(1877, 10606, 1, 54, '86-(611)146-6335', 2),
(1878, 10607, 1, 159, '353-(389)992-2948', 2),
(1879, 10608, 1, 54, '380-(769)815-1711', 2),
(1880, 10609, 1, 166, '351-(587)958-1617', 2),
(1881, 10610, 1, 166, '216-(916)933-1637', 2),
(1882, 10611, 1, 159, '7-(968)949-6273', 2),
(1883, 10612, 1, 47, '385-(596)491-2391', 2),
(1884, 10613, 1, 47, '63-(480)371-8871', 2),
(1885, 10614, 1, 166, '51-(453)264-4127', 2),
(1886, 10615, 1, 54, '86-(324)914-0675', 2),
(1887, 10616, 1, 54, '351-(502)830-4344', 2),
(1888, 10617, 1, 159, '351-(445)196-5486', 2),
(1889, 10618, 1, 159, '62-(239)410-9745', 2),
(1890, 10619, 1, 159, '976-(717)951-5601', 2),
(1891, 10620, 1, 166, '63-(418)764-1245', 2),
(1892, 10621, 1, 166, '44-(984)231-4028', 2),
(1893, 10622, 1, 47, '261-(377)406-3497', 2),
(1894, 10623, 1, 47, '93-(432)405-5482', 2),
(1895, 10624, 1, 47, '220-(950)344-4913', 2),
(1896, 10625, 1, 166, '48-(871)690-4316', 2),
(1897, 10626, 1, 159, '86-(205)205-4086', 2),
(1898, 10627, 1, 47, '55-(432)145-5598', 2),
(1899, 10628, 1, 166, '86-(330)672-5223', 2),
(1900, 10629, 1, 166, '63-(127)486-2377', 2),
(1901, 10630, 1, 159, '55-(869)199-3233', 2),
(1902, 10631, 1, 166, '420-(127)617-6123', 2),
(1903, 10632, 1, 166, '57-(756)997-1834', 2),
(1904, 10633, 1, 47, '351-(291)491-2908', 2),
(1905, 20000, 2, 47, '33-(503)247-8221', 2),
(1906, 20001, 2, 166, '55-(130)893-5502', 2),
(1907, 20002, 2, 54, '86-(400)763-6860', 2),
(1908, 20003, 2, 159, '976-(789)148-5479', 2),
(1909, 20004, 2, 54, '507-(511)926-5636', 2),
(1910, 20005, 2, 47, '352-(903)287-1651', 2),
(1911, 20006, 2, 166, '352-(646)369-6347', 2),
(1912, 20007, 2, 47, '595-(193)420-8477', 2),
(1913, 20008, 2, 159, '86-(795)361-7399', 2),
(1914, 20009, 2, 54, '63-(766)348-8743', 2),
(1915, 20010, 2, 54, '55-(316)827-4644', 2),
(1916, 20011, 2, 54, '7-(595)771-4851', 2),
(1917, 20012, 2, 166, '62-(777)918-5082', 2),
(1918, 20013, 2, 159, '420-(415)153-5563', 2),
(1919, 20014, 2, 159, '48-(972)220-7359', 2),
(1920, 20015, 2, 166, '62-(425)569-8003', 2),
(1921, 20016, 2, 47, '86-(257)169-8685', 2),
(1922, 20017, 2, 54, '55-(444)388-8380', 2),
(1923, 20018, 2, 159, '381-(155)616-1908', 2),
(1924, 20019, 2, 54, '92-(868)328-9825', 2),
(1925, 20020, 2, 159, '92-(165)878-6079', 2),
(1926, 20021, 2, 47, '351-(544)108-1881', 2),
(1927, 20022, 2, 159, '81-(633)128-6094', 2),
(1928, 20023, 2, 54, '33-(320)603-2783', 2),
(1929, 20024, 2, 166, '7-(186)778-1530', 2),
(1930, 20025, 2, 47, '33-(667)219-5650', 2),
(1931, 20026, 2, 166, '92-(534)206-8841', 2),
(1932, 20027, 2, 47, '95-(698)996-2675', 2),
(1933, 20028, 2, 159, '55-(137)846-6039', 2),
(1934, 20029, 2, 159, '62-(561)462-1721', 2),
(1935, 20030, 2, 166, '880-(485)245-0897', 2),
(1936, 20031, 2, 54, '225-(771)149-0154', 2),
(1937, 20032, 2, 159, '62-(965)365-2578', 2),
(1938, 20033, 3, 54, '62-(996)525-7256', 2),
(1939, 20100, 1, 54, '86-(632)705-1306', 2),
(1940, 20101, 1, 47, '62-(242)895-9487', 2),
(1941, 20102, 1, 54, '81-(219)268-2423', 2),
(1942, 20103, 1, 159, '261-(710)914-6807', 2),
(1943, 20104, 1, 166, '7-(370)646-8037', 2),
(1944, 20105, 1, 54, '86-(997)503-5954', 2),
(1945, 20106, 1, 47, '962-(753)294-2612', 2),
(1946, 20107, 1, 159, '353-(560)324-2972', 2),
(1947, 20108, 1, 159, '7-(597)444-3104', 2),
(1948, 20109, 1, 54, '62-(317)597-1715', 2),
(1949, 20110, 1, 47, '976-(408)262-8298', 2),
(1950, 20111, 1, 159, '86-(549)424-8795', 2),
(1951, 20112, 1, 159, '46-(123)624-7238', 2),
(1952, 20113, 1, 54, '95-(860)742-2431', 2),
(1953, 20114, 1, 159, '1-(688)807-8022', 2),
(1954, 20115, 1, 159, '86-(207)251-6090', 2),
(1955, 20116, 1, 159, '48-(439)124-8130', 2),
(1956, 20117, 1, 166, '86-(278)845-8075', 2),
(1957, 20118, 1, 159, '63-(151)714-1941', 2),
(1958, 20119, 1, 166, '385-(539)936-8901', 2),
(1959, 20120, 1, 166, '55-(493)341-8287', 2),
(1960, 20121, 1, 47, '507-(989)542-6779', 2),
(1961, 20122, 1, 54, '86-(427)924-9936', 2),
(1962, 20123, 1, 47, '63-(929)363-2838', 2),
(1963, 20124, 1, 166, '62-(576)606-5244', 2),
(1964, 20125, 1, 47, '351-(555)479-1479', 2),
(1965, 20126, 1, 54, '86-(461)108-8169', 2),
(1966, 20127, 1, 47, '967-(803)541-2896', 2),
(1967, 20128, 1, 47, '504-(106)760-7014', 2),
(1968, 20129, 1, 47, '86-(490)850-6221', 2),
(1969, 20130, 1, 159, '66-(466)946-9145', 2),
(1970, 20131, 1, 159, '1-(202)373-2824', 2),
(1971, 20132, 1, 166, '55-(149)317-7331', 2),
(1972, 20133, 3, 54, '351-(252)693-5063', 2),
(1973, 20200, 1, 47, '52-(670)818-2789', 2),
(1974, 20201, 1, 47, '86-(688)488-0327', 2),
(1975, 20202, 1, 159, '370-(874)529-0545', 2),
(1976, 20203, 1, 47, '48-(592)674-8454', 2),
(1977, 20204, 1, 159, '81-(190)158-0257', 2),
(1978, 20205, 1, 54, '7-(820)839-6985', 2),
(1979, 20206, 1, 159, '62-(534)619-5608', 2),
(1980, 20207, 1, 47, '86-(193)591-9108', 2),
(1981, 20208, 1, 159, '66-(798)233-9871', 2),
(1982, 20209, 1, 54, '62-(267)771-5650', 2),
(1983, 20210, 1, 47, '36-(983)259-5124', 2),
(1984, 20211, 1, 47, '33-(215)311-6798', 2),
(1985, 20212, 1, 159, '48-(830)750-0284', 2),
(1986, 20213, 1, 159, '48-(803)212-3426', 2),
(1987, 20214, 1, 54, '351-(250)122-5668', 2),
(1988, 20215, 1, 54, '48-(640)224-4889', 2),
(1989, 20216, 1, 54, '48-(356)358-9141', 2),
(1990, 20217, 1, 54, '7-(323)240-2611', 2),
(1991, 20218, 1, 159, '86-(375)940-0380', 2),
(1992, 20219, 1, 159, '86-(352)744-4421', 2),
(1993, 20220, 1, 159, '56-(256)102-1405', 2),
(1994, 20221, 1, 166, '7-(796)515-9627', 2),
(1995, 20222, 1, 166, '81-(718)230-5506', 2),
(1996, 20223, 1, 166, '593-(439)957-5519', 2),
(1997, 20224, 1, 54, '86-(864)405-9704', 2),
(1998, 20225, 1, 54, '62-(977)844-6544', 2),
(1999, 20226, 1, 47, '234-(646)931-7105', 2),
(2000, 20227, 1, 159, '7-(308)848-1365', 2),
(2001, 20228, 1, 47, '86-(673)794-2013', 2),
(2002, 20229, 1, 47, '1-(862)943-1914', 2),
(2003, 20230, 1, 159, '86-(185)966-4884', 2),
(2004, 20231, 1, 47, '62-(937)844-0406', 2),
(2005, 20232, 1, 47, '7-(543)960-3156', 2),
(2006, 20233, 3, 54, '86-(421)877-9406', 2),
(2007, 20300, 1, 54, '81-(445)128-8103', 2),
(2008, 20301, 1, 159, '7-(361)269-7351', 2),
(2009, 20302, 1, 166, '55-(280)440-8949', 2),
(2010, 20303, 1, 54, '86-(234)978-3494', 2),
(2011, 20304, 1, 54, '220-(821)969-2434', 2),
(2012, 20305, 1, 54, '55-(330)145-9991', 2),
(2013, 20306, 1, 54, '98-(955)725-3813', 2),
(2014, 20307, 1, 159, '63-(632)802-9186', 2),
(2015, 20308, 1, 166, '7-(760)284-2141', 2),
(2016, 20309, 1, 166, '359-(339)934-4501', 2),
(2017, 20310, 1, 47, '249-(431)309-0969', 2),
(2018, 20311, 1, 47, '27-(128)862-5052', 2),
(2019, 20312, 1, 47, '86-(228)531-3557', 2),
(2020, 20313, 1, 159, '55-(532)561-0316', 2),
(2021, 20314, 1, 54, '86-(151)186-0735', 2),
(2022, 20315, 1, 159, '976-(759)959-7269', 2),
(2023, 20316, 1, 54, '33-(446)706-6008', 2),
(2024, 20317, 1, 159, '86-(366)609-7014', 2),
(2025, 20318, 1, 159, '62-(320)710-5070', 2),
(2026, 20319, 1, 166, '86-(697)113-0118', 2),
(2027, 20320, 1, 159, '86-(530)318-2633', 2),
(2028, 20321, 1, 166, '46-(145)244-7899', 2),
(2029, 20322, 1, 159, '1-(915)607-2737', 2),
(2030, 20323, 1, 47, '86-(989)390-8896', 2),
(2031, 20324, 1, 166, '36-(306)677-0663', 2),
(2032, 20325, 1, 47, '263-(469)191-2503', 2),
(2033, 20326, 1, 166, '62-(107)426-2615', 2),
(2034, 20327, 1, 159, '976-(449)535-3448', 2),
(2035, 20328, 1, 54, '52-(436)508-2088', 2),
(2036, 20329, 1, 54, '86-(765)794-2175', 2),
(2037, 20330, 1, 166, '52-(111)160-9218', 2),
(2038, 20331, 1, 47, '33-(489)671-5799', 2),
(2039, 20332, 1, 166, '86-(904)745-8869', 2),
(2040, 20333, 3, 166, '420-(586)660-1716', 2),
(2041, 20400, 1, 166, '92-(584)212-3211', 2),
(2042, 20401, 1, 166, '81-(284)267-1660', 2),
(2043, 20402, 1, 47, '226-(739)132-9898', 2),
(2044, 20403, 1, 54, '976-(213)442-7384', 2),
(2045, 20404, 1, 166, '351-(525)680-4598', 2),
(2046, 20405, 1, 47, '1-(334)616-6432', 2),
(2047, 20406, 1, 47, '33-(637)198-3303', 2),
(2048, 20407, 1, 166, '86-(471)897-4428', 2),
(2049, 20408, 1, 159, '66-(141)776-3252', 2),
(2050, 20409, 1, 54, '92-(518)711-0154', 2),
(2051, 20410, 1, 54, '46-(763)566-5815', 2),
(2052, 20411, 1, 159, '86-(519)619-3241', 2),
(2053, 20412, 1, 47, '7-(923)465-1597', 2),
(2054, 20413, 1, 166, '86-(459)813-4903', 2),
(2055, 20414, 1, 159, '55-(482)820-4116', 2),
(2056, 20415, 1, 54, '57-(187)977-3754', 2),
(2057, 20416, 1, 54, '232-(209)907-0713', 2),
(2058, 20417, 1, 54, '856-(242)797-7268', 2),
(2059, 20418, 1, 54, '86-(246)419-3425', 2),
(2060, 20419, 1, 166, '1-(612)344-2008', 2),
(2061, 20420, 1, 54, '66-(689)139-5319', 2),
(2062, 20421, 1, 166, '55-(820)513-6626', 2),
(2063, 20422, 1, 47, '976-(946)641-1937', 2),
(2064, 20423, 1, 54, '52-(801)832-2188', 2),
(2065, 20424, 1, 159, '33-(703)966-0012', 2),
(2066, 20425, 1, 166, '351-(354)298-6775', 2),
(2067, 20426, 1, 47, '86-(361)325-9468', 2),
(2068, 20427, 1, 166, '86-(616)919-4173', 2),
(2069, 20428, 1, 47, '94-(503)796-3267', 2),
(2070, 20429, 1, 159, '86-(484)342-2828', 2),
(2071, 20430, 1, 47, '63-(241)799-2946', 2),
(2072, 20431, 1, 47, '966-(794)763-3191', 2),
(2073, 20432, 1, 159, '1-(217)793-4034', 2),
(2074, 20433, 3, 166, '51-(286)958-8012', 2),
(2075, 20500, 1, 47, '976-(435)697-8715', 2),
(2076, 20501, 1, 54, '52-(293)752-5482', 2),
(2077, 20502, 1, 166, '48-(127)498-2458', 2),
(2078, 20503, 1, 47, '86-(244)234-9326', 2),
(2079, 20504, 1, 54, '234-(108)133-9088', 2),
(2080, 20505, 1, 159, '33-(427)818-1527', 2),
(2081, 20506, 1, 166, '63-(763)615-7518', 2),
(2082, 20507, 1, 47, '7-(998)955-5330', 2),
(2083, 20508, 1, 159, '7-(816)816-2855', 2),
(2084, 20509, 1, 47, '86-(997)198-9840', 2),
(2085, 20510, 1, 166, '48-(535)951-1560', 2),
(2086, 20511, 1, 54, '84-(179)356-6337', 2),
(2087, 20512, 1, 166, '48-(600)330-8690', 2),
(2088, 20513, 1, 47, '81-(384)472-1420', 2),
(2089, 20514, 1, 159, '7-(103)240-5836', 2),
(2090, 20515, 1, 47, '7-(199)766-0703', 2),
(2091, 20516, 1, 54, '33-(234)939-5416', 2),
(2092, 20517, 1, 47, '380-(485)988-4587', 2),
(2093, 20518, 1, 54, '1-(202)401-7192', 2),
(2094, 20519, 1, 47, '86-(573)955-5189', 2),
(2095, 20520, 1, 159, '7-(370)402-8791', 2),
(2096, 20521, 1, 159, '60-(514)107-6197', 2),
(2097, 20522, 1, 159, '86-(373)245-1498', 2),
(2098, 20523, 1, 47, '86-(391)925-5306', 2),
(2099, 20524, 1, 166, '33-(251)664-6897', 2),
(2100, 20525, 1, 166, '86-(845)566-3466', 2),
(2101, 20526, 1, 166, '850-(464)963-9448', 2),
(2102, 20527, 1, 47, '46-(164)528-0925', 2),
(2103, 20528, 1, 47, '33-(497)164-1935', 2),
(2104, 20529, 1, 47, '20-(303)465-0489', 2),
(2105, 20530, 1, 47, '227-(613)709-5472', 2),
(2106, 20531, 1, 159, '1-(419)793-4556', 2),
(2107, 20532, 1, 54, '1-(205)555-5005', 2),
(2108, 20533, 3, 159, '62-(378)130-8016', 2),
(2109, 20600, 2, 159, '7-(155)709-6331', 2),
(2110, 20601, 2, 54, '55-(164)991-8484', 2),
(2111, 20602, 2, 159, '93-(200)470-4821', 2),
(2112, 20603, 2, 159, '255-(724)658-7231', 2),
(2113, 20604, 2, 47, '92-(568)744-6123', 2),
(2114, 20605, 2, 47, '55-(838)758-6498', 2),
(2115, 20606, 2, 166, '55-(967)397-6735', 2),
(2116, 20607, 2, 54, '971-(291)737-1084', 2),
(2117, 20608, 2, 54, '7-(291)748-3384', 2),
(2118, 20609, 2, 159, '93-(419)586-3005', 2),
(2119, 20610, 2, 159, '62-(954)805-3089', 2),
(2120, 20611, 2, 166, '60-(171)354-1060', 2),
(2121, 20612, 2, 159, '86-(918)313-5466', 2),
(2122, 20613, 2, 166, '506-(861)777-3742', 2),
(2123, 20614, 2, 159, '57-(600)407-2206', 2),
(2124, 20615, 2, 159, '81-(190)301-3353', 2),
(2125, 20616, 2, 54, '1-(559)815-0107', 2),
(2126, 20617, 2, 54, '66-(642)383-0070', 2),
(2127, 20618, 2, 47, '7-(156)508-2483', 2),
(2128, 20619, 2, 166, '48-(832)135-8096', 2),
(2129, 20620, 2, 166, '62-(741)443-9193', 2),
(2130, 20621, 2, 54, '86-(501)804-4985', 2),
(2131, 20622, 2, 54, '52-(730)334-2709', 2),
(2132, 20623, 2, 54, '7-(749)308-6663', 2),
(2133, 20624, 2, 47, '62-(107)992-5355', 2),
(2134, 20625, 2, 47, '81-(780)185-8066', 2),
(2135, 20626, 2, 159, '1-(314)398-1310', 2),
(2136, 20627, 2, 47, '20-(187)275-0519', 2),
(2137, 20628, 2, 54, '62-(140)903-4450', 2),
(2138, 20629, 2, 54, '48-(330)892-8298', 2),
(2139, 20630, 2, 54, '46-(661)772-8446', 2),
(2140, 20631, 2, 159, '63-(711)746-7756', 2),
(2141, 20632, 2, 54, '81-(953)986-9130', 2),
(2142, 20633, 3, 54, '46-(453)591-6370', 2),
(2143, 30000, 2, 166, '62-(169)780-3640', 2),
(2144, 30001, 2, 166, '86-(750)551-1075', 2),
(2145, 30002, 2, 166, '33-(736)917-3737', 2),
(2146, 30003, 2, 47, '692-(121)492-0478', 2),
(2147, 30004, 2, 166, '86-(908)747-3926', 2),
(2148, 30005, 2, 47, '593-(314)806-1615', 2),
(2149, 30006, 2, 159, '351-(424)420-5805', 2),
(2150, 30007, 2, 159, '30-(342)849-9883', 2),
(2151, 30008, 2, 166, '86-(820)997-4354', 2),
(2152, 30009, 2, 54, '86-(569)805-0305', 2),
(2153, 30010, 2, 166, '51-(561)121-1070', 2),
(2154, 30011, 2, 159, '94-(590)321-3146', 2),
(2155, 30012, 2, 159, '62-(878)338-4910', 2),
(2156, 30013, 2, 54, '1-(222)421-7361', 2),
(2157, 30014, 2, 166, '33-(782)698-4860', 2),
(2158, 30015, 2, 166, '62-(714)213-3892', 2),
(2159, 30016, 2, 47, '355-(573)146-6957', 2),
(2160, 30017, 2, 166, '385-(959)311-7846', 2),
(2161, 30018, 2, 166, '62-(788)827-5321', 2),
(2162, 30019, 2, 54, '39-(102)774-9803', 2),
(2163, 30020, 2, 159, '351-(912)348-1999', 2),
(2164, 30021, 2, 47, '86-(649)523-5956', 2),
(2165, 30022, 2, 166, '235-(456)890-0251', 2),
(2166, 30023, 2, 166, '62-(304)620-0878', 2),
(2167, 30024, 2, 159, '62-(479)989-5973', 2),
(2168, 30025, 2, 54, '55-(484)385-7554', 2),
(2169, 30026, 2, 54, '84-(111)449-4285', 2),
(2170, 30027, 2, 54, '972-(695)173-8286', 2),
(2171, 30028, 2, 166, '62-(160)711-1644', 2),
(2172, 30029, 2, 54, '33-(179)562-4252', 2),
(2173, 30030, 2, 166, '56-(536)362-2292', 2),
(2174, 30031, 2, 166, '52-(582)543-1893', 2),
(2175, 30032, 2, 54, '7-(358)106-3196', 2),
(2176, 30033, 3, 159, '509-(760)888-1349', 2),
(2177, 30100, 1, 54, '86-(774)719-5509', 2),
(2178, 30101, 1, 166, '7-(921)114-9560', 2),
(2179, 30102, 1, 166, '93-(816)888-9315', 2),
(2180, 30103, 1, 54, '86-(565)805-6265', 2),
(2181, 30104, 1, 159, '691-(790)883-4284', 2),
(2182, 30105, 1, 159, '353-(961)477-5754', 2),
(2183, 30106, 1, 166, '30-(364)524-9046', 2),
(2184, 30107, 1, 54, '1-(262)528-1007', 2),
(2185, 30108, 1, 47, '850-(106)813-7379', 2),
(2186, 30109, 1, 54, '31-(368)593-3678', 2),
(2187, 30110, 1, 159, '86-(371)533-1485', 2),
(2188, 30111, 1, 166, '1-(504)417-3407', 2),
(2189, 30112, 1, 159, '30-(811)167-1462', 2),
(2190, 30113, 1, 166, '267-(194)454-6002', 2),
(2191, 30114, 1, 54, '93-(599)902-9018', 2),
(2192, 30115, 1, 54, '353-(461)217-5253', 2),
(2193, 30116, 1, 54, '54-(542)601-1198', 2),
(2194, 30117, 1, 159, '856-(638)662-8647', 2),
(2195, 30118, 1, 47, '962-(915)466-8430', 2),
(2196, 30119, 1, 166, '996-(662)266-0160', 2),
(2197, 30120, 1, 166, '63-(927)505-4975', 2),
(2198, 30121, 1, 166, '1-(570)474-7391', 2),
(2199, 30122, 1, 54, '7-(685)959-7258', 2),
(2200, 30123, 1, 159, '351-(659)999-7097', 2),
(2201, 30124, 1, 47, '86-(397)271-2437', 2),
(2202, 30125, 1, 54, '33-(100)897-0818', 2),
(2203, 30126, 1, 159, '48-(643)752-8263', 2),
(2204, 30127, 1, 166, '62-(736)345-8835', 2),
(2205, 30128, 1, 166, '48-(550)307-8423', 2),
(2206, 30129, 1, 166, '30-(170)810-0876', 2),
(2207, 30130, 1, 166, '98-(986)497-4362', 2),
(2208, 30131, 1, 159, '57-(730)182-2690', 2),
(2209, 30132, 1, 159, '62-(127)945-7665', 2),
(2210, 30133, 3, 47, '420-(695)942-9284', 2),
(2211, 30200, 1, 54, '62-(860)822-4704', 2),
(2212, 30201, 1, 47, '1-(405)797-2822', 2),
(2213, 30202, 1, 54, '63-(926)165-1206', 2),
(2214, 30203, 1, 54, '7-(487)469-9506', 2),
(2215, 30204, 1, 159, '7-(454)715-1207', 2),
(2216, 30205, 1, 159, '351-(211)314-8161', 2),
(2217, 30206, 1, 54, '82-(715)928-0573', 2),
(2218, 30207, 1, 47, '212-(613)539-2304', 2),
(2219, 30208, 1, 54, '53-(990)332-5027', 2),
(2220, 30209, 1, 47, '48-(117)955-8482', 2),
(2221, 30210, 1, 166, '86-(311)221-2015', 2),
(2222, 30211, 1, 159, '56-(831)246-2281', 2),
(2223, 30212, 1, 47, '54-(769)493-9966', 2),
(2224, 30213, 1, 159, '66-(377)221-7326', 2),
(2225, 30214, 1, 54, '244-(870)326-4896', 2),
(2226, 30215, 1, 159, '261-(607)597-7822', 2),
(2227, 30216, 1, 54, '62-(839)994-1862', 2),
(2228, 30217, 1, 47, '351-(308)397-8477', 2),
(2229, 30218, 1, 166, '98-(611)469-8335', 2),
(2230, 30219, 1, 159, '7-(922)695-5191', 2),
(2231, 30220, 1, 166, '63-(153)515-5770', 2),
(2232, 30221, 1, 159, '86-(367)938-5558', 2),
(2233, 30222, 1, 47, '1-(260)415-6345', 2),
(2234, 30223, 1, 54, '98-(930)706-9747', 2),
(2235, 30224, 1, 166, '86-(252)851-2617', 2),
(2236, 30225, 1, 166, '48-(242)974-8657', 2),
(2237, 30226, 1, 47, '1-(479)177-5082', 2),
(2238, 30227, 1, 159, '30-(690)431-2149', 2),
(2239, 30228, 1, 47, '48-(974)728-3603', 2),
(2240, 30229, 1, 47, '86-(991)747-8916', 2),
(2241, 30230, 1, 159, '7-(562)190-5238', 2),
(2242, 30231, 1, 159, '351-(138)930-2012', 2),
(2243, 30232, 1, 159, '48-(427)878-5453', 2),
(2244, 30233, 3, 47, '256-(417)944-6102', 2),
(2245, 30300, 1, 47, '51-(331)351-3519', 2),
(2246, 30301, 1, 159, '63-(719)821-1573', 2),
(2247, 30302, 1, 166, '86-(175)747-3633', 2),
(2248, 30303, 1, 54, '63-(619)210-3279', 2),
(2249, 30304, 1, 166, '86-(952)203-8530', 2),
(2250, 30305, 1, 166, '62-(929)976-6161', 2),
(2251, 30306, 1, 47, '33-(867)642-8300', 2),
(2252, 30307, 1, 166, '351-(962)217-0506', 2),
(2253, 30308, 1, 166, '62-(810)628-1551', 2),
(2254, 30309, 1, 159, '63-(564)934-0831', 2),
(2255, 30310, 1, 47, '84-(394)279-3473', 2),
(2256, 30311, 1, 159, '63-(637)575-6771', 2),
(2257, 30312, 1, 166, '691-(700)588-8970', 2),
(2258, 30313, 1, 47, '63-(884)778-9464', 2),
(2259, 30314, 1, 54, '234-(588)807-1878', 2),
(2260, 30315, 1, 159, '82-(745)431-8071', 2),
(2261, 30316, 1, 159, '51-(555)536-2260', 2),
(2262, 30317, 1, 159, '7-(339)414-9645', 2),
(2263, 30318, 1, 159, '54-(943)900-1946', 2),
(2264, 30319, 1, 159, '218-(348)758-0110', 2),
(2265, 30320, 1, 159, '351-(981)209-2867', 2),
(2266, 30321, 1, 47, '591-(271)110-0205', 2),
(2267, 30322, 1, 47, '62-(448)491-1415', 2),
(2268, 30323, 1, 54, '234-(619)600-8192', 2),
(2269, 30324, 1, 159, '55-(624)159-2731', 2),
(2270, 30325, 1, 159, '52-(395)388-3732', 2),
(2271, 30326, 1, 166, '675-(430)318-5481', 2),
(2272, 30327, 1, 166, '389-(349)657-4490', 2),
(2273, 30328, 1, 54, '86-(280)163-7324', 2),
(2274, 30329, 1, 159, '46-(689)987-9857', 2),
(2275, 30330, 1, 166, '976-(494)755-9279', 2),
(2276, 30331, 1, 54, '1-(931)536-2574', 2),
(2277, 30332, 1, 166, '7-(419)774-2436', 2),
(2278, 30333, 3, 47, '380-(113)491-6937', 2),
(2279, 30400, 1, 54, '62-(410)318-4813', 2),
(2280, 30401, 1, 54, '52-(946)215-2723', 2),
(2281, 30402, 1, 54, '53-(593)650-4396', 2),
(2282, 30403, 1, 159, '970-(614)712-4925', 2),
(2283, 30404, 1, 47, '62-(646)334-3571', 2),
(2284, 30405, 1, 47, '66-(926)155-4004', 2),
(2285, 30406, 1, 166, '93-(385)887-8915', 2),
(2286, 30407, 1, 47, '7-(286)664-4228', 2),
(2287, 30408, 1, 159, '7-(200)335-6465', 2),
(2288, 30409, 1, 166, '7-(129)910-4884', 2),
(2289, 30410, 1, 54, '55-(915)559-9175', 2),
(2290, 30411, 1, 159, '963-(748)252-2420', 2),
(2291, 30412, 1, 166, '86-(836)581-3139', 2),
(2292, 30413, 1, 54, '86-(798)451-7066', 2),
(2293, 30414, 1, 159, '86-(845)610-4543', 2),
(2294, 30415, 1, 159, '212-(969)734-3466', 2),
(2295, 30416, 1, 47, '212-(679)945-7428', 2),
(2296, 30417, 1, 159, '226-(930)873-6603', 2),
(2297, 30418, 1, 47, '33-(221)119-3124', 2),
(2298, 30419, 1, 47, '223-(955)792-4736', 2),
(2299, 30420, 1, 54, '62-(418)777-6391', 2),
(2300, 30421, 1, 159, '62-(613)236-9808', 2),
(2301, 30422, 1, 54, '1-(202)582-0720', 2),
(2302, 30423, 1, 159, '62-(352)345-3419', 2),
(2303, 30424, 1, 166, '254-(821)847-2118', 2),
(2304, 30425, 1, 54, '33-(359)815-5461', 2),
(2305, 30426, 1, 47, '86-(898)924-2766', 2),
(2306, 30427, 1, 159, '7-(885)579-9587', 2),
(2307, 30428, 1, 159, '62-(933)506-4253', 2),
(2308, 30429, 1, 54, '48-(152)207-0572', 2),
(2309, 30430, 1, 47, '506-(733)237-2281', 2),
(2310, 30431, 1, 54, '62-(854)607-7709', 2),
(2311, 30432, 1, 159, '7-(335)144-7792', 2),
(2312, 30433, 3, 47, '380-(794)211-9913', 2),
(2313, 30500, 1, 159, '381-(995)878-0400', 2),
(2314, 30501, 1, 166, '62-(147)609-1655', 2),
(2315, 30502, 1, 159, '386-(958)980-5502', 2),
(2316, 30503, 1, 54, '387-(256)453-3159', 2),
(2317, 30504, 1, 166, '55-(528)365-6412', 2),
(2318, 30505, 1, 47, '387-(775)801-3259', 2),
(2319, 30506, 1, 47, '62-(795)881-5307', 2),
(2320, 30507, 1, 166, '86-(627)261-7461', 2),
(2321, 30508, 1, 166, '62-(976)523-6107', 2),
(2322, 30509, 1, 47, '63-(991)421-8534', 2),
(2323, 30510, 1, 47, '55-(309)445-5482', 2),
(2324, 30511, 1, 159, '63-(339)196-7732', 2),
(2325, 30512, 1, 159, '86-(468)933-1451', 2),
(2326, 30513, 1, 47, '260-(155)151-6742', 2),
(2327, 30514, 1, 159, '33-(360)479-4028', 2),
(2328, 30515, 1, 54, '86-(871)937-7359', 2),
(2329, 30516, 1, 166, '55-(196)807-9243', 2),
(2330, 30517, 1, 47, '86-(405)437-9298', 2),
(2331, 30518, 1, 54, '977-(109)149-3512', 2),
(2332, 30519, 1, 47, '62-(130)511-3240', 2);
INSERT INTO `ROOM` (`room_id`, `room_number`, `roomCat_id`, `cleaner_id`, `phone_number`, `ship_id`) VALUES
(2333, 30520, 1, 166, '383-(150)172-0997', 2),
(2334, 30521, 1, 54, '385-(384)413-9835', 2),
(2335, 30522, 1, 54, '353-(125)178-2818', 2),
(2336, 30523, 1, 159, '1-(801)595-4171', 2),
(2337, 30524, 1, 159, '49-(996)369-6652', 2),
(2338, 30525, 1, 159, '1-(212)597-4878', 2),
(2339, 30526, 1, 47, '355-(140)697-3598', 2),
(2340, 30527, 1, 54, '86-(657)230-6364', 2),
(2341, 30528, 1, 159, '505-(677)561-4749', 2),
(2342, 30529, 1, 166, '62-(288)772-9616', 2),
(2343, 30530, 1, 54, '55-(930)975-2299', 2),
(2344, 30531, 1, 159, '594-(397)225-2858', 2),
(2345, 30532, 1, 47, '63-(514)458-6985', 2),
(2346, 30533, 3, 47, '62-(626)888-7390', 2),
(2347, 30600, 2, 47, '48-(600)784-6576', 2),
(2348, 30601, 2, 159, '66-(201)340-1582', 2),
(2349, 30602, 2, 47, '20-(408)322-7276', 2),
(2350, 30603, 2, 166, '64-(374)237-9593', 2),
(2351, 30604, 2, 166, '58-(433)267-5564', 2),
(2352, 30605, 2, 166, '86-(185)780-0458', 2),
(2353, 30606, 2, 159, '389-(855)803-9072', 2),
(2354, 30607, 2, 159, '55-(856)682-7568', 2),
(2355, 30608, 2, 159, '86-(792)462-3667', 2),
(2356, 30609, 2, 47, '7-(149)251-4125', 2),
(2357, 30610, 2, 47, '386-(763)448-3297', 2),
(2358, 30611, 2, 47, '48-(646)956-3865', 2),
(2359, 30612, 2, 159, '963-(908)475-4994', 2),
(2360, 30613, 2, 166, '55-(515)897-4832', 2),
(2361, 30614, 2, 54, '55-(959)558-3651', 2),
(2362, 30615, 2, 166, '51-(761)970-9490', 2),
(2363, 30616, 2, 166, '62-(211)635-8607', 2),
(2364, 30617, 2, 54, '7-(291)923-9860', 2),
(2365, 30618, 2, 166, '62-(316)679-4626', 2),
(2366, 30619, 2, 54, '33-(736)224-6563', 2),
(2367, 30620, 2, 166, '351-(284)765-7491', 2),
(2368, 30621, 2, 47, '51-(926)749-9954', 2),
(2369, 30622, 2, 159, '62-(440)813-1316', 2),
(2370, 30623, 2, 47, '46-(292)804-4958', 2),
(2371, 30624, 2, 47, '86-(850)211-6947', 2),
(2372, 30625, 2, 54, '63-(947)156-4412', 2),
(2373, 30626, 2, 166, '54-(496)105-6282', 2),
(2374, 30627, 2, 47, '55-(247)354-1050', 2),
(2375, 30628, 2, 159, '63-(750)528-5947', 2),
(2376, 30629, 2, 54, '48-(797)897-4188', 2),
(2377, 30630, 2, 54, '86-(713)670-0176', 2),
(2378, 30631, 2, 47, '27-(347)275-1248', 2),
(2379, 30632, 2, 47, '268-(549)109-9615', 2),
(2380, 30633, 3, 47, '48-(522)195-2719', 2),
(2381, 40000, 2, 159, '33-(938)346-8135', 2),
(2382, 40001, 2, 54, '44-(943)568-4626', 2),
(2383, 40002, 2, 54, '27-(127)735-2597', 2),
(2384, 40003, 2, 47, '351-(938)888-4691', 2),
(2385, 40004, 2, 159, '351-(797)470-1226', 2),
(2386, 40005, 2, 166, '86-(843)862-3046', 2),
(2387, 40006, 2, 166, '54-(525)228-1947', 2),
(2388, 40007, 2, 166, '55-(700)973-3007', 2),
(2389, 40008, 2, 159, '358-(738)902-2653', 2),
(2390, 40009, 2, 54, '62-(718)300-6650', 2),
(2391, 40010, 2, 54, '86-(856)989-7327', 2),
(2392, 40011, 2, 47, '33-(639)372-7436', 2),
(2393, 40012, 2, 166, '351-(813)627-9990', 2),
(2394, 40013, 2, 47, '51-(624)180-7071', 2),
(2395, 40014, 2, 47, '62-(637)638-3898', 2),
(2396, 40015, 2, 54, '62-(427)753-2747', 2),
(2397, 40016, 2, 47, '1-(704)632-5459', 2),
(2398, 40017, 2, 159, '380-(240)192-4115', 2),
(2399, 40018, 2, 47, '33-(602)922-9346', 2),
(2400, 40019, 2, 54, '86-(907)428-9473', 2),
(2401, 40020, 2, 54, '86-(190)111-5687', 2),
(2402, 40021, 2, 54, '53-(841)557-1228', 2),
(2403, 40022, 2, 166, '358-(443)996-6366', 2),
(2404, 40023, 2, 54, '256-(627)999-0049', 2),
(2405, 40024, 2, 166, '57-(451)916-7279', 2),
(2406, 40025, 2, 159, '856-(391)778-2979', 2),
(2407, 40026, 2, 159, '86-(615)811-7433', 2),
(2408, 40027, 2, 54, '265-(722)206-3719', 2),
(2409, 40028, 2, 47, '994-(517)996-3127', 2),
(2410, 40029, 2, 54, '86-(740)172-1008', 2),
(2411, 40030, 2, 47, '86-(529)896-6739', 2),
(2412, 40031, 2, 159, '7-(453)370-0329', 2),
(2413, 40032, 2, 47, '55-(985)904-6518', 2),
(2414, 40033, 3, 47, '504-(553)590-8515', 2),
(2415, 40100, 1, 166, '7-(368)446-5593', 2),
(2416, 40101, 1, 54, '62-(352)908-0684', 2),
(2417, 40102, 1, 54, '267-(940)669-5201', 2),
(2418, 40103, 1, 159, '420-(351)941-8262', 2),
(2419, 40104, 1, 54, '7-(600)757-8301', 2),
(2420, 40105, 1, 54, '86-(395)754-4998', 2),
(2421, 40106, 1, 54, '86-(656)131-7671', 2),
(2422, 40107, 1, 54, '86-(758)943-8913', 2),
(2423, 40108, 1, 159, '502-(503)617-6470', 2),
(2424, 40109, 1, 159, '48-(441)499-8351', 2),
(2425, 40110, 1, 47, '267-(927)701-0076', 2),
(2426, 40111, 1, 166, '377-(825)297-9395', 2),
(2427, 40112, 1, 159, '86-(349)157-2480', 2),
(2428, 40113, 1, 47, '57-(924)645-6860', 2),
(2429, 40114, 1, 166, '502-(751)774-9741', 2),
(2430, 40115, 1, 166, '55-(753)551-2381', 2),
(2431, 40116, 1, 47, '62-(321)789-4800', 2),
(2432, 40117, 1, 166, '55-(935)188-1851', 2),
(2433, 40118, 1, 166, '230-(134)538-8330', 2),
(2434, 40119, 1, 54, '351-(355)316-2138', 2),
(2435, 40120, 1, 54, '86-(886)881-1358', 2),
(2436, 40121, 1, 159, '595-(998)167-7770', 2),
(2437, 40122, 1, 54, '386-(399)277-7391', 2),
(2438, 40123, 1, 159, '93-(992)675-6187', 2),
(2439, 40124, 1, 166, '66-(802)594-4278', 2),
(2440, 40125, 1, 166, '47-(908)704-7424', 2),
(2441, 40126, 1, 159, '54-(935)642-0889', 2),
(2442, 40127, 1, 159, '86-(251)226-7854', 2),
(2443, 40128, 1, 166, '82-(265)594-7804', 2),
(2444, 40129, 1, 54, '86-(841)111-7223', 2),
(2445, 40130, 1, 54, '86-(607)749-1452', 2),
(2446, 40131, 1, 166, '63-(602)572-3013', 2),
(2447, 40132, 1, 47, '47-(450)779-7384', 2),
(2448, 40133, 3, 54, '355-(351)952-6869', 2),
(2449, 40200, 1, 159, '62-(394)737-7042', 2),
(2450, 40201, 1, 54, '358-(209)479-2353', 2),
(2451, 40202, 1, 166, '33-(254)811-5116', 2),
(2452, 40203, 1, 166, '86-(959)572-2046', 2),
(2453, 40204, 1, 166, '66-(722)247-0509', 2),
(2454, 40205, 1, 159, '51-(928)954-4255', 2),
(2455, 40206, 1, 47, '48-(448)538-7481', 2),
(2456, 40207, 1, 166, '386-(712)741-7215', 2),
(2457, 40208, 1, 47, '62-(492)218-7456', 2),
(2458, 40209, 1, 54, '225-(606)902-4181', 2),
(2459, 40210, 1, 166, '36-(532)386-4007', 2),
(2460, 40211, 1, 166, '357-(191)568-7404', 2),
(2461, 40212, 1, 47, '66-(152)770-8482', 2),
(2462, 40213, 1, 166, '420-(699)377-6121', 2),
(2463, 40214, 1, 159, '86-(763)956-0187', 2),
(2464, 40215, 1, 54, '93-(490)209-6423', 2),
(2465, 40216, 1, 54, '506-(935)162-1521', 2),
(2466, 40217, 1, 159, '27-(130)156-9745', 2),
(2467, 40218, 1, 159, '62-(186)157-5842', 2),
(2468, 40219, 1, 47, '420-(251)466-4953', 2),
(2469, 40220, 1, 54, '264-(673)732-3575', 2),
(2470, 40221, 1, 54, '387-(530)586-1509', 2),
(2471, 40222, 1, 47, '504-(250)305-2619', 2),
(2472, 40223, 1, 47, '86-(134)707-9402', 2),
(2473, 40224, 1, 159, '62-(454)974-5097', 2),
(2474, 40225, 1, 54, '62-(388)113-7457', 2),
(2475, 40226, 1, 47, '62-(434)266-0696', 2),
(2476, 40227, 1, 159, '86-(288)276-8103', 2),
(2477, 40228, 1, 159, '86-(327)157-3915', 2),
(2478, 40229, 1, 166, '7-(229)515-7702', 2),
(2479, 40230, 1, 166, '98-(272)333-5901', 2),
(2480, 40231, 1, 166, '265-(112)110-6011', 2),
(2481, 40232, 1, 54, '33-(167)727-2164', 2),
(2482, 40233, 3, 47, '33-(910)525-6064', 2),
(2483, 40300, 1, 166, '62-(574)796-9186', 2),
(2484, 40301, 1, 166, '86-(740)141-7585', 2),
(2485, 40302, 1, 166, '62-(740)449-4543', 2),
(2486, 40303, 1, 159, '977-(493)954-7658', 2),
(2487, 40304, 1, 159, '55-(481)321-0626', 2),
(2488, 40305, 1, 47, '86-(623)227-1920', 2),
(2489, 40306, 1, 54, '30-(238)830-5600', 2),
(2490, 40307, 1, 159, '86-(377)845-7168', 2),
(2491, 40308, 1, 166, '31-(209)243-4795', 2),
(2492, 40309, 1, 54, '256-(575)286-1405', 2),
(2493, 40310, 1, 166, '62-(623)850-9152', 2),
(2494, 40311, 1, 159, '27-(293)676-1221', 2),
(2495, 40312, 1, 166, '62-(607)627-9706', 2),
(2496, 40313, 1, 47, '86-(337)210-4810', 2),
(2497, 40314, 1, 159, '57-(296)795-3640', 2),
(2498, 40315, 1, 54, '261-(655)130-7813', 2),
(2499, 40316, 1, 159, '33-(771)433-1312', 2),
(2500, 40317, 1, 166, '92-(937)643-5314', 2),
(2501, 40318, 1, 159, '63-(256)101-8116', 2),
(2502, 40319, 1, 54, '86-(828)759-6768', 2),
(2503, 40320, 1, 166, '33-(162)586-1633', 2),
(2504, 40321, 1, 47, '46-(725)472-4653', 2),
(2505, 40322, 1, 54, '63-(707)950-5132', 2),
(2506, 40323, 1, 166, '387-(188)674-9017', 2),
(2507, 40324, 1, 54, '48-(133)662-6395', 2),
(2508, 40325, 1, 47, '86-(691)264-3695', 2),
(2509, 40326, 1, 159, '48-(906)187-1301', 2),
(2510, 40327, 1, 54, '7-(590)108-9479', 2),
(2511, 40328, 1, 47, '86-(825)502-6994', 2),
(2512, 40329, 1, 47, '57-(918)421-2382', 2),
(2513, 40330, 1, 166, '351-(113)199-6073', 2),
(2514, 40331, 1, 166, '256-(438)801-0824', 2),
(2515, 40332, 1, 159, '92-(703)180-2186', 2),
(2516, 40333, 3, 166, '62-(724)692-8733', 2),
(2517, 40400, 1, 47, '86-(430)109-5331', 2),
(2518, 40401, 1, 54, '7-(466)542-6320', 2),
(2519, 40402, 1, 159, '86-(887)685-4882', 2),
(2520, 40403, 1, 47, '98-(333)756-8780', 2),
(2521, 40404, 1, 47, '86-(496)365-0257', 2),
(2522, 40405, 1, 166, '55-(339)607-6024', 2),
(2523, 40406, 1, 166, '1-(407)839-6273', 2),
(2524, 40407, 1, 47, '62-(377)674-8982', 2),
(2525, 40408, 1, 166, '49-(243)898-1091', 2),
(2526, 40409, 1, 159, '54-(826)759-2691', 2),
(2527, 40410, 1, 47, '995-(259)983-0319', 2),
(2528, 40411, 1, 159, '351-(291)993-9795', 2),
(2529, 40412, 1, 159, '387-(349)612-5097', 2),
(2530, 40413, 1, 47, '48-(423)814-3760', 2),
(2531, 40414, 1, 47, '7-(391)821-6635', 2),
(2532, 40415, 1, 47, '46-(528)607-8310', 2),
(2533, 40416, 1, 47, '7-(750)981-7667', 2),
(2534, 40417, 1, 54, '86-(690)175-5776', 2),
(2535, 40418, 1, 54, '351-(342)605-8901', 2),
(2536, 40419, 1, 47, '33-(620)127-0117', 2),
(2537, 40420, 1, 166, '86-(911)110-9555', 2),
(2538, 40421, 1, 54, '961-(875)228-9464', 2),
(2539, 40422, 1, 166, '84-(438)531-3178', 2),
(2540, 40423, 1, 47, '86-(328)996-4517', 2),
(2541, 40424, 1, 166, '55-(265)999-3182', 2),
(2542, 40425, 1, 166, '977-(956)784-0663', 2),
(2543, 40426, 1, 47, '55-(519)724-1560', 2),
(2544, 40427, 1, 159, '55-(993)502-3082', 2),
(2545, 40428, 1, 159, '970-(325)146-9539', 2),
(2546, 40429, 1, 166, '62-(530)544-8719', 2),
(2547, 40430, 1, 166, '44-(500)782-0117', 2),
(2548, 40431, 1, 47, '46-(340)286-7756', 2),
(2549, 40432, 1, 54, '62-(123)296-1493', 2),
(2550, 40433, 3, 54, '55-(828)139-9975', 2),
(2551, 40500, 1, 54, '506-(938)648-9027', 2),
(2552, 40501, 1, 54, '48-(222)860-3235', 2),
(2553, 40502, 1, 166, '380-(275)590-8122', 2),
(2554, 40503, 1, 166, '267-(321)529-1418', 2),
(2555, 40504, 1, 159, '46-(379)944-5326', 2),
(2556, 40505, 1, 47, '86-(174)667-0886', 2),
(2557, 40506, 1, 54, '55-(879)737-5222', 2),
(2558, 40507, 1, 47, '356-(201)562-6948', 2),
(2559, 40508, 1, 166, '358-(102)386-0600', 2),
(2560, 40509, 1, 166, '371-(126)453-0513', 2),
(2561, 40510, 1, 166, '62-(654)332-1189', 2),
(2562, 40511, 1, 159, '7-(742)183-4328', 2),
(2563, 40512, 1, 47, '86-(666)885-9283', 2),
(2564, 40513, 1, 47, '62-(841)533-2686', 2),
(2565, 40514, 1, 166, '994-(575)793-5645', 2),
(2566, 40515, 1, 47, '55-(424)399-5855', 2),
(2567, 40516, 1, 47, '1-(212)851-0316', 2),
(2568, 40517, 1, 166, '251-(992)825-2449', 2),
(2569, 40518, 1, 47, '502-(386)935-5923', 2),
(2570, 40519, 1, 166, '420-(673)267-8911', 2),
(2571, 40520, 1, 54, '1-(468)373-2486', 2),
(2572, 40521, 1, 159, '86-(692)857-3073', 2),
(2573, 40522, 1, 54, '66-(185)134-8487', 2),
(2574, 40523, 1, 166, '970-(684)298-6044', 2),
(2575, 40524, 1, 159, '63-(802)742-5607', 2),
(2576, 40525, 1, 159, '994-(722)686-8840', 2),
(2577, 40526, 1, 159, '86-(966)191-3898', 2),
(2578, 40527, 1, 47, '86-(823)127-9928', 2),
(2579, 40528, 1, 166, '62-(807)230-7992', 2),
(2580, 40529, 1, 47, '380-(438)672-6282', 2),
(2581, 40530, 1, 159, '1-(803)800-4189', 2),
(2582, 40531, 1, 166, '63-(339)759-4502', 2),
(2583, 40532, 1, 166, '63-(919)253-5833', 2),
(2584, 40533, 3, 47, '53-(481)768-6028', 2),
(2585, 40600, 2, 54, '62-(311)876-8106', 2),
(2586, 40601, 2, 159, '56-(690)434-9252', 2),
(2587, 40602, 2, 47, '7-(849)955-1261', 2),
(2588, 40603, 2, 54, '62-(364)972-0809', 2),
(2589, 40604, 2, 47, '86-(935)750-0247', 2),
(2590, 40605, 2, 159, '62-(180)274-7838', 2),
(2591, 40606, 2, 166, '506-(852)263-2414', 2),
(2592, 40607, 2, 166, '62-(844)847-6270', 2),
(2593, 40608, 2, 159, '62-(123)749-9444', 2),
(2594, 40609, 2, 159, '63-(697)163-4032', 2),
(2595, 40610, 2, 159, '62-(222)446-6660', 2),
(2596, 40611, 2, 47, '62-(400)159-2867', 2),
(2597, 40612, 2, 47, '86-(861)715-1895', 2),
(2598, 40613, 2, 166, '7-(446)648-1345', 2),
(2599, 40614, 2, 47, '62-(842)651-9141', 2),
(2600, 40615, 2, 54, '52-(612)260-0028', 2),
(2601, 40616, 2, 47, '48-(395)401-4554', 2),
(2602, 40617, 2, 54, '66-(767)446-3694', 2),
(2603, 40618, 2, 159, '44-(109)804-2414', 2),
(2604, 40619, 2, 159, '86-(425)241-8244', 2),
(2605, 40620, 2, 47, '86-(408)103-9103', 2),
(2606, 40621, 2, 54, '420-(631)633-1678', 2),
(2607, 40622, 2, 159, '234-(609)110-9728', 2),
(2608, 40623, 2, 159, '58-(617)576-5061', 2),
(2609, 40624, 2, 159, '967-(259)677-5216', 2),
(2610, 40625, 2, 159, '63-(178)255-5450', 2),
(2611, 40626, 2, 47, '355-(366)390-9456', 2),
(2612, 40627, 2, 47, '46-(953)754-9280', 2),
(2613, 40628, 2, 159, '62-(747)622-0914', 2),
(2614, 40629, 2, 159, '39-(458)381-1437', 2),
(2615, 40630, 2, 159, '590-(523)235-3202', 2),
(2616, 40631, 2, 159, '7-(974)346-8557', 2),
(2617, 40632, 2, 159, '967-(114)128-1610', 2),
(2618, 40633, 3, 47, '420-(630)222-5730', 2),
(2619, 50000, 3, 47, '62-(617)496-9738', 2),
(2620, 50001, 3, 54, '84-(999)427-5620', 2),
(2621, 50002, 3, 54, '55-(650)436-3458', 2),
(2622, 50003, 3, 54, '967-(387)830-4536', 2),
(2623, 50004, 3, 159, '62-(783)129-7764', 2),
(2624, 50005, 3, 159, '234-(535)562-9352', 2),
(2625, 50006, 3, 54, '7-(484)185-1084', 2),
(2626, 50007, 3, 47, '358-(696)288-1911', 2),
(2627, 50008, 3, 159, '86-(518)763-6719', 2),
(2628, 50009, 3, 47, '86-(317)153-9595', 2),
(2629, 50010, 3, 159, '98-(929)503-7667', 2),
(2630, 50011, 3, 159, '86-(222)763-0027', 2),
(2631, 50012, 3, 47, '51-(222)632-4967', 2),
(2632, 50013, 3, 54, '55-(643)347-2751', 2),
(2633, 50014, 3, 166, '420-(713)133-7048', 2),
(2634, 50015, 3, 159, '86-(730)142-5495', 2),
(2635, 50016, 3, 166, '86-(710)411-8794', 2),
(2636, 50017, 3, 54, '371-(962)902-1997', 2),
(2637, 50018, 3, 166, '47-(958)518-2971', 2),
(2638, 50019, 3, 47, '55-(345)284-4330', 2),
(2639, 50020, 3, 54, '385-(691)954-0442', 2),
(2640, 50021, 3, 166, '1-(506)580-1172', 2),
(2641, 50022, 3, 54, '55-(264)803-9345', 2),
(2642, 50023, 3, 166, '1-(882)180-6965', 2),
(2643, 50024, 3, 159, '62-(254)480-0120', 2),
(2644, 50025, 3, 166, '1-(766)935-8998', 2),
(2645, 50026, 3, 166, '51-(682)261-6311', 2),
(2646, 50027, 3, 166, '33-(184)412-5557', 2),
(2647, 50028, 3, 47, '54-(658)392-4715', 2),
(2648, 50029, 3, 166, '86-(606)520-9138', 2),
(2649, 50030, 3, 159, '48-(412)737-4986', 2),
(2650, 50031, 3, 159, '7-(499)682-8802', 2),
(2651, 50032, 3, 159, '86-(596)844-6032', 2),
(2652, 50033, 3, 47, '63-(174)377-7513', 2),
(2653, 50100, 3, 166, '86-(217)257-2083', 2),
(2654, 50101, 3, 159, '63-(936)566-2357', 2),
(2655, 50102, 3, 47, '1-(765)351-6620', 2),
(2656, 50103, 3, 159, '63-(856)571-5527', 2),
(2657, 50104, 3, 166, '856-(579)576-5618', 2),
(2658, 50105, 3, 54, '380-(715)274-7173', 2),
(2659, 50106, 3, 166, '62-(924)851-2670', 2),
(2660, 50107, 3, 159, '66-(662)141-0919', 2),
(2661, 50108, 3, 54, '54-(641)889-1080', 2),
(2662, 50109, 3, 47, '48-(882)337-7047', 2),
(2663, 50110, 3, 166, '86-(423)415-1765', 2),
(2664, 50111, 3, 54, '381-(173)552-4651', 2),
(2665, 50112, 3, 54, '375-(326)209-4898', 2),
(2666, 50113, 3, 47, '7-(983)342-2124', 2),
(2667, 50114, 3, 166, '1-(205)826-3881', 2),
(2668, 50115, 3, 166, '86-(459)465-3095', 2),
(2669, 50116, 3, 166, '86-(298)814-4193', 2),
(2670, 50117, 3, 159, '998-(767)692-0536', 2),
(2671, 50118, 3, 159, '58-(866)350-8382', 2),
(2672, 50119, 3, 159, '48-(315)168-0204', 2),
(2673, 50120, 3, 47, '86-(171)585-1497', 2),
(2674, 50121, 3, 166, '7-(985)423-8462', 2),
(2675, 50122, 3, 47, '63-(989)704-9633', 2),
(2676, 50123, 3, 159, '81-(895)889-9832', 2),
(2677, 50124, 3, 166, '254-(479)378-5607', 2),
(2678, 50125, 3, 166, '86-(404)440-7296', 2),
(2679, 50126, 3, 54, '86-(197)285-7217', 2),
(2680, 50127, 3, 159, '7-(981)888-1572', 2),
(2681, 50128, 3, 159, '63-(674)631-0966', 2),
(2682, 50129, 3, 159, '57-(861)467-1299', 2),
(2683, 50130, 3, 47, '81-(171)346-4961', 2),
(2684, 50131, 3, 159, '86-(125)581-9703', 2),
(2685, 50132, 3, 166, '55-(185)880-9103', 2),
(2686, 50133, 3, 159, '234-(926)508-2232', 2),
(2687, 50200, 3, 159, '420-(986)841-8569', 2),
(2688, 50201, 3, 159, '62-(991)503-0078', 2),
(2689, 50202, 3, 54, '63-(263)312-2159', 2),
(2690, 50203, 3, 47, '62-(930)812-0567', 2),
(2691, 50204, 3, 54, '51-(767)179-0650', 2),
(2692, 50205, 3, 54, '351-(655)561-6520', 2),
(2693, 50206, 3, 159, '7-(690)973-1543', 2),
(2694, 50207, 3, 54, '63-(137)612-4441', 2),
(2695, 50208, 3, 166, '55-(872)643-8434', 2),
(2696, 50209, 3, 47, '227-(926)429-3531', 2),
(2697, 50210, 3, 47, '254-(177)148-9293', 2),
(2698, 50211, 3, 47, '81-(131)868-6538', 2),
(2699, 50212, 3, 47, '62-(622)758-9525', 2),
(2700, 50213, 3, 166, '46-(766)362-0659', 2),
(2701, 50214, 3, 54, '62-(621)446-8684', 2),
(2702, 50215, 3, 47, '62-(590)889-5029', 2),
(2703, 50216, 3, 54, '62-(778)285-4315', 2),
(2704, 50217, 3, 54, '52-(637)622-5129', 2),
(2705, 50218, 3, 54, '374-(538)791-9510', 2),
(2706, 50219, 3, 47, '48-(500)294-9012', 2),
(2707, 50220, 3, 159, '30-(233)560-6321', 2),
(2708, 50221, 3, 159, '62-(866)701-8642', 2),
(2709, 50222, 3, 159, '351-(304)663-6182', 2),
(2710, 50223, 3, 159, '33-(834)421-1784', 2),
(2711, 50224, 3, 47, '86-(615)157-3765', 2),
(2712, 50225, 3, 159, '420-(289)957-9191', 2),
(2713, 50226, 3, 54, '86-(434)913-0914', 2),
(2714, 50227, 3, 54, '504-(640)236-0117', 2),
(2715, 50228, 3, 47, '357-(531)996-2782', 2),
(2716, 50229, 3, 159, '62-(250)972-3523', 2),
(2717, 50230, 3, 159, '36-(935)931-0250', 2),
(2718, 50231, 3, 166, '63-(330)570-1766', 2),
(2719, 50232, 3, 159, '49-(841)810-8360', 2),
(2720, 50233, 3, 47, '351-(549)908-4598', 2),
(2721, 50300, 3, 47, '48-(805)526-9321', 2),
(2722, 50301, 3, 47, '62-(495)583-0745', 2),
(2723, 50302, 3, 166, '7-(338)234-3990', 2),
(2724, 50303, 3, 47, '502-(704)709-2586', 2),
(2725, 50304, 3, 166, '55-(768)360-3755', 2),
(2726, 50305, 3, 159, '33-(717)182-6341', 2),
(2727, 50306, 3, 159, '92-(522)307-8956', 2),
(2728, 50307, 3, 166, '62-(342)922-6535', 2),
(2729, 50308, 3, 166, '380-(192)780-4415', 2),
(2730, 50309, 3, 54, '86-(722)142-9473', 2),
(2731, 50310, 3, 166, '355-(213)141-9975', 2),
(2732, 50311, 3, 54, '509-(569)579-9145', 2),
(2733, 50312, 3, 166, '62-(932)331-0909', 2),
(2734, 50313, 3, 159, '62-(842)808-4049', 2),
(2735, 50314, 3, 54, '33-(360)302-2394', 2),
(2736, 50315, 3, 166, '86-(172)939-9905', 2),
(2737, 50316, 3, 159, '86-(306)189-1762', 2),
(2738, 50317, 3, 166, '34-(728)701-9415', 2),
(2739, 50318, 3, 54, '7-(460)160-5163', 2),
(2740, 50319, 3, 159, '351-(319)281-8466', 2),
(2741, 50320, 3, 166, '95-(241)279-4962', 2),
(2742, 50321, 3, 47, '81-(248)470-2744', 2),
(2743, 50322, 3, 166, '46-(275)994-3885', 2),
(2744, 50323, 3, 47, '255-(886)335-4417', 2),
(2745, 50324, 3, 159, '351-(295)545-1618', 2),
(2746, 50325, 3, 47, '86-(324)216-1964', 2),
(2747, 50326, 3, 54, '505-(426)449-5033', 2),
(2748, 50327, 3, 159, '255-(153)290-0562', 2),
(2749, 50328, 3, 47, '86-(472)883-0127', 2),
(2750, 50329, 3, 47, '81-(750)619-6650', 2),
(2751, 50330, 3, 54, '86-(366)328-0631', 2),
(2752, 50331, 3, 166, '86-(947)484-9327', 2),
(2753, 50332, 3, 166, '57-(865)683-5043', 2),
(2754, 50333, 3, 159, '45-(390)696-3161', 2),
(2755, 50400, 3, 54, '261-(858)179-9395', 2),
(2756, 50401, 3, 159, '234-(465)243-7366', 2),
(2757, 50402, 3, 47, '63-(728)783-6349', 2),
(2758, 50403, 3, 54, '86-(448)637-5030', 2),
(2759, 50404, 3, 159, '48-(313)582-2972', 2),
(2760, 50405, 3, 47, '48-(649)519-3012', 2),
(2761, 50406, 3, 159, '86-(182)212-6855', 2),
(2762, 50407, 3, 47, '7-(690)505-8022', 2),
(2763, 50408, 3, 54, '92-(754)320-6206', 2),
(2764, 50409, 3, 47, '86-(776)314-0914', 2),
(2765, 50410, 3, 166, '54-(629)223-5038', 2),
(2766, 50411, 3, 47, '46-(859)397-0592', 2),
(2767, 50412, 3, 54, '993-(551)481-5055', 2),
(2768, 50413, 3, 47, '62-(407)863-6186', 2),
(2769, 50414, 3, 159, '385-(891)226-7479', 2),
(2770, 50415, 3, 159, '86-(464)144-7873', 2),
(2771, 50416, 3, 166, '420-(416)708-0984', 2),
(2772, 50417, 3, 159, '55-(475)925-4849', 2),
(2773, 50418, 3, 159, '351-(890)215-0530', 2),
(2774, 50419, 3, 166, '84-(980)528-0271', 2),
(2775, 50420, 3, 54, '967-(743)413-0176', 2),
(2776, 50421, 3, 54, '680-(183)705-1668', 2),
(2777, 50422, 3, 47, '62-(285)994-0158', 2),
(2778, 50423, 3, 159, '996-(192)353-0447', 2),
(2779, 50424, 3, 54, '86-(323)993-6447', 2),
(2780, 50425, 3, 54, '30-(795)542-2351', 2),
(2781, 50426, 3, 47, '58-(243)771-8690', 2),
(2782, 50427, 3, 159, '86-(557)968-6536', 2),
(2783, 50428, 3, 54, '55-(144)308-0571', 2),
(2784, 50429, 3, 159, '351-(592)430-4543', 2),
(2785, 50430, 3, 47, '27-(221)582-8180', 2),
(2786, 50431, 3, 166, '56-(847)625-7663', 2),
(2787, 50432, 3, 47, '86-(489)251-4716', 2),
(2788, 50433, 3, 159, '86-(270)718-4299', 2),
(2789, 50500, 3, 47, '48-(394)779-1251', 2),
(2790, 50501, 3, 54, '66-(220)996-5436', 2),
(2791, 50502, 3, 47, '60-(702)982-4561', 2),
(2792, 50503, 3, 166, '62-(569)486-6739', 2),
(2793, 50504, 3, 47, '54-(709)800-2372', 2),
(2794, 50505, 3, 54, '62-(928)618-6351', 2),
(2795, 50506, 3, 159, '55-(148)168-0691', 2),
(2796, 50507, 3, 54, '52-(644)249-9551', 2),
(2797, 50508, 3, 54, '41-(994)175-2043', 2),
(2798, 50509, 3, 47, '62-(261)209-8395', 2),
(2799, 50510, 3, 54, '966-(324)980-3826', 2),
(2800, 50511, 3, 159, '1-(405)403-6921', 2),
(2801, 50512, 3, 166, '351-(886)965-0132', 2),
(2802, 50513, 3, 159, '56-(520)907-9350', 2),
(2803, 50514, 3, 47, '66-(752)712-2385', 2),
(2804, 50515, 3, 54, '1-(352)170-0855', 2),
(2805, 50516, 3, 47, '62-(554)570-0221', 2),
(2806, 50517, 3, 159, '63-(551)828-3744', 2),
(2807, 50518, 3, 166, '86-(431)456-8764', 2),
(2808, 50519, 3, 47, '51-(650)354-6964', 2),
(2809, 50520, 3, 166, '63-(878)595-2296', 2),
(2810, 50521, 3, 166, '86-(505)486-7454', 2),
(2811, 50522, 3, 159, '33-(339)967-0590', 2),
(2812, 50523, 3, 54, '375-(533)268-7402', 2),
(2813, 50524, 3, 166, '86-(119)589-6872', 2),
(2814, 50525, 3, 47, '86-(428)963-1526', 2),
(2815, 50526, 3, 166, '1-(773)336-0650', 2),
(2816, 50527, 3, 54, '230-(766)613-2075', 2),
(2817, 50528, 3, 47, '1-(358)216-5104', 2),
(2818, 50529, 3, 159, '358-(796)761-8223', 2),
(2819, 50530, 3, 166, '55-(492)932-0433', 2),
(2820, 50531, 3, 159, '86-(281)641-5918', 2),
(2821, 50532, 3, 159, '507-(561)315-2729', 2),
(2822, 50533, 3, 54, '86-(147)773-8939', 2),
(2823, 50600, 3, 47, '7-(984)300-1832', 2),
(2824, 50601, 3, 47, '86-(881)349-1094', 2),
(2825, 50602, 3, 47, '86-(218)125-9588', 2),
(2826, 50603, 3, 159, '55-(600)290-7041', 2),
(2827, 50604, 3, 54, '48-(117)350-1547', 2),
(2828, 50605, 3, 54, '33-(956)300-1471', 2),
(2829, 50606, 3, 54, '81-(463)252-1541', 2),
(2830, 50607, 3, 54, '593-(555)700-6810', 2),
(2831, 50608, 3, 159, '86-(509)991-3672', 2),
(2832, 50609, 3, 47, '380-(648)440-7512', 2),
(2833, 50610, 3, 159, '86-(326)523-7248', 2),
(2834, 50611, 3, 47, '55-(453)179-3744', 2),
(2835, 50612, 3, 159, '48-(602)744-9439', 2),
(2836, 50613, 3, 166, '62-(654)171-7018', 2),
(2837, 50614, 3, 47, '55-(608)503-0957', 2),
(2838, 50615, 3, 166, '351-(305)592-6787', 2),
(2839, 50616, 3, 47, '86-(399)468-1418', 2),
(2840, 50617, 3, 166, '62-(573)406-0819', 2),
(2841, 50618, 3, 159, '962-(374)218-6472', 2),
(2842, 50619, 3, 159, '62-(918)451-3935', 2),
(2843, 50620, 3, 47, '7-(168)296-6130', 2),
(2844, 50621, 3, 54, '66-(530)520-5067', 2),
(2845, 50622, 3, 47, '62-(636)415-0445', 2),
(2846, 50623, 3, 166, '33-(757)222-6787', 2),
(2847, 50624, 3, 47, '82-(302)125-2263', 2),
(2848, 50625, 3, 159, '81-(241)198-5401', 2),
(2849, 50626, 3, 54, '386-(613)432-9397', 2),
(2850, 50627, 3, 54, '86-(428)631-5038', 2),
(2851, 50628, 3, 159, '964-(121)505-2981', 2),
(2852, 50629, 3, 159, '86-(836)575-7543', 2),
(2853, 50630, 3, 159, '86-(348)433-2294', 2),
(2854, 50631, 3, 47, '86-(496)906-4457', 2),
(2855, 50632, 3, 54, '86-(335)425-9177', 2),
(2856, 50633, 3, 159, '86-(138)945-0385', 2);

-- --------------------------------------------------------

--
-- Table structure for table `ROOM_BILL`
--

CREATE TABLE IF NOT EXISTS `ROOM_BILL` (
  `room_id` int(11) NOT NULL,
  `bill_holder` int(11) NOT NULL,
  `trip_id` int(11) NOT NULL,
  PRIMARY KEY (`room_id`,`trip_id`),
  KEY `roomBill_fk_02_idx` (`bill_holder`),
  KEY `roomBill_fk_03_idx` (`trip_id`)
) ENGINE=InnoDB DEFAULT CHARSET=latin1;

-- --------------------------------------------------------

--
-- Table structure for table `ROOM_CATEGORY`
--

CREATE TABLE IF NOT EXISTS `ROOM_CATEGORY` (
  `roomCat_id` int(11) NOT NULL,
  `roomCat_name` varchar(45) NOT NULL,
  `roomCat_price` double NOT NULL,
  PRIMARY KEY (`roomCat_id`)
) ENGINE=InnoDB DEFAULT CHARSET=latin1;

--
-- Dumping data for table `ROOM_CATEGORY`
--

INSERT INTO `ROOM_CATEGORY` (`roomCat_id`, `roomCat_name`, `roomCat_price`) VALUES
(1, 'Inside', 1800),
(2, 'Ocean-View', 2300),
(3, 'Balcony', 2800);

-- --------------------------------------------------------

--
-- Table structure for table `ROOM_PASSENGER`
--

CREATE TABLE IF NOT EXISTS `ROOM_PASSENGER` (
  `room_id` int(11) NOT NULL,
  `pass_id` int(11) NOT NULL,
  `trip_id` int(11) NOT NULL,
  `isBillHolder` tinyint(1) NOT NULL,
  `roomPass_id` int(11) NOT NULL,
  PRIMARY KEY (`roomPass_id`),
  KEY `roomPass_fk_01_idx` (`room_id`),
  KEY `roomPass_fk_02_idx` (`pass_id`),
  KEY `roomPass_fk_03_idx` (`trip_id`)
) ENGINE=InnoDB DEFAULT CHARSET=latin1;

--
-- Dumping data for table `ROOM_PASSENGER`
--

INSERT INTO `ROOM_PASSENGER` (`room_id`, `pass_id`, `trip_id`, `isBillHolder`, `roomPass_id`) VALUES
(1182, 41, 2, 1, 1),
(961, 28, 2, 1, 2),
(1127, 133, 1, 1, 3),
(30, 278, 2, 1, 4),
(68, 38, 1, 1, 5),
(965, 238, 1, 1, 6),
(593, 419, 2, 1, 7),
(1299, 247, 1, 0, 8),
(604, 141, 2, 1, 9),
(705, 310, 2, 1, 10),
(955, 138, 1, 1, 11),
(816, 449, 2, 1, 12),
(576, 65, 1, 1, 13),
(1351, 63, 1, 1, 14),
(1290, 406, 1, 1, 15),
(890, 267, 1, 1, 16),
(11, 222, 1, 1, 17),
(1400, 188, 2, 1, 18),
(1141, 141, 2, 1, 19),
(563, 492, 2, 1, 20),
(1033, 386, 1, 1, 21),
(50, 34, 1, 1, 22),
(1259, 411, 2, 1, 23),
(626, 98, 2, 1, 24),
(1126, 291, 1, 1, 25),
(1151, 475, 2, 1, 26),
(889, 239, 1, 0, 27),
(750, 112, 1, 1, 28),
(1232, 11, 1, 1, 29),
(1260, 210, 1, 1, 30),
(542, 431, 1, 1, 31),
(1033, 3, 1, 1, 32),
(1389, 116, 1, 1, 33),
(772, 330, 2, 1, 34),
(484, 128, 1, 1, 35),
(487, 169, 2, 1, 36),
(1258, 192, 2, 1, 37),
(968, 178, 2, 1, 38),
(1026, 78, 2, 1, 39),
(498, 339, 1, 1, 40),
(105, 31, 1, 1, 41),
(1280, 116, 2, 1, 42),
(1298, 3, 2, 1, 43),
(146, 243, 2, 1, 44),
(521, 100, 1, 1, 45),
(490, 230, 2, 1, 46),
(737, 285, 1, 0, 47),
(1293, 5, 2, 1, 48),
(952, 478, 2, 1, 49),
(1311, 406, 2, 1, 50),
(1245, 23, 1, 0, 51),
(707, 421, 2, 1, 52),
(892, 403, 1, 1, 53),
(303, 453, 1, 0, 54),
(278, 460, 1, 1, 55),
(743, 300, 1, 1, 56),
(461, 81, 1, 1, 57),
(1142, 281, 1, 1, 58),
(402, 245, 2, 1, 59),
(1361, 404, 1, 1, 60),
(1168, 77, 1, 1, 61),
(49, 406, 2, 1, 62),
(1167, 237, 2, 1, 63),
(578, 125, 1, 1, 64),
(1318, 325, 2, 1, 65),
(555, 418, 2, 1, 66),
(233, 182, 2, 1, 67),
(838, 296, 2, 1, 68),
(1087, 98, 2, 1, 69),
(91, 131, 2, 1, 70),
(216, 314, 1, 1, 71),
(208, 14, 2, 1, 72),
(969, 191, 1, 1, 73),
(741, 194, 2, 1, 74),
(1359, 275, 1, 1, 75),
(1186, 205, 2, 1, 76),
(89, 202, 2, 1, 77),
(1045, 382, 1, 1, 78),
(376, 99, 1, 1, 79),
(1210, 426, 1, 1, 80),
(1262, 263, 2, 1, 81),
(1344, 64, 2, 1, 82),
(327, 339, 2, 1, 83),
(690, 405, 1, 1, 84),
(767, 176, 2, 1, 85),
(641, 347, 2, 1, 86),
(1197, 75, 1, 1, 87),
(917, 401, 1, 1, 88),
(684, 235, 1, 1, 89),
(1220, 63, 1, 1, 90),
(95, 316, 1, 1, 91),
(1201, 64, 1, 1, 92),
(838, 294, 1, 1, 93),
(767, 483, 2, 1, 94),
(1009, 283, 1, 1, 95),
(971, 67, 2, 1, 96),
(982, 91, 1, 1, 97),
(1224, 182, 2, 1, 98),
(406, 401, 2, 1, 99),
(849, 348, 1, 0, 100),
(773, 81, 1, 1, 101),
(562, 12, 1, 1, 102),
(1175, 165, 1, 1, 103),
(890, 12, 1, 0, 104),
(887, 277, 2, 1, 105),
(274, 6, 2, 1, 106),
(882, 270, 2, 1, 107),
(617, 217, 2, 1, 108),
(140, 85, 2, 1, 109),
(495, 111, 1, 1, 110),
(869, 249, 2, 1, 111),
(1259, 251, 2, 1, 112),
(1294, 205, 2, 1, 113),
(377, 398, 2, 1, 114),
(1245, 272, 1, 1, 115),
(452, 280, 2, 1, 116),
(990, 443, 1, 1, 117),
(1294, 164, 1, 1, 118),
(1196, 62, 1, 1, 119),
(951, 306, 1, 1, 120),
(1352, 281, 2, 1, 121),
(282, 72, 1, 1, 122),
(272, 389, 1, 1, 123),
(587, 38, 1, 1, 124),
(229, 488, 1, 1, 125),
(311, 477, 1, 1, 126),
(278, 154, 2, 1, 127),
(443, 438, 2, 1, 128),
(198, 185, 1, 1, 129),
(1225, 98, 2, 1, 130),
(74, 442, 2, 1, 131),
(786, 183, 2, 1, 132),
(84, 47, 2, 1, 133),
(1415, 425, 1, 1, 134),
(705, 171, 1, 1, 135),
(303, 86, 1, 0, 136),
(1157, 33, 1, 1, 137),
(1114, 94, 1, 1, 138),
(54, 194, 2, 1, 139),
(964, 283, 2, 1, 140),
(53, 52, 1, 1, 141),
(143, 164, 1, 1, 142),
(438, 282, 2, 1, 143),
(1351, 251, 2, 1, 144),
(1296, 173, 1, 1, 145),
(962, 43, 2, 1, 146),
(656, 305, 1, 1, 147),
(282, 129, 2, 1, 148),
(799, 214, 1, 1, 149),
(161, 277, 1, 1, 150),
(23, 247, 1, 1, 151),
(1376, 388, 2, 1, 152),
(1225, 54, 1, 1, 153),
(869, 22, 2, 1, 154),
(591, 450, 2, 1, 155),
(557, 342, 1, 1, 156),
(421, 375, 2, 1, 157),
(401, 194, 1, 1, 158),
(923, 260, 1, 1, 159),
(471, 145, 2, 1, 160),
(194, 110, 2, 1, 161),
(500, 240, 1, 1, 162),
(881, 210, 2, 1, 163),
(1340, 86, 2, 1, 164),
(57, 343, 1, 1, 165),
(7, 25, 2, 1, 166),
(1222, 153, 2, 1, 167),
(1203, 327, 1, 1, 168),
(457, 54, 2, 1, 169),
(711, 379, 2, 1, 170),
(579, 397, 2, 1, 171),
(282, 89, 2, 1, 172),
(979, 283, 1, 1, 173),
(479, 1, 1, 1, 174),
(1032, 313, 2, 1, 175),
(155, 209, 1, 1, 176),
(369, 129, 1, 1, 177),
(258, 274, 1, 1, 178),
(231, 162, 2, 1, 179),
(34, 1, 2, 1, 180),
(624, 173, 2, 1, 181),
(951, 199, 2, 1, 182),
(799, 57, 2, 1, 183),
(218, 493, 1, 1, 184),
(950, 273, 1, 1, 185),
(1149, 263, 1, 1, 186),
(1142, 105, 2, 1, 187),
(706, 229, 2, 1, 188),
(247, 282, 2, 1, 189),
(1096, 414, 2, 1, 190),
(216, 17, 1, 1, 191),
(236, 459, 2, 1, 192),
(1283, 5, 2, 1, 193),
(1183, 323, 1, 1, 194),
(1140, 492, 2, 1, 195),
(779, 209, 2, 1, 196),
(1356, 317, 2, 1, 197),
(929, 381, 1, 1, 198),
(528, 310, 1, 1, 199),
(1403, 158, 1, 1, 200),
(928, 99, 2, 1, 201),
(393, 198, 2, 1, 202),
(138, 277, 1, 1, 203),
(150, 207, 2, 1, 204),
(1075, 163, 1, 1, 205),
(1060, 322, 1, 1, 206),
(475, 434, 2, 1, 207),
(1190, 86, 1, 1, 208),
(1004, 219, 1, 1, 209),
(741, 156, 2, 1, 210),
(451, 498, 2, 1, 211),
(1175, 261, 2, 1, 212),
(788, 339, 2, 1, 213),
(1372, 117, 1, 1, 214),
(141, 472, 2, 1, 215),
(844, 191, 1, 1, 216),
(506, 454, 1, 1, 217),
(1299, 324, 1, 1, 218),
(13, 222, 2, 1, 219),
(234, 157, 2, 1, 220),
(758, 458, 1, 1, 221),
(1370, 274, 2, 1, 222),
(578, 64, 1, 0, 223),
(363, 359, 1, 1, 224),
(691, 411, 2, 1, 225),
(806, 139, 2, 1, 226),
(837, 126, 2, 1, 227),
(1283, 72, 1, 1, 228),
(109, 93, 1, 1, 229),
(118, 347, 1, 1, 230),
(536, 1, 1, 1, 231),
(815, 202, 1, 1, 232),
(1135, 452, 1, 1, 233),
(237, 409, 2, 1, 234),
(1090, 147, 2, 1, 235),
(617, 156, 2, 1, 236),
(911, 322, 1, 1, 237),
(1192, 372, 2, 1, 238),
(319, 114, 2, 1, 239),
(1238, 231, 1, 1, 240),
(1205, 301, 2, 1, 241),
(303, 7, 2, 1, 242),
(1184, 183, 1, 1, 243),
(1152, 225, 1, 1, 244),
(262, 190, 2, 1, 245),
(1303, 123, 2, 1, 246),
(1086, 461, 2, 1, 247),
(803, 450, 2, 1, 248),
(322, 330, 1, 1, 249),
(621, 133, 2, 1, 250),
(294, 122, 2, 1, 251),
(126, 268, 2, 1, 252),
(683, 349, 1, 1, 253),
(868, 357, 1, 1, 254),
(1260, 475, 2, 1, 255),
(495, 33, 2, 1, 256),
(444, 33, 2, 1, 257),
(943, 188, 1, 1, 258),
(893, 126, 1, 1, 259),
(321, 81, 1, 1, 260),
(1128, 163, 1, 1, 261),
(615, 227, 1, 1, 262),
(385, 45, 2, 1, 263),
(1293, 339, 1, 1, 264),
(817, 229, 2, 1, 265),
(1192, 33, 1, 1, 266),
(33, 284, 1, 1, 267),
(1418, 159, 2, 1, 268),
(505, 46, 2, 1, 269),
(334, 295, 2, 1, 270),
(1015, 82, 2, 1, 271),
(969, 385, 2, 1, 272),
(194, 355, 2, 1, 273),
(1412, 304, 1, 1, 274),
(968, 143, 1, 1, 275),
(1270, 142, 1, 1, 276),
(422, 388, 2, 1, 277),
(353, 384, 2, 1, 278),
(188, 275, 2, 1, 279),
(1312, 244, 2, 1, 280),
(33, 372, 1, 0, 281),
(296, 446, 2, 1, 282),
(485, 188, 2, 1, 283),
(583, 409, 2, 1, 284),
(1300, 169, 2, 1, 285),
(27, 493, 1, 1, 286),
(471, 293, 1, 1, 287),
(915, 243, 2, 1, 288),
(192, 222, 1, 1, 289),
(872, 164, 1, 1, 290),
(248, 299, 2, 1, 291),
(127, 165, 1, 1, 292),
(194, 466, 2, 1, 293),
(823, 92, 2, 1, 294),
(559, 344, 2, 1, 295),
(303, 348, 1, 1, 296),
(205, 286, 1, 1, 297),
(704, 27, 1, 1, 298),
(1145, 121, 1, 1, 299),
(1253, 10, 1, 1, 300),
(930, 415, 1, 1, 301),
(1143, 461, 2, 1, 302),
(935, 105, 1, 1, 303),
(101, 159, 2, 1, 304),
(867, 215, 1, 1, 305),
(1216, 279, 1, 1, 306),
(137, 74, 1, 1, 307),
(642, 476, 1, 1, 308),
(1032, 235, 2, 1, 309),
(296, 141, 2, 1, 310),
(597, 7, 1, 1, 311),
(1285, 84, 1, 1, 312),
(847, 213, 2, 1, 313),
(1357, 183, 1, 1, 314),
(1286, 158, 1, 1, 315),
(200, 406, 2, 1, 316),
(819, 162, 2, 1, 317),
(805, 247, 1, 1, 318),
(1146, 300, 2, 1, 319),
(533, 157, 1, 1, 320),
(661, 458, 2, 1, 321),
(173, 434, 1, 1, 322),
(1297, 136, 2, 1, 323),
(444, 364, 1, 1, 324),
(747, 140, 1, 1, 325),
(296, 190, 2, 1, 326),
(1014, 259, 1, 1, 327),
(895, 119, 1, 1, 328),
(4, 224, 2, 1, 329),
(357, 148, 2, 1, 330),
(485, 490, 1, 1, 331),
(737, 123, 1, 1, 332),
(857, 278, 1, 1, 333),
(179, 64, 2, 1, 334),
(742, 419, 1, 1, 335),
(22, 207, 2, 1, 336),
(710, 90, 1, 1, 337),
(1397, 265, 1, 1, 338),
(1165, 443, 1, 1, 339),
(923, 18, 1, 0, 340),
(454, 390, 2, 1, 341),
(320, 297, 1, 1, 342),
(295, 195, 2, 1, 343),
(1417, 36, 1, 1, 344),
(849, 2, 1, 1, 345),
(486, 456, 1, 1, 346),
(985, 475, 1, 1, 347),
(348, 336, 2, 1, 348),
(501, 82, 2, 1, 349),
(367, 414, 1, 1, 350),
(1410, 118, 2, 1, 351),
(872, 247, 2, 1, 352),
(241, 493, 1, 1, 353),
(304, 103, 1, 1, 354),
(1357, 154, 2, 1, 355),
(7, 111, 2, 1, 356),
(1219, 94, 2, 1, 357),
(1313, 368, 1, 1, 358),
(1417, 410, 2, 1, 359),
(552, 427, 2, 1, 360),
(449, 236, 1, 1, 361),
(362, 161, 2, 1, 362),
(551, 435, 1, 1, 363),
(136, 431, 1, 1, 364),
(309, 444, 2, 1, 365),
(347, 233, 1, 1, 366),
(599, 203, 1, 1, 367),
(1038, 74, 2, 1, 368),
(1388, 404, 1, 1, 369),
(754, 398, 1, 1, 370),
(592, 154, 2, 1, 371),
(163, 473, 1, 1, 372),
(1041, 72, 2, 1, 373),
(884, 55, 2, 1, 374),
(429, 97, 2, 1, 375),
(600, 415, 1, 1, 376),
(846, 416, 1, 1, 377),
(1000, 51, 1, 1, 378),
(1346, 178, 2, 1, 379),
(387, 268, 1, 1, 380),
(265, 373, 2, 1, 381),
(218, 419, 2, 1, 382),
(790, 140, 2, 1, 383),
(889, 342, 1, 1, 384),
(1095, 347, 1, 1, 385),
(676, 127, 1, 1, 386),
(1378, 196, 2, 1, 387),
(252, 441, 1, 1, 388),
(1087, 425, 1, 1, 389),
(363, 486, 2, 1, 390),
(1115, 448, 1, 1, 391),
(698, 69, 2, 1, 392),
(1251, 206, 2, 1, 393),
(310, 188, 1, 1, 394),
(823, 253, 1, 1, 395),
(740, 5, 2, 1, 396),
(699, 387, 2, 1, 397),
(299, 440, 2, 1, 398),
(525, 427, 2, 1, 399),
(1023, 365, 2, 1, 400),
(2269, 260, 3, 1, 401),
(2571, 452, 3, 1, 402),
(2249, 190, 4, 1, 403),
(1718, 77, 4, 1, 404),
(1778, 429, 3, 1, 405),
(2224, 25, 4, 1, 406),
(1486, 447, 4, 1, 407),
(2403, 369, 4, 1, 408),
(1847, 241, 4, 1, 409),
(2055, 345, 3, 1, 410),
(2703, 272, 4, 1, 411),
(2782, 26, 3, 1, 412),
(1688, 154, 3, 1, 413),
(2142, 343, 3, 1, 414),
(2504, 55, 3, 1, 415),
(2388, 194, 4, 1, 416),
(1579, 369, 4, 1, 417),
(2019, 398, 3, 1, 418),
(1945, 306, 3, 1, 419),
(2549, 120, 3, 1, 420),
(1967, 87, 3, 1, 421),
(2512, 246, 4, 1, 422),
(2494, 419, 4, 1, 423),
(1918, 361, 3, 1, 424),
(1509, 315, 3, 1, 425),
(2108, 464, 4, 1, 426),
(1570, 239, 3, 1, 427),
(2463, 55, 4, 1, 428),
(2385, 237, 3, 1, 429),
(2209, 144, 4, 1, 430),
(2813, 173, 4, 1, 431),
(1757, 17, 3, 1, 432),
(2521, 337, 4, 1, 433),
(1656, 95, 3, 1, 434),
(2662, 304, 3, 1, 435),
(1491, 283, 4, 1, 436),
(2392, 251, 3, 1, 437),
(1954, 350, 4, 1, 438),
(1541, 448, 3, 1, 439),
(2815, 418, 3, 1, 440),
(2836, 453, 3, 1, 441),
(2490, 41, 4, 1, 442),
(1794, 59, 3, 1, 443),
(1954, 365, 4, 1, 444),
(2321, 201, 4, 1, 445),
(2638, 365, 4, 1, 446),
(2398, 209, 4, 1, 447),
(2152, 329, 3, 1, 448),
(2829, 436, 3, 1, 449),
(1619, 159, 4, 1, 450),
(2434, 170, 3, 1, 451),
(2203, 331, 3, 1, 452),
(2184, 269, 4, 1, 453),
(1887, 75, 4, 1, 454),
(1777, 291, 4, 1, 455),
(1737, 239, 4, 1, 456),
(2562, 110, 4, 1, 457),
(2347, 417, 3, 1, 458),
(1595, 463, 4, 1, 459),
(1852, 37, 4, 1, 460),
(2494, 75, 4, 1, 461),
(2417, 236, 3, 1, 462),
(1910, 55, 4, 1, 463),
(1682, 52, 4, 1, 464),
(1915, 139, 3, 1, 465),
(2250, 432, 3, 1, 466),
(2068, 118, 3, 1, 467),
(1489, 188, 4, 1, 468),
(2469, 485, 3, 1, 469),
(2379, 218, 3, 1, 470),
(1755, 219, 3, 1, 471),
(1960, 152, 4, 1, 472),
(1487, 286, 3, 1, 473),
(2741, 420, 3, 1, 474),
(1700, 398, 3, 1, 475),
(2274, 152, 3, 1, 476),
(2059, 416, 4, 1, 477),
(2046, 221, 4, 1, 478),
(2753, 387, 4, 1, 479),
(2021, 281, 3, 1, 480),
(2780, 251, 4, 1, 481),
(2771, 321, 4, 1, 482),
(2561, 359, 3, 1, 483),
(1487, 113, 4, 1, 484),
(1631, 318, 4, 1, 485),
(1939, 360, 3, 1, 486),
(2431, 69, 4, 1, 487),
(2787, 301, 3, 1, 488),
(1600, 176, 4, 1, 489),
(1575, 335, 3, 1, 490),
(1575, 288, 4, 1, 491),
(2030, 131, 4, 1, 492),
(2211, 484, 3, 1, 493),
(1569, 375, 4, 1, 494),
(1812, 218, 3, 1, 495),
(2184, 240, 4, 1, 496),
(2693, 497, 4, 1, 497),
(2137, 161, 3, 1, 498),
(2655, 154, 4, 1, 499),
(2202, 158, 3, 1, 500),
(1470, 226, 4, 1, 501),
(2605, 200, 3, 1, 502),
(2696, 298, 4, 1, 503),
(1966, 164, 3, 1, 504),
(2645, 407, 3, 1, 505),
(2153, 348, 3, 1, 506),
(1610, 152, 3, 1, 507),
(2496, 36, 3, 1, 508),
(2749, 158, 4, 1, 509),
(2123, 133, 4, 1, 510),
(2544, 141, 4, 1, 511),
(1537, 22, 3, 1, 512),
(2224, 295, 4, 1, 513),
(1998, 148, 3, 1, 514),
(2097, 316, 4, 1, 515),
(2833, 386, 3, 1, 516),
(1453, 484, 3, 1, 517),
(1520, 258, 3, 1, 518),
(1950, 408, 4, 1, 519),
(1931, 134, 4, 1, 520),
(2778, 221, 4, 1, 521),
(2741, 464, 4, 1, 522),
(2346, 333, 4, 1, 523),
(1786, 161, 3, 1, 524),
(1558, 456, 4, 1, 525),
(2214, 422, 4, 1, 526),
(2609, 93, 3, 1, 527),
(2022, 142, 4, 1, 528),
(2153, 254, 3, 1, 529),
(1526, 211, 3, 1, 530),
(1694, 86, 4, 1, 531),
(2621, 223, 4, 1, 532),
(2213, 383, 4, 1, 533),
(2639, 312, 4, 1, 534),
(1521, 34, 3, 1, 535),
(2053, 380, 4, 1, 536),
(2704, 314, 4, 1, 537),
(2798, 324, 3, 1, 538),
(1691, 79, 4, 1, 539),
(1633, 387, 3, 1, 540),
(1874, 409, 4, 1, 541),
(1998, 496, 4, 1, 542),
(2304, 164, 3, 1, 543),
(2255, 325, 3, 1, 544),
(1830, 327, 4, 1, 545),
(1830, 361, 3, 1, 546),
(2595, 314, 3, 1, 547),
(2410, 486, 3, 1, 548),
(2696, 364, 3, 1, 549),
(2713, 330, 4, 1, 550),
(2185, 389, 4, 1, 551),
(1896, 332, 3, 1, 552),
(1459, 291, 3, 1, 553),
(2087, 491, 3, 1, 554),
(2031, 470, 3, 1, 555),
(2104, 41, 3, 1, 556),
(2643, 1, 4, 1, 557),
(2614, 96, 3, 1, 558),
(1443, 426, 3, 1, 559),
(2799, 68, 4, 1, 560),
(1652, 275, 4, 1, 561),
(2419, 363, 4, 1, 562),
(1938, 294, 3, 1, 563),
(1870, 195, 4, 1, 564),
(1854, 364, 4, 1, 565),
(1587, 89, 4, 1, 566),
(1586, 58, 3, 1, 567),
(1750, 238, 3, 1, 568),
(1725, 420, 3, 1, 569),
(2707, 264, 4, 1, 570),
(2558, 296, 3, 1, 571),
(2253, 409, 4, 1, 572),
(2101, 46, 3, 1, 573),
(1619, 8, 3, 1, 574),
(1478, 445, 4, 1, 575),
(2095, 396, 3, 1, 576),
(2726, 345, 4, 1, 577),
(1813, 109, 3, 1, 578),
(2801, 500, 3, 1, 579),
(2415, 105, 4, 1, 580),
(1464, 136, 3, 1, 581),
(2606, 460, 4, 1, 582),
(2024, 33, 3, 1, 583),
(2753, 344, 3, 1, 584),
(2116, 459, 3, 1, 585),
(2087, 57, 3, 1, 586),
(2137, 97, 4, 1, 587),
(2453, 241, 4, 1, 588),
(2720, 222, 3, 1, 589),
(1694, 28, 4, 1, 590),
(1526, 341, 3, 1, 591),
(2238, 16, 4, 1, 592),
(1633, 46, 3, 1, 593),
(2773, 71, 4, 1, 594),
(2578, 439, 4, 1, 595),
(2780, 160, 4, 1, 596),
(1793, 356, 4, 1, 597),
(2628, 88, 4, 1, 598),
(2465, 302, 3, 1, 599),
(2486, 227, 3, 1, 600),
(1761, 390, 4, 1, 601),
(1836, 375, 4, 1, 602),
(1717, 95, 4, 1, 603),
(1450, 229, 4, 1, 604),
(2154, 435, 3, 1, 605),
(2538, 237, 4, 1, 606),
(2206, 176, 3, 1, 607),
(2531, 46, 4, 1, 608),
(2370, 345, 3, 1, 609),
(1539, 242, 3, 1, 610),
(2193, 428, 3, 1, 611),
(1593, 440, 3, 1, 612),
(1877, 296, 3, 1, 613),
(2099, 95, 3, 1, 614),
(2696, 273, 4, 1, 615),
(1860, 361, 4, 1, 616),
(2545, 259, 3, 1, 617),
(2481, 156, 3, 1, 618),
(2334, 122, 3, 1, 619),
(1637, 386, 3, 1, 620),
(2412, 89, 3, 1, 621),
(2573, 33, 4, 1, 622),
(1646, 347, 4, 1, 623),
(2506, 462, 3, 1, 624),
(1520, 191, 4, 1, 625),
(2728, 333, 4, 1, 626),
(2119, 124, 4, 1, 627),
(2081, 104, 3, 1, 628),
(1856, 471, 4, 1, 629),
(1667, 241, 4, 1, 630),
(2496, 422, 4, 1, 631),
(2818, 423, 4, 1, 632),
(1728, 375, 4, 1, 633),
(1589, 461, 3, 1, 634),
(1735, 234, 4, 1, 635),
(2214, 39, 3, 1, 636),
(2577, 209, 3, 1, 637),
(1434, 490, 3, 1, 638),
(2581, 123, 4, 1, 639),
(2662, 78, 3, 1, 640),
(1883, 431, 3, 1, 641),
(2241, 171, 4, 1, 642),
(2013, 472, 4, 1, 643),
(1875, 346, 4, 1, 644),
(2619, 18, 4, 1, 645),
(2827, 23, 4, 1, 646),
(2229, 44, 3, 1, 647),
(2762, 113, 3, 1, 648),
(1880, 102, 3, 1, 649),
(2542, 116, 3, 1, 650),
(2338, 211, 3, 1, 651),
(2081, 402, 4, 1, 652),
(2563, 387, 4, 1, 653),
(2099, 483, 4, 1, 654),
(2630, 454, 4, 1, 655),
(2203, 404, 3, 1, 656),
(2127, 206, 3, 1, 657),
(2319, 430, 3, 1, 658),
(1700, 470, 4, 1, 659),
(2410, 71, 3, 1, 660),
(2124, 445, 3, 1, 661),
(1462, 181, 3, 1, 662),
(2083, 92, 3, 1, 663),
(2108, 64, 3, 1, 664),
(1484, 435, 4, 1, 665),
(1975, 308, 3, 1, 666),
(2400, 289, 3, 1, 667),
(2822, 383, 4, 1, 668),
(2495, 424, 3, 1, 669),
(1643, 85, 4, 1, 670),
(2296, 14, 4, 1, 671),
(2462, 6, 4, 1, 672),
(2650, 244, 3, 1, 673),
(2117, 72, 3, 1, 674),
(1740, 115, 4, 1, 675),
(2453, 178, 4, 1, 676),
(2086, 261, 4, 1, 677),
(2507, 209, 4, 1, 678),
(2522, 184, 3, 1, 679),
(2733, 381, 4, 1, 680),
(1767, 21, 4, 1, 681),
(1700, 470, 4, 1, 682),
(1569, 66, 3, 1, 683),
(1972, 175, 3, 1, 684),
(2030, 74, 3, 1, 685),
(2849, 238, 4, 1, 686),
(2115, 102, 3, 1, 687),
(2418, 361, 3, 1, 688),
(2373, 284, 4, 1, 689),
(2335, 322, 3, 1, 690),
(2695, 465, 4, 1, 691),
(2823, 204, 3, 1, 692),
(1935, 487, 4, 1, 693),
(2624, 457, 4, 1, 694),
(1743, 196, 4, 1, 695),
(1750, 352, 4, 1, 696),
(1842, 324, 3, 1, 697),
(2265, 373, 3, 1, 698),
(1666, 271, 3, 1, 699),
(2547, 294, 3, 1, 700),
(2067, 287, 4, 1, 701),
(2138, 443, 4, 1, 702),
(2564, 346, 3, 1, 703),
(1617, 58, 4, 1, 704),
(2417, 244, 3, 1, 705),
(2262, 67, 3, 1, 706),
(2105, 372, 4, 1, 707),
(2344, 382, 3, 1, 708),
(1673, 233, 4, 1, 709),
(2479, 126, 4, 1, 710),
(1562, 477, 4, 1, 711),
(2230, 410, 4, 1, 712),
(1734, 93, 3, 1, 713),
(2787, 352, 3, 1, 714),
(2599, 191, 3, 1, 715),
(1894, 33, 3, 1, 716),
(2335, 42, 3, 1, 717),
(1541, 15, 4, 1, 718),
(1768, 346, 3, 1, 719),
(2094, 296, 4, 1, 720),
(2294, 226, 3, 1, 721),
(1847, 94, 3, 1, 722),
(1898, 94, 4, 1, 723),
(1906, 294, 4, 1, 724),
(1496, 245, 3, 1, 725),
(1964, 88, 3, 1, 726),
(1697, 215, 3, 1, 727),
(2520, 88, 3, 1, 728),
(2064, 152, 3, 1, 729),
(2334, 229, 4, 1, 730),
(1764, 250, 4, 1, 731),
(2061, 259, 3, 1, 732),
(2174, 160, 3, 1, 733),
(1843, 83, 3, 1, 734),
(2197, 451, 4, 1, 735),
(1953, 254, 4, 1, 736),
(2375, 395, 4, 1, 737),
(2357, 358, 3, 1, 738),
(1515, 208, 4, 1, 739),
(2167, 116, 3, 1, 740),
(2627, 431, 4, 1, 741),
(1559, 473, 4, 1, 742),
(2613, 269, 3, 1, 743),
(1430, 68, 4, 1, 744),
(2629, 407, 3, 1, 745),
(2029, 31, 3, 1, 746),
(1817, 187, 3, 1, 747),
(1654, 358, 4, 1, 748),
(2745, 115, 3, 1, 749),
(2250, 194, 4, 1, 750),
(2597, 394, 4, 1, 751),
(2454, 213, 3, 1, 752),
(1548, 181, 3, 1, 753),
(1792, 375, 3, 1, 754),
(1743, 214, 4, 1, 755),
(1461, 52, 4, 1, 756),
(2336, 196, 4, 1, 757),
(1615, 161, 3, 1, 758),
(1758, 117, 3, 1, 759),
(1570, 40, 4, 1, 760),
(2693, 237, 3, 1, 761),
(1918, 348, 4, 1, 762),
(1627, 161, 4, 1, 763),
(2251, 184, 3, 1, 764),
(2488, 216, 4, 1, 765),
(2805, 323, 3, 1, 766),
(1781, 273, 4, 1, 767),
(2236, 388, 4, 1, 768),
(2198, 305, 3, 1, 769),
(1805, 86, 4, 1, 770),
(1972, 86, 4, 1, 771),
(1958, 210, 4, 1, 772),
(2333, 416, 4, 1, 773),
(2763, 446, 4, 1, 774),
(2301, 388, 3, 1, 775),
(2166, 299, 3, 1, 776),
(1495, 482, 3, 1, 777),
(1972, 457, 4, 1, 778),
(1498, 327, 4, 1, 779),
(1875, 373, 3, 1, 780),
(1915, 361, 4, 1, 781),
(2585, 366, 3, 1, 782),
(1776, 88, 3, 1, 783),
(1496, 354, 4, 1, 784),
(2171, 281, 3, 1, 785),
(1770, 374, 4, 1, 786),
(1537, 123, 4, 1, 787),
(2657, 346, 3, 1, 788),
(1778, 116, 3, 1, 789),
(1907, 209, 4, 1, 790),
(2507, 401, 4, 1, 791),
(2811, 263, 4, 1, 792),
(2678, 318, 3, 1, 793),
(1910, 186, 4, 1, 794),
(1583, 418, 4, 1, 795),
(2326, 107, 4, 1, 796),
(2112, 352, 3, 1, 797),
(1844, 18, 3, 1, 798),
(1944, 317, 3, 1, 799),
(2195, 163, 4, 1, 800);

-- --------------------------------------------------------

--
-- Table structure for table `SHIFT`
--

CREATE TABLE IF NOT EXISTS `SHIFT` (
  `shift_id` int(11) NOT NULL,
  `trip_id` int(11) NOT NULL,
  `shift_start` time NOT NULL,
  `shift_end` time NOT NULL,
  `area_id` int(11) NOT NULL,
  PRIMARY KEY (`shift_id`,`trip_id`),
  KEY `shift_fk_01_idx` (`trip_id`),
  KEY `shift_fk_02_idx` (`area_id`)
) ENGINE=InnoDB DEFAULT CHARSET=latin1;

--
-- Dumping data for table `SHIFT`
--

INSERT INTO `SHIFT` (`shift_id`, `trip_id`, `shift_start`, `shift_end`, `area_id`) VALUES
(1, 1, '00:00:00', '08:00:00', 1),
(2, 1, '08:00:00', '16:00:00', 1),
(3, 1, '16:00:00', '23:00:00', 1),
(4, 1, '00:00:00', '08:00:00', 2),
(5, 1, '08:00:00', '16:00:00', 2),
(6, 1, '16:00:00', '23:00:00', 2),
(7, 1, '00:00:00', '08:00:00', 3),
(8, 1, '08:00:00', '16:00:00', 3),
(9, 1, '16:00:00', '23:00:00', 3),
(10, 1, '00:00:00', '08:00:00', 4),
(11, 1, '08:00:00', '16:00:00', 4),
(12, 1, '16:00:00', '23:00:00', 4),
(13, 1, '00:00:00', '08:00:00', 5),
(14, 1, '08:00:00', '16:00:00', 5),
(15, 1, '16:00:00', '23:00:00', 5),
(16, 1, '00:00:00', '08:00:00', 6),
(17, 1, '08:00:00', '16:00:00', 6),
(18, 1, '16:00:00', '23:00:00', 6),
(19, 1, '00:00:00', '08:00:00', 7),
(20, 1, '08:00:00', '16:00:00', 7),
(21, 1, '16:00:00', '23:00:00', 7),
(22, 1, '00:00:00', '08:00:00', 8),
(23, 1, '08:00:00', '16:00:00', 8),
(24, 1, '16:00:00', '23:00:00', 8),
(25, 1, '00:00:00', '08:00:00', 9),
(26, 1, '08:00:00', '16:00:00', 9),
(27, 1, '16:00:00', '23:00:00', 9),
(28, 1, '00:00:00', '08:00:00', 10),
(29, 1, '08:00:00', '16:00:00', 10),
(30, 1, '16:00:00', '23:00:00', 10),
(31, 1, '00:00:00', '08:00:00', 11),
(32, 1, '08:00:00', '16:00:00', 11),
(33, 1, '16:00:00', '23:00:00', 11),
(34, 1, '00:00:00', '08:00:00', 12),
(35, 1, '08:00:00', '16:00:00', 12),
(36, 1, '16:00:00', '23:00:00', 12),
(37, 1, '00:00:00', '08:00:00', 13),
(38, 1, '08:00:00', '16:00:00', 13),
(39, 1, '16:00:00', '23:00:00', 13),
(40, 1, '00:00:00', '08:00:00', 14),
(41, 1, '08:00:00', '16:00:00', 14),
(42, 1, '16:00:00', '23:00:00', 14),
(43, 1, '00:00:00', '08:00:00', 15),
(44, 1, '08:00:00', '16:00:00', 15),
(45, 1, '16:00:00', '23:00:00', 15),
(46, 1, '00:00:00', '08:00:00', 16),
(47, 1, '08:00:00', '16:00:00', 16),
(48, 1, '16:00:00', '23:00:00', 16),
(49, 1, '00:00:00', '08:00:00', 17),
(50, 1, '08:00:00', '16:00:00', 17),
(51, 1, '16:00:00', '23:00:00', 17),
(52, 1, '00:00:00', '08:00:00', 18),
(53, 1, '08:00:00', '16:00:00', 18),
(54, 1, '16:00:00', '23:00:00', 18),
(55, 1, '00:00:00', '08:00:00', 19),
(56, 1, '08:00:00', '16:00:00', 19),
(57, 1, '16:00:00', '23:00:00', 19),
(58, 1, '00:00:00', '08:00:00', 20),
(59, 1, '08:00:00', '16:00:00', 20),
(60, 1, '16:00:00', '23:00:00', 20),
(61, 2, '00:00:00', '08:00:00', 1),
(62, 2, '08:00:00', '16:00:00', 1),
(63, 2, '16:00:00', '23:00:00', 1),
(64, 2, '00:00:00', '08:00:00', 2),
(65, 2, '08:00:00', '16:00:00', 2),
(66, 2, '16:00:00', '23:00:00', 2),
(67, 2, '00:00:00', '08:00:00', 3),
(68, 2, '08:00:00', '16:00:00', 3),
(69, 2, '16:00:00', '23:00:00', 3),
(70, 2, '00:00:00', '08:00:00', 4),
(71, 2, '08:00:00', '16:00:00', 4),
(72, 2, '16:00:00', '23:00:00', 4),
(73, 2, '00:00:00', '08:00:00', 5),
(74, 2, '08:00:00', '16:00:00', 5),
(75, 2, '16:00:00', '23:00:00', 5),
(76, 2, '00:00:00', '08:00:00', 6),
(77, 2, '08:00:00', '16:00:00', 6),
(78, 2, '16:00:00', '23:00:00', 6),
(79, 2, '00:00:00', '08:00:00', 7),
(80, 2, '08:00:00', '16:00:00', 7),
(81, 2, '16:00:00', '23:00:00', 7),
(82, 2, '00:00:00', '08:00:00', 8),
(83, 2, '08:00:00', '16:00:00', 8),
(84, 2, '16:00:00', '23:00:00', 8),
(85, 2, '00:00:00', '08:00:00', 9),
(86, 2, '08:00:00', '16:00:00', 9),
(87, 2, '16:00:00', '23:00:00', 9),
(88, 2, '00:00:00', '08:00:00', 10),
(89, 2, '08:00:00', '16:00:00', 10),
(90, 2, '16:00:00', '23:00:00', 10),
(91, 2, '00:00:00', '08:00:00', 11),
(92, 2, '08:00:00', '16:00:00', 11),
(93, 2, '16:00:00', '23:00:00', 11),
(94, 2, '00:00:00', '08:00:00', 12),
(95, 2, '08:00:00', '16:00:00', 12),
(96, 2, '16:00:00', '23:00:00', 12),
(97, 2, '00:00:00', '08:00:00', 13),
(98, 2, '08:00:00', '16:00:00', 13),
(99, 2, '16:00:00', '23:00:00', 13),
(100, 2, '00:00:00', '08:00:00', 14),
(101, 2, '08:00:00', '16:00:00', 14),
(102, 2, '16:00:00', '23:00:00', 14),
(103, 2, '00:00:00', '08:00:00', 15),
(104, 2, '08:00:00', '16:00:00', 15),
(105, 2, '16:00:00', '23:00:00', 15),
(106, 2, '00:00:00', '08:00:00', 16),
(107, 2, '08:00:00', '16:00:00', 16),
(108, 2, '16:00:00', '23:00:00', 16),
(109, 2, '00:00:00', '08:00:00', 17),
(110, 2, '08:00:00', '16:00:00', 17),
(111, 2, '16:00:00', '23:00:00', 17),
(112, 2, '00:00:00', '08:00:00', 18),
(113, 2, '08:00:00', '16:00:00', 18),
(114, 2, '16:00:00', '23:00:00', 18),
(115, 2, '00:00:00', '08:00:00', 19),
(116, 2, '08:00:00', '16:00:00', 19),
(117, 2, '16:00:00', '23:00:00', 19),
(118, 2, '00:00:00', '08:00:00', 20),
(119, 2, '08:00:00', '16:00:00', 20),
(120, 2, '16:00:00', '23:00:00', 20),
(121, 3, '00:00:00', '08:00:00', 1),
(122, 3, '08:00:00', '16:00:00', 1),
(123, 3, '16:00:00', '23:00:00', 1),
(124, 3, '00:00:00', '08:00:00', 2),
(125, 3, '08:00:00', '16:00:00', 2),
(126, 3, '16:00:00', '23:00:00', 2),
(127, 3, '00:00:00', '08:00:00', 3),
(128, 3, '08:00:00', '16:00:00', 3),
(129, 3, '16:00:00', '23:00:00', 3),
(130, 3, '00:00:00', '08:00:00', 4),
(131, 3, '08:00:00', '16:00:00', 4),
(132, 3, '16:00:00', '23:00:00', 4),
(133, 3, '00:00:00', '08:00:00', 5),
(134, 3, '08:00:00', '16:00:00', 5),
(135, 3, '16:00:00', '23:00:00', 5),
(136, 3, '00:00:00', '08:00:00', 6),
(137, 3, '08:00:00', '16:00:00', 6),
(138, 3, '16:00:00', '23:00:00', 6),
(139, 3, '00:00:00', '08:00:00', 7),
(140, 3, '08:00:00', '16:00:00', 7),
(141, 3, '16:00:00', '23:00:00', 7),
(142, 3, '00:00:00', '08:00:00', 8),
(143, 3, '08:00:00', '16:00:00', 8),
(144, 3, '16:00:00', '23:00:00', 8),
(145, 3, '00:00:00', '08:00:00', 9),
(146, 3, '08:00:00', '16:00:00', 9),
(147, 3, '16:00:00', '23:00:00', 9),
(148, 3, '00:00:00', '08:00:00', 10),
(149, 3, '08:00:00', '16:00:00', 10),
(150, 3, '16:00:00', '23:00:00', 10),
(151, 3, '00:00:00', '08:00:00', 11),
(152, 3, '08:00:00', '16:00:00', 11),
(153, 3, '16:00:00', '23:00:00', 11),
(154, 3, '00:00:00', '08:00:00', 12),
(155, 3, '08:00:00', '16:00:00', 12),
(156, 3, '16:00:00', '23:00:00', 12),
(157, 3, '00:00:00', '08:00:00', 13),
(158, 3, '08:00:00', '16:00:00', 13),
(159, 3, '16:00:00', '23:00:00', 13),
(160, 3, '00:00:00', '08:00:00', 14),
(161, 3, '08:00:00', '16:00:00', 14),
(162, 3, '16:00:00', '23:00:00', 14),
(163, 3, '00:00:00', '08:00:00', 15),
(164, 3, '08:00:00', '16:00:00', 15),
(165, 3, '16:00:00', '23:00:00', 15),
(166, 3, '00:00:00', '08:00:00', 16),
(167, 3, '08:00:00', '16:00:00', 16),
(168, 3, '16:00:00', '23:00:00', 16),
(169, 3, '00:00:00', '08:00:00', 17),
(170, 3, '08:00:00', '16:00:00', 17),
(171, 3, '16:00:00', '23:00:00', 17),
(172, 3, '00:00:00', '08:00:00', 18),
(173, 3, '08:00:00', '16:00:00', 18),
(174, 3, '16:00:00', '23:00:00', 18),
(175, 3, '00:00:00', '08:00:00', 19),
(176, 3, '08:00:00', '16:00:00', 19),
(177, 3, '16:00:00', '23:00:00', 19),
(178, 3, '00:00:00', '08:00:00', 20),
(179, 3, '08:00:00', '16:00:00', 20),
(180, 3, '16:00:00', '23:00:00', 20),
(181, 4, '00:00:00', '08:00:00', 1),
(182, 4, '08:00:00', '16:00:00', 1),
(183, 4, '16:00:00', '23:00:00', 1),
(184, 4, '00:00:00', '08:00:00', 2),
(185, 4, '08:00:00', '16:00:00', 2),
(186, 4, '16:00:00', '23:00:00', 2),
(187, 4, '00:00:00', '08:00:00', 3),
(188, 4, '08:00:00', '16:00:00', 3),
(189, 4, '16:00:00', '23:00:00', 3),
(190, 4, '00:00:00', '08:00:00', 4),
(191, 4, '08:00:00', '16:00:00', 4),
(192, 4, '16:00:00', '23:00:00', 4),
(193, 4, '00:00:00', '08:00:00', 5),
(194, 4, '08:00:00', '16:00:00', 5),
(195, 4, '16:00:00', '23:00:00', 5),
(196, 4, '00:00:00', '08:00:00', 6),
(197, 4, '08:00:00', '16:00:00', 6),
(198, 4, '16:00:00', '23:00:00', 6),
(199, 4, '00:00:00', '08:00:00', 7),
(200, 4, '08:00:00', '16:00:00', 7),
(201, 4, '16:00:00', '23:00:00', 7),
(202, 4, '00:00:00', '08:00:00', 8),
(203, 4, '08:00:00', '16:00:00', 8),
(204, 4, '16:00:00', '23:00:00', 8),
(205, 4, '00:00:00', '08:00:00', 9),
(206, 4, '08:00:00', '16:00:00', 9),
(207, 4, '16:00:00', '23:00:00', 9),
(208, 4, '00:00:00', '08:00:00', 10),
(209, 4, '08:00:00', '16:00:00', 10),
(210, 4, '16:00:00', '23:00:00', 10),
(211, 4, '00:00:00', '08:00:00', 11),
(212, 4, '08:00:00', '16:00:00', 11),
(213, 4, '16:00:00', '23:00:00', 11),
(214, 4, '00:00:00', '08:00:00', 12),
(215, 4, '08:00:00', '16:00:00', 12),
(216, 4, '16:00:00', '23:00:00', 12),
(217, 4, '00:00:00', '08:00:00', 13),
(218, 4, '08:00:00', '16:00:00', 13),
(219, 4, '16:00:00', '23:00:00', 13),
(220, 4, '00:00:00', '08:00:00', 14),
(221, 4, '08:00:00', '16:00:00', 14),
(222, 4, '16:00:00', '23:00:00', 14),
(223, 4, '00:00:00', '08:00:00', 15),
(224, 4, '08:00:00', '16:00:00', 15),
(225, 4, '16:00:00', '23:00:00', 15),
(226, 4, '00:00:00', '08:00:00', 16),
(227, 4, '08:00:00', '16:00:00', 16),
(228, 4, '16:00:00', '23:00:00', 16),
(229, 4, '00:00:00', '08:00:00', 17),
(230, 4, '08:00:00', '16:00:00', 17),
(231, 4, '16:00:00', '23:00:00', 17),
(232, 4, '00:00:00', '08:00:00', 18),
(233, 4, '08:00:00', '16:00:00', 18),
(234, 4, '16:00:00', '23:00:00', 18),
(235, 4, '00:00:00', '08:00:00', 19),
(236, 4, '08:00:00', '16:00:00', 19),
(237, 4, '16:00:00', '23:00:00', 19),
(238, 4, '00:00:00', '08:00:00', 20),
(239, 4, '08:00:00', '16:00:00', 20),
(240, 4, '16:00:00', '23:00:00', 20);

-- --------------------------------------------------------

--
-- Table structure for table `SHIP`
--

CREATE TABLE IF NOT EXISTS `SHIP` (
  `ship_id` int(11) NOT NULL,
  `ship_name` varchar(45) NOT NULL,
  `ship_class` varchar(45) NOT NULL,
  `ship_displacement` double NOT NULL,
  `ship_captain` int(11) DEFAULT NULL,
  `ship_callsign` varchar(45) DEFAULT NULL,
  `ship_IMOnumber` varchar(45) DEFAULT NULL,
  `ship_portofreg` int(11) DEFAULT NULL,
  PRIMARY KEY (`ship_id`),
  KEY `ship_fk_01_idx` (`ship_portofreg`)
) ENGINE=InnoDB DEFAULT CHARSET=latin1;

--
-- Dumping data for table `SHIP`
--

INSERT INTO `SHIP` (`ship_id`, `ship_name`, `ship_class`, `ship_displacement`, `ship_captain`, `ship_callsign`, `ship_IMOnumber`, `ship_portofreg`) VALUES
(1, 'NS Nucleon', 'Nucleon', 115500, 25, '1DDXG7', 'IMO 7883102', 1),
(2, 'NS Goldenrod', 'Nucleon', 110000, 40, '2RGKK9', 'IMO 6388211', 1);

-- --------------------------------------------------------

--
-- Table structure for table `STAFF`
--

CREATE TABLE IF NOT EXISTS `STAFF` (
  `staff_id` int(11) NOT NULL,
  `staff_firstname` varchar(45) NOT NULL,
  `staff_lastname` varchar(45) NOT NULL,
  `staff_dateofhire` date NOT NULL,
  `job_id` int(11) NOT NULL,
  `address_id` int(11) NOT NULL,
  `ship_id` int(11) NOT NULL,
  PRIMARY KEY (`staff_id`),
  KEY `staff_fk_01_idx` (`job_id`),
  KEY `staff_fk_02_idx` (`address_id`),
  KEY `staff_fk_03_idx` (`ship_id`)
) ENGINE=InnoDB DEFAULT CHARSET=latin1;

--
-- Dumping data for table `STAFF`
--

INSERT INTO `STAFF` (`staff_id`, `staff_firstname`, `staff_lastname`, `staff_dateofhire`, `job_id`, `address_id`, `ship_id`) VALUES
(1, 'Nancy', 'Simmons', '2008-04-05', 3, 486, 1),
(2, 'Gary', 'Cole', '2000-09-29', 6, 157, 1),
(3, 'Eugene', 'Bennett', '2007-10-23', 13, 347, 2),
(4, 'Anthony', 'Washington', '2006-11-26', 15, 136, 2),
(5, 'Jeremy', 'Butler', '2002-12-08', 11, 179, 1),
(6, 'Evelyn', 'Harrison', '2015-08-18', 13, 464, 2),
(7, 'Lillian', 'Murphy', '2012-08-25', 13, 364, 2),
(8, 'Roger', 'Brooks', '2015-08-26', 10, 244, 2),
(9, 'Maria', 'Nichols', '2014-09-28', 14, 491, 1),
(10, 'Amanda', 'Ford', '2010-09-05', 10, 158, 2),
(11, 'Diane', 'Knight', '2015-12-30', 11, 260, 2),
(12, 'Aaron', 'Stewart', '2014-08-03', 11, 86, 1),
(13, 'Theresa', 'Austin', '2002-07-18', 15, 40, 1),
(14, 'Rebecca', 'Hanson', '2015-01-19', 20, 193, 2),
(15, 'Elizabeth', 'Perkins', '2008-05-08', 5, 471, 2),
(16, 'Gloria', 'Thompson', '2003-04-07', 12, 121, 1),
(17, 'Diane', 'Riley', '2001-05-30', 20, 358, 1),
(18, 'Steve', 'Butler', '2016-10-20', 20, 490, 1),
(19, 'Joyce', 'Little', '2010-10-03', 15, 201, 1),
(20, 'Kevin', 'Hansen', '2009-08-23', 12, 304, 1),
(21, 'Randy', 'Stone', '2014-04-27', 17, 188, 2),
(22, 'Jose', 'Barnes', '2015-01-09', 4, 407, 1),
(23, 'Juan', 'Garcia', '2014-04-22', 14, 292, 2),
(24, 'Ruby', 'Gordon', '2011-03-25', 4, 256, 1),
(25, 'Carolyn', 'Hansen', '2006-06-17', 1, 340, 1),
(26, 'Denise', 'Myers', '2009-01-24', 9, 393, 1),
(27, 'Pamela', 'Garcia', '2004-09-03', 8, 150, 1),
(28, 'Judy', 'Peterson', '2008-06-11', 2, 114, 1),
(29, 'Julie', 'Wilson', '2012-04-05', 20, 187, 1),
(30, 'Steve', 'James', '2001-07-30', 19, 222, 1),
(31, 'Angela', 'Harper', '2008-04-28', 12, 47, 1),
(32, 'Diana', 'Owens', '2016-06-10', 8, 135, 2),
(33, 'Henry', 'Jones', '2011-08-20', 17, 285, 1),
(34, 'Helen', 'Russell', '2000-08-07', 7, 345, 1),
(35, 'Thomas', 'Marshall', '2015-07-22', 2, 64, 1),
(36, 'Annie', 'Arnold', '2015-04-07', 4, 201, 2),
(37, 'Craig', 'Robinson', '2007-07-20', 9, 213, 1),
(38, 'Scott', 'Davis', '2014-07-04', 4, 474, 2),
(39, 'Helen', 'Snyder', '2015-03-18', 14, 475, 2),
(40, 'Stephanie', 'Burns', '2008-05-16', 1, 440, 2),
(41, 'Jeremy', 'Harper', '2012-11-26', 2, 347, 1),
(42, 'Frank', 'King', '2014-02-26', 13, 118, 2),
(43, 'Lois', 'Davis', '2005-07-21', 17, 50, 2),
(44, 'Kimberly', 'Shaw', '2013-07-05', 13, 331, 1),
(45, 'Kenneth', 'Ray', '2011-05-03', 14, 17, 2),
(46, 'Jesse', 'Lee', '2001-06-05', 8, 322, 2),
(47, 'Jack', 'Cook', '2010-01-07', 12, 51, 2),
(48, 'Kelly', 'Mason', '2011-08-11', 3, 322, 1),
(49, 'Thomas', 'White', '2000-04-04', 11, 278, 1),
(50, 'Daniel', 'Stone', '2016-07-23', 11, 105, 1),
(51, 'Arthur', 'Nelson', '2000-02-01', 4, 413, 1),
(52, 'Cheryl', 'Garza', '2011-11-14', 12, 150, 1),
(53, 'Lisa', 'West', '2014-08-04', 4, 408, 1),
(54, 'Richard', 'Jacobs', '2003-08-27', 12, 85, 2),
(55, 'Marilyn', 'Sanders', '2007-04-02', 19, 305, 1),
(56, 'Bruce', 'Gardner', '2012-01-24', 14, 354, 2),
(57, 'Jose', 'Robinson', '2008-08-25', 8, 100, 2),
(58, 'Catherine', 'Cole', '2011-05-16', 5, 291, 2),
(59, 'Julie', 'Graham', '2008-11-25', 19, 450, 2),
(60, 'Mildred', 'Ryan', '2011-09-11', 6, 91, 2),
(61, 'Tammy', 'Edwards', '2000-09-12', 8, 52, 1),
(62, 'Donna', 'Stephens', '2008-04-29', 4, 140, 1),
(63, 'Jose', 'Russell', '2000-09-01', 8, 471, 2),
(64, 'Julia', 'Martinez', '2000-08-30', 6, 72, 1),
(65, 'Pamela', 'Edwards', '2013-06-25', 10, 139, 2),
(66, 'Mark', 'Martin', '2007-07-01', 3, 457, 2),
(67, 'Justin', 'Phillips', '2003-08-08', 10, 451, 2),
(68, 'Jerry', 'Boyd', '2011-10-20', 10, 216, 2),
(69, 'John', 'Stevens', '2010-04-23', 3, 200, 1),
(70, 'Nicholas', 'Baker', '2008-08-03', 2, 491, 1),
(71, 'Rachel', 'Perkins', '2003-08-06', 11, 455, 2),
(72, 'George', 'Arnold', '2000-08-03', 16, 444, 2),
(73, 'Jerry', 'Parker', '2007-02-12', 15, 389, 1),
(74, 'Carol', 'Kennedy', '2013-04-18', 18, 236, 1),
(75, 'Annie', 'Collins', '2011-06-05', 14, 354, 1),
(76, 'Gregory', 'Cole', '2015-07-19', 11, 408, 1),
(77, 'Thomas', 'Nichols', '2006-01-25', 11, 268, 2),
(78, 'Elizabeth', 'Riley', '2011-04-17', 19, 197, 1),
(79, 'Virginia', 'Hicks', '2013-02-20', 17, 70, 2),
(80, 'Annie', 'Holmes', '2002-10-21', 16, 55, 1),
(81, 'Brenda', 'Richardson', '2011-03-18', 4, 278, 1),
(82, 'Melissa', 'Williams', '2010-05-27', 4, 95, 1),
(83, 'Sandra', 'Kelly', '2005-08-21', 18, 319, 2),
(84, 'Cheryl', 'Cole', '2005-02-07', 18, 38, 1),
(85, 'Phillip', 'Franklin', '2006-04-27', 8, 353, 2),
(86, 'Scott', 'Peters', '2002-05-23', 5, 248, 2),
(87, 'Walter', 'Rogers', '2011-09-29', 18, 352, 1),
(88, 'Victor', 'Olson', '2014-03-21', 13, 320, 1),
(89, 'Lawrence', 'Mason', '2007-02-10', 6, 86, 1),
(90, 'Paul', 'Ford', '2003-03-21', 11, 91, 1),
(91, 'Benjamin', 'Oliver', '2010-11-07', 6, 165, 1),
(92, 'Mary', 'Mills', '2004-11-12', 13, 152, 1),
(93, 'Bonnie', 'Foster', '2000-02-16', 9, 54, 2),
(94, 'Larry', 'Armstrong', '2006-08-10', 9, 168, 1),
(95, 'Amy', 'Rivera', '2009-02-24', 10, 30, 1),
(96, 'Pamela', 'Holmes', '2013-04-12', 19, 184, 2),
(97, 'Tina', 'Hall', '2010-02-17', 4, 236, 1),
(98, 'Gregory', 'Gardner', '2012-06-04', 4, 498, 2),
(99, 'Annie', 'Watson', '2000-02-13', 18, 133, 1),
(100, 'Carlos', 'Medina', '2003-05-09', 15, 207, 2),
(101, 'Julia', 'Adams', '2009-08-15', 13, 132, 1),
(102, 'Craig', 'Spencer', '2014-12-06', 13, 397, 2),
(103, 'Ruby', 'Lynch', '2003-05-08', 5, 119, 2),
(104, 'Diana', 'Alvarez', '2007-10-21', 4, 65, 2),
(105, 'Janice', 'Reyes', '2001-05-31', 5, 135, 1),
(106, 'Anna', 'Cole', '2015-06-07', 9, 276, 1),
(107, 'Timothy', 'Stanley', '2015-09-17', 5, 429, 2),
(108, 'Mildred', 'Sullivan', '2008-09-01', 6, 125, 2),
(109, 'Jacqueline', 'Castillo', '2000-05-11', 7, 256, 1),
(110, 'Barbara', 'Cole', '2001-09-03', 6, 209, 2),
(111, 'Teresa', 'Edwards', '2009-02-13', 19, 250, 1),
(112, 'Carl', 'Olson', '2015-04-22', 9, 498, 1),
(113, 'Harry', 'Robinson', '2013-04-20', 16, 3, 2),
(114, 'Kathy', 'Black', '2011-07-15', 15, 139, 1),
(115, 'Jimmy', 'Marshall', '2016-04-14', 9, 2, 1),
(116, 'Carlos', 'Frazier', '2005-01-20', 14, 37, 1),
(117, 'Alan', 'Greene', '2015-07-02', 15, 63, 2),
(118, 'Antonio', 'Tucker', '2004-11-28', 17, 277, 2),
(119, 'Robert', 'Banks', '2005-12-11', 19, 53, 2),
(120, 'Harold', 'Barnes', '2002-06-15', 15, 418, 1),
(121, 'Frank', 'Bowman', '2008-01-24', 8, 165, 2),
(122, 'Scott', 'Chavez', '2001-11-17', 16, 252, 2),
(123, 'Jimmy', 'Porter', '2006-06-01', 16, 306, 2),
(124, 'Billy', 'Lee', '2000-12-10', 5, 332, 1),
(125, 'Larry', 'Flores', '2009-07-05', 13, 185, 2),
(126, 'Patrick', 'Morrison', '2001-05-20', 19, 211, 2),
(127, 'Rebecca', 'Mason', '2015-04-18', 4, 119, 1),
(128, 'Ann', 'Reyes', '2006-09-20', 15, 198, 1),
(129, 'Debra', 'Ford', '2003-10-28', 1, 458, 2),
(130, 'Rose', 'Gilbert', '2014-03-31', 4, 471, 1),
(131, 'Ashley', 'Burke', '2011-09-01', 20, 345, 2),
(132, 'Sharon', 'Hernandez', '2011-04-24', 7, 457, 2),
(133, 'Diane', 'Ortiz', '2001-12-04', 15, 149, 1),
(134, 'Sarah', 'Garza', '2002-12-11', 17, 287, 1),
(135, 'Aaron', 'Wilson', '2008-08-10', 20, 393, 1),
(136, 'Harry', 'Smith', '2008-11-15', 2, 29, 1),
(137, 'Eric', 'Lawson', '2005-09-08', 18, 444, 1),
(138, 'Craig', 'Jones', '2006-12-10', 20, 393, 1),
(139, 'Judith', 'Martin', '2008-04-17', 2, 431, 2),
(140, 'Samuel', 'Tucker', '2010-10-21', 13, 307, 2),
(141, 'Edward', 'Holmes', '2015-04-20', 12, 357, 1),
(142, 'Ruth', 'Wells', '2015-06-19', 13, 38, 2),
(143, 'John', 'Cox', '2015-08-22', 16, 110, 2),
(144, 'Janice', 'Turner', '2004-04-21', 2, 177, 1),
(145, 'Shirley', 'Hill', '2000-09-15', 8, 386, 2),
(146, 'Kimberly', 'Cole', '2008-08-12', 13, 19, 1),
(147, 'Nancy', 'Russell', '2016-08-25', 7, 497, 1),
(148, 'Todd', 'Frazier', '2016-07-07', 3, 118, 2),
(149, 'Philip', 'Smith', '2002-03-11', 16, 241, 2),
(150, 'Angela', 'Martinez', '2015-10-01', 13, 330, 2),
(151, 'Lawrence', 'Hicks', '2006-01-19', 4, 145, 1),
(152, 'Harold', 'Fox', '2008-07-28', 14, 82, 2),
(153, 'Nancy', 'Howard', '2013-10-13', 17, 322, 2),
(154, 'Patrick', 'Ford', '2005-04-03', 20, 479, 2),
(155, 'Christine', 'Robertson', '2016-07-03', 9, 80, 1),
(156, 'Randy', 'Perez', '2014-10-14', 11, 238, 1),
(157, 'Karen', 'Cooper', '2009-01-05', 16, 471, 2),
(158, 'Frank', 'Matthews', '2001-01-20', 18, 58, 2),
(159, 'Raymond', 'Hall', '2008-08-31', 12, 351, 2),
(160, 'John', 'Little', '2004-01-11', 3, 12, 1),
(161, 'Clarence', 'Patterson', '2007-09-05', 1, 219, 2),
(162, 'Jean', 'White', '2008-04-24', 2, 98, 2),
(163, 'Stephanie', 'Martin', '2014-03-04', 11, 416, 1),
(164, 'Bobby', 'Schmidt', '2013-11-02', 8, 33, 1),
(165, 'Rose', 'Murray', '2011-09-09', 4, 99, 1),
(166, 'Jennifer', 'Cunningham', '2003-09-20', 12, 344, 2),
(167, 'Jennifer', 'Mendoza', '2002-10-17', 11, 95, 2),
(168, 'Beverly', 'Harris', '2002-08-05', 13, 464, 2),
(169, 'Nicole', 'Simmons', '2015-12-08', 10, 317, 1),
(170, 'Anne', 'Williams', '2013-08-07', 3, 406, 2),
(171, 'Annie', 'Adams', '2007-07-11', 4, 488, 1),
(172, 'Annie', 'Gonzalez', '2005-04-12', 16, 470, 2),
(173, 'Albert', 'Cunningham', '2000-09-27', 16, 408, 1),
(174, 'Tina', 'Morales', '2016-03-05', 12, 281, 1),
(175, 'Tammy', 'Rose', '2004-04-30', 17, 144, 2),
(176, 'Paula', 'Berry', '2011-03-08', 11, 198, 1),
(177, 'Terry', 'Parker', '2015-12-21', 3, 146, 1),
(178, 'Jeffrey', 'Franklin', '2015-06-07', 4, 401, 2),
(179, 'Nicole', 'Andrews', '2002-10-16', 15, 377, 2),
(180, 'Stephanie', 'Ellis', '2009-12-15', 6, 83, 1),
(181, 'Rebecca', 'Coleman', '2007-11-10', 7, 143, 2),
(182, 'Andrew', 'Turner', '2006-02-23', 3, 439, 1),
(183, 'James', 'Burns', '2007-03-23', 8, 184, 2),
(184, 'Sean', 'Ford', '2012-06-15', 10, 195, 2),
(185, 'Norma', 'Garrett', '2012-09-19', 12, 495, 1),
(186, 'David', 'Shaw', '2001-11-12', 13, 177, 1),
(187, 'Todd', 'Lee', '2007-03-29', 6, 355, 2),
(188, 'Phillip', 'Anderson', '2003-11-17', 12, 93, 1),
(189, 'Debra', 'Bailey', '2012-07-04', 10, 167, 2),
(190, 'Brandon', 'Jacobs', '2003-08-27', 12, 102, 1),
(191, 'Paul', 'Myers', '2006-06-26', 9, 328, 1),
(192, 'Ralph', 'Jenkins', '2014-04-29', 4, 67, 2),
(193, 'Paul', 'Kennedy', '2001-08-18', 2, 14, 1),
(194, 'Cheryl', 'Torres', '2000-10-12', 13, 168, 1),
(195, 'Charles', 'Sanchez', '2009-10-31', 16, 491, 1),
(196, 'Jessica', 'Hunter', '2011-01-17', 6, 205, 1),
(197, 'Shawn', 'Reyes', '2009-05-09', 7, 152, 1),
(198, 'Betty', 'Gray', '2003-11-16', 5, 428, 1),
(199, 'Harold', 'Gordon', '2014-02-06', 7, 282, 1),
(200, 'Scott', 'Reid', '2012-03-22', 20, 390, 1),
(201, 'Samuel', 'Gomez', '2014-09-03', 10, 55, 1),
(202, 'Matthew', 'Chapman', '2015-03-28', 10, 2, 1),
(203, 'Tammy', 'Harvey', '2016-01-29', 10, 363, 1),
(204, 'Keith', 'Tucker', '2016-06-21', 10, 347, 1),
(205, 'Jonathan', 'Wallace', '2016-05-23', 10, 350, 1),
(206, 'Tammy', 'Montgomery', '2014-06-02', 10, 295, 1),
(207, 'Joan', 'Hunter', '2013-01-14', 10, 483, 1),
(208, 'Deborah', 'Jordan', '2015-01-31', 10, 347, 1),
(209, 'Walter', 'Gordon', '2012-02-25', 10, 497, 1),
(210, 'Tina', 'Butler', '2011-06-04', 10, 440, 1),
(211, 'Mildred', 'Andrews', '2013-05-08', 10, 329, 1),
(212, 'Harold', 'Chapman', '2013-11-08', 10, 20, 1),
(213, 'Christopher', 'Howard', '2012-09-29', 10, 76, 1),
(214, 'Peter', 'Lopez', '2011-06-10', 10, 47, 1),
(215, 'Pamela', 'Thompson', '2012-01-26', 10, 459, 1),
(216, 'Debra', 'Fox', '2011-05-31', 10, 474, 1),
(217, 'Peter', 'Sanchez', '2015-10-22', 10, 335, 1),
(218, 'Judy', 'Gomez', '2012-11-15', 10, 238, 1),
(219, 'Theresa', 'Ferguson', '2013-07-05', 10, 112, 1),
(220, 'Billy', 'Scott', '2013-11-06', 10, 231, 1),
(221, 'Timothy', 'Wright', '2012-01-25', 19, 131, 1),
(222, 'Donald', 'Olson', '2013-05-05', 19, 368, 1),
(223, 'Aaron', 'Mitchell', '2011-08-10', 19, 67, 1),
(224, 'Roger', 'Oliver', '2016-06-15', 19, 498, 1),
(225, 'Joan', 'Harris', '2012-09-28', 19, 107, 1),
(226, 'Virginia', 'Crawford', '2013-11-09', 19, 362, 1),
(227, 'Evelyn', 'Thompson', '2015-11-20', 19, 388, 1),
(228, 'Michael', 'Butler', '2012-08-27', 19, 441, 1),
(229, 'Gloria', 'Bennett', '2016-03-06', 19, 282, 1),
(230, 'Joshua', 'Taylor', '2013-01-09', 19, 317, 1),
(231, 'Joe', 'Campbell', '2013-02-05', 19, 22, 1),
(232, 'Andrew', 'Woods', '2011-11-27', 19, 272, 1),
(233, 'Joseph', 'Hall', '2011-09-11', 19, 308, 1),
(234, 'Robert', 'Fuller', '2016-03-31', 19, 230, 1),
(235, 'Arthur', 'Chavez', '2013-11-21', 19, 200, 1),
(236, 'Dennis', 'Collins', '2015-01-12', 19, 109, 1),
(237, 'Patricia', 'Powell', '2013-10-23', 19, 81, 1),
(238, 'Ruby', 'Alexander', '2012-01-01', 19, 333, 1),
(239, 'Arthur', 'Graham', '2012-01-03', 19, 410, 1),
(240, 'Fred', 'Peterson', '2016-02-19', 19, 500, 1),
(241, 'Jane', 'Daniels', '2012-03-16', 19, 368, 1),
(242, 'Barbara', 'Thomas', '2016-02-19', 19, 33, 1),
(243, 'Benjamin', 'Kelley', '2016-05-04', 19, 346, 1),
(244, 'Debra', 'Ramos', '2010-11-22', 19, 230, 1),
(245, 'Henry', 'Nichols', '2015-09-30', 19, 369, 1),
(246, 'Aaron', 'Johnston', '2014-07-15', 19, 499, 1),
(247, 'Sandra', 'Porter', '2011-05-31', 19, 264, 1),
(248, 'Sean', 'Diaz', '2015-02-17', 19, 483, 1),
(249, 'Robert', 'Mills', '2012-05-09', 19, 222, 1),
(250, 'Walter', 'Ramirez', '2012-08-24', 19, 230, 1);

-- --------------------------------------------------------

--
-- Table structure for table `STAFF_SHIFT`
--

CREATE TABLE IF NOT EXISTS `STAFF_SHIFT` (
  `shift_id` int(11) NOT NULL,
  `staff_id` int(11) NOT NULL,
  `shift_date` date NOT NULL,
  PRIMARY KEY (`shift_id`,`staff_id`,`shift_date`),
  KEY `staffShift_fk_02_idx` (`staff_id`)
) ENGINE=InnoDB DEFAULT CHARSET=latin1;

--
-- Dumping data for table `STAFF_SHIFT`
--

INSERT INTO `STAFF_SHIFT` (`shift_id`, `staff_id`, `shift_date`) VALUES
(3, 1, '2016-10-30'),
(6, 1, '2016-11-03'),
(7, 2, '2016-10-30'),
(7, 2, '2016-11-01'),
(8, 2, '2016-10-30'),
(8, 2, '2016-11-03'),
(8, 2, '2016-11-04'),
(9, 2, '2016-10-30'),
(37, 5, '2016-10-30'),
(38, 5, '2016-11-02'),
(40, 5, '2016-10-30'),
(22, 9, '2016-11-01'),
(24, 9, '2016-11-02'),
(25, 9, '2016-11-04'),
(37, 12, '2016-11-02'),
(37, 12, '2016-11-03'),
(38, 12, '2016-11-02'),
(38, 12, '2016-11-03'),
(38, 12, '2016-11-04'),
(39, 12, '2016-10-30'),
(39, 12, '2016-11-04'),
(40, 12, '2016-10-31'),
(42, 12, '2016-11-01'),
(43, 13, '2016-11-04'),
(45, 13, '2016-11-03'),
(46, 13, '2016-10-30'),
(46, 13, '2016-11-01'),
(46, 13, '2016-11-04'),
(47, 13, '2016-11-01'),
(29, 16, '2016-11-04'),
(30, 16, '2016-10-30'),
(30, 16, '2016-11-01'),
(30, 16, '2016-11-03'),
(31, 17, '2016-10-31'),
(31, 17, '2016-11-04'),
(32, 17, '2016-10-31'),
(32, 17, '2016-11-04'),
(33, 17, '2016-10-30'),
(33, 17, '2016-11-03'),
(33, 17, '2016-11-04'),
(58, 17, '2016-11-01'),
(59, 17, '2016-10-30'),
(59, 17, '2016-11-02'),
(59, 17, '2016-11-03'),
(60, 17, '2016-11-04'),
(31, 18, '2016-10-30'),
(31, 18, '2016-10-31'),
(32, 18, '2016-10-31'),
(33, 18, '2016-10-30'),
(33, 18, '2016-11-02'),
(58, 18, '2016-11-02'),
(58, 18, '2016-11-03'),
(59, 18, '2016-11-01'),
(59, 18, '2016-11-03'),
(43, 19, '2016-11-01'),
(43, 19, '2016-11-02'),
(44, 19, '2016-10-31'),
(28, 20, '2016-10-30'),
(28, 20, '2016-11-03'),
(29, 20, '2016-11-04'),
(30, 20, '2016-10-30'),
(1, 22, '2016-11-01'),
(1, 24, '2016-10-31'),
(1, 25, '2016-11-04'),
(1, 25, '2016-11-05'),
(6, 25, '2016-10-30'),
(10, 26, '2016-11-01'),
(11, 26, '2016-10-31'),
(11, 27, '2016-10-31'),
(12, 27, '2016-11-04'),
(16, 27, '2016-10-31'),
(18, 27, '2016-11-04'),
(4, 28, '2016-10-31'),
(5, 28, '2016-10-30'),
(6, 28, '2016-10-30'),
(31, 29, '2016-11-03'),
(32, 29, '2016-10-31'),
(32, 29, '2016-11-02'),
(32, 29, '2016-11-03'),
(33, 29, '2016-11-01'),
(33, 29, '2016-11-02'),
(33, 29, '2016-11-04'),
(36, 30, '2016-11-02'),
(29, 31, '2016-10-30'),
(29, 31, '2016-10-31'),
(49, 33, '2016-10-31'),
(50, 33, '2016-10-31'),
(50, 33, '2016-11-04'),
(51, 33, '2016-11-01'),
(52, 33, '2016-11-02'),
(53, 33, '2016-11-03'),
(54, 33, '2016-11-03'),
(11, 34, '2016-11-01'),
(11, 34, '2016-11-04'),
(12, 34, '2016-11-02'),
(17, 34, '2016-11-02'),
(2, 35, '2016-11-02'),
(6, 35, '2016-11-01'),
(10, 37, '2016-11-02'),
(17, 37, '2016-11-02'),
(2, 41, '2016-10-30'),
(4, 41, '2016-10-30'),
(22, 44, '2016-11-02'),
(22, 44, '2016-11-03'),
(22, 44, '2016-11-04'),
(23, 44, '2016-10-31'),
(24, 44, '2016-11-02'),
(25, 44, '2016-10-30'),
(25, 44, '2016-11-04'),
(26, 44, '2016-10-31'),
(26, 44, '2016-11-02'),
(27, 44, '2016-11-01'),
(37, 49, '2016-11-04'),
(38, 49, '2016-10-30'),
(40, 49, '2016-11-01'),
(37, 50, '2016-11-02'),
(39, 50, '2016-11-02'),
(40, 50, '2016-10-30'),
(41, 50, '2016-10-31'),
(41, 50, '2016-11-03'),
(41, 50, '2016-11-04'),
(1, 51, '2016-11-03'),
(2, 51, '2016-11-04'),
(28, 52, '2016-11-03'),
(29, 52, '2016-10-30'),
(29, 52, '2016-10-31'),
(29, 52, '2016-11-02'),
(30, 52, '2016-11-02'),
(3, 53, '2016-11-02'),
(6, 53, '2016-11-01'),
(6, 53, '2016-11-02'),
(6, 53, '2016-11-04'),
(12, 61, '2016-10-30'),
(12, 61, '2016-11-03'),
(12, 61, '2016-11-04'),
(2, 62, '2016-11-03'),
(7, 64, '2016-11-02'),
(8, 64, '2016-10-31'),
(8, 64, '2016-11-01'),
(8, 64, '2016-11-02'),
(8, 64, '2016-11-04'),
(9, 64, '2016-11-04'),
(36, 64, '2016-11-01'),
(1, 69, '2016-11-02'),
(2, 69, '2016-11-04'),
(4, 69, '2016-10-31'),
(1, 70, '2016-10-30'),
(3, 70, '2016-11-01'),
(3, 70, '2016-11-03'),
(43, 73, '2016-11-04'),
(44, 73, '2016-11-01'),
(45, 73, '2016-11-01'),
(46, 73, '2016-11-02'),
(47, 73, '2016-11-02'),
(49, 74, '2016-10-31'),
(49, 74, '2016-11-04'),
(50, 74, '2016-11-03'),
(50, 74, '2016-11-04'),
(51, 74, '2016-11-02'),
(53, 74, '2016-11-03'),
(54, 74, '2016-10-30'),
(54, 74, '2016-11-04'),
(23, 75, '2016-11-04'),
(27, 75, '2016-11-01'),
(39, 76, '2016-11-02'),
(40, 76, '2016-10-31'),
(40, 76, '2016-11-03'),
(11, 78, '2016-11-03'),
(18, 78, '2016-11-03'),
(33, 78, '2016-10-31'),
(34, 78, '2016-10-31'),
(45, 80, '2016-10-30'),
(46, 80, '2016-11-02'),
(46, 80, '2016-11-03'),
(47, 80, '2016-11-01'),
(48, 80, '2016-11-01'),
(4, 81, '2016-10-30'),
(4, 82, '2016-11-03'),
(49, 84, '2016-10-31'),
(50, 84, '2016-10-31'),
(51, 84, '2016-10-31'),
(51, 84, '2016-11-02'),
(52, 84, '2016-10-30'),
(53, 84, '2016-11-01'),
(53, 84, '2016-11-04'),
(50, 87, '2016-10-30'),
(50, 87, '2016-11-02'),
(50, 87, '2016-11-04'),
(52, 87, '2016-11-01'),
(52, 87, '2016-11-02'),
(53, 87, '2016-10-31'),
(53, 87, '2016-11-02'),
(54, 87, '2016-10-30'),
(22, 88, '2016-11-03'),
(25, 88, '2016-10-30'),
(25, 88, '2016-10-31'),
(25, 88, '2016-11-02'),
(26, 88, '2016-11-02'),
(27, 88, '2016-10-31'),
(7, 89, '2016-10-31'),
(7, 89, '2016-11-03'),
(8, 89, '2016-10-30'),
(8, 89, '2016-11-04'),
(9, 89, '2016-11-03'),
(35, 89, '2016-11-02'),
(37, 90, '2016-10-31'),
(42, 90, '2016-11-01'),
(42, 90, '2016-11-03'),
(7, 91, '2016-10-30'),
(7, 91, '2016-11-02'),
(7, 91, '2016-11-04'),
(9, 91, '2016-10-30'),
(34, 91, '2016-11-02'),
(34, 91, '2016-11-03'),
(22, 92, '2016-11-03'),
(23, 92, '2016-10-30'),
(24, 92, '2016-10-30'),
(24, 92, '2016-11-02'),
(25, 92, '2016-10-31'),
(26, 92, '2016-11-04'),
(11, 94, '2016-10-30'),
(11, 94, '2016-10-31'),
(12, 94, '2016-10-31'),
(12, 94, '2016-11-01'),
(13, 95, '2016-11-03'),
(13, 95, '2016-11-04'),
(19, 95, '2016-11-02'),
(49, 99, '2016-11-04'),
(51, 99, '2016-11-03'),
(53, 99, '2016-11-01'),
(53, 99, '2016-11-02'),
(23, 101, '2016-11-03'),
(24, 101, '2016-11-02'),
(25, 101, '2016-10-30'),
(26, 101, '2016-10-31'),
(7, 105, '2016-10-30'),
(7, 105, '2016-10-31'),
(9, 105, '2016-11-02'),
(35, 105, '2016-10-30'),
(35, 105, '2016-11-01'),
(35, 105, '2016-11-04'),
(18, 106, '2016-11-02'),
(47, 111, '2016-10-31'),
(52, 111, '2016-11-03'),
(10, 112, '2016-11-01'),
(10, 112, '2016-11-02'),
(11, 112, '2016-10-30'),
(11, 112, '2016-11-04'),
(16, 112, '2016-10-31'),
(43, 114, '2016-11-02'),
(46, 114, '2016-11-02'),
(47, 114, '2016-10-30'),
(47, 114, '2016-11-04'),
(48, 114, '2016-10-31'),
(10, 115, '2016-11-02'),
(12, 115, '2016-10-31'),
(16, 115, '2016-11-01'),
(17, 115, '2016-10-30'),
(25, 116, '2016-11-01'),
(26, 116, '2016-11-03'),
(27, 116, '2016-11-03'),
(43, 120, '2016-11-01'),
(43, 120, '2016-11-02'),
(43, 120, '2016-11-03'),
(43, 120, '2016-11-04'),
(44, 120, '2016-10-31'),
(45, 120, '2016-11-03'),
(46, 120, '2016-11-01'),
(47, 120, '2016-11-02'),
(7, 124, '2016-10-30'),
(9, 124, '2016-11-01'),
(36, 124, '2016-11-04'),
(2, 127, '2016-11-01'),
(6, 127, '2016-11-02'),
(43, 128, '2016-11-02'),
(45, 128, '2016-10-30'),
(46, 128, '2016-11-02'),
(47, 128, '2016-10-31'),
(3, 130, '2016-11-01'),
(46, 133, '2016-11-03'),
(47, 133, '2016-11-04'),
(48, 133, '2016-10-31'),
(49, 134, '2016-11-03'),
(53, 134, '2016-10-30'),
(53, 134, '2016-11-03'),
(54, 134, '2016-10-30'),
(54, 134, '2016-11-03'),
(31, 135, '2016-10-31'),
(33, 135, '2016-11-01'),
(33, 135, '2016-11-02'),
(33, 135, '2016-11-04'),
(58, 135, '2016-11-03'),
(59, 135, '2016-11-01'),
(59, 135, '2016-11-04'),
(4, 136, '2016-11-04'),
(5, 136, '2016-11-01'),
(5, 136, '2016-11-03'),
(6, 136, '2016-11-03'),
(49, 137, '2016-11-04'),
(51, 137, '2016-11-03'),
(52, 137, '2016-10-30'),
(52, 137, '2016-11-02'),
(31, 138, '2016-10-31'),
(32, 138, '2016-10-30'),
(33, 138, '2016-10-31'),
(58, 138, '2016-11-03'),
(58, 138, '2016-11-04'),
(60, 138, '2016-11-01'),
(60, 138, '2016-11-02'),
(28, 141, '2016-10-30'),
(28, 141, '2016-11-01'),
(28, 141, '2016-11-03'),
(29, 141, '2016-11-01'),
(30, 141, '2016-10-31'),
(30, 141, '2016-11-03'),
(30, 141, '2016-11-04'),
(1, 144, '2016-11-04'),
(3, 144, '2016-10-31'),
(3, 144, '2016-11-02'),
(22, 146, '2016-11-02'),
(23, 146, '2016-11-03'),
(24, 146, '2016-11-02'),
(25, 146, '2016-10-31'),
(27, 146, '2016-11-03'),
(12, 147, '2016-11-04'),
(18, 147, '2016-11-04'),
(2, 151, '2016-10-31'),
(3, 151, '2016-10-30'),
(16, 155, '2016-11-03'),
(17, 155, '2016-11-03'),
(37, 156, '2016-10-31'),
(39, 156, '2016-10-30'),
(39, 156, '2016-11-01'),
(40, 156, '2016-10-31'),
(40, 156, '2016-11-01'),
(2, 160, '2016-11-04'),
(4, 160, '2016-11-04'),
(39, 163, '2016-10-30'),
(39, 163, '2016-10-31'),
(39, 163, '2016-11-02'),
(41, 163, '2016-11-04'),
(10, 164, '2016-11-02'),
(11, 164, '2016-11-04'),
(16, 164, '2016-11-03'),
(17, 164, '2016-10-31'),
(1, 165, '2016-11-03'),
(5, 165, '2016-11-03'),
(13, 169, '2016-11-01'),
(15, 169, '2016-10-30'),
(3, 171, '2016-11-04'),
(6, 171, '2016-11-04'),
(44, 173, '2016-11-03'),
(45, 173, '2016-10-31'),
(46, 173, '2016-10-31'),
(47, 173, '2016-11-02'),
(47, 173, '2016-11-04'),
(28, 174, '2016-11-01'),
(28, 174, '2016-11-04'),
(29, 174, '2016-11-04'),
(30, 174, '2016-10-30'),
(30, 174, '2016-11-04'),
(38, 176, '2016-11-04'),
(39, 176, '2016-11-04'),
(40, 176, '2016-11-02'),
(40, 176, '2016-11-03'),
(6, 177, '2016-10-31'),
(6, 177, '2016-11-01'),
(7, 180, '2016-10-31'),
(9, 180, '2016-10-30'),
(34, 180, '2016-10-30'),
(34, 180, '2016-11-04'),
(35, 180, '2016-10-30'),
(1, 182, '2016-11-02'),
(28, 185, '2016-11-01'),
(28, 185, '2016-11-03'),
(29, 185, '2016-11-01'),
(29, 185, '2016-11-02'),
(29, 185, '2016-11-03'),
(29, 185, '2016-11-04'),
(30, 185, '2016-10-31'),
(30, 185, '2016-11-01'),
(30, 185, '2016-11-03'),
(30, 185, '2016-11-04'),
(22, 186, '2016-11-02'),
(23, 186, '2016-11-01'),
(24, 186, '2016-11-02'),
(25, 186, '2016-11-01'),
(27, 186, '2016-11-01'),
(28, 188, '2016-10-31'),
(28, 188, '2016-11-01'),
(28, 188, '2016-11-02'),
(28, 188, '2016-11-04'),
(29, 188, '2016-11-02'),
(28, 190, '2016-11-04'),
(29, 190, '2016-10-31'),
(29, 190, '2016-11-03'),
(10, 191, '2016-10-30'),
(11, 191, '2016-11-01'),
(12, 191, '2016-10-30'),
(16, 191, '2016-10-30'),
(17, 191, '2016-11-03'),
(6, 193, '2016-10-31'),
(6, 193, '2016-11-03'),
(22, 194, '2016-11-03'),
(25, 194, '2016-10-30'),
(25, 194, '2016-10-31'),
(25, 194, '2016-11-04'),
(26, 194, '2016-11-01'),
(43, 195, '2016-11-02'),
(44, 195, '2016-10-31'),
(47, 195, '2016-11-02'),
(7, 196, '2016-10-31'),
(8, 196, '2016-11-01'),
(9, 196, '2016-10-31'),
(9, 196, '2016-11-04'),
(34, 196, '2016-10-31'),
(34, 196, '2016-11-02'),
(35, 196, '2016-11-02'),
(36, 196, '2016-11-03'),
(12, 197, '2016-10-30'),
(8, 198, '2016-11-01'),
(9, 198, '2016-11-04'),
(34, 198, '2016-11-03'),
(36, 198, '2016-11-02'),
(11, 199, '2016-11-01'),
(16, 199, '2016-10-30'),
(18, 199, '2016-11-03'),
(31, 200, '2016-11-01'),
(33, 200, '2016-11-01'),
(33, 200, '2016-11-03'),
(59, 200, '2016-11-01'),
(59, 200, '2016-11-02'),
(60, 200, '2016-11-03'),
(14, 201, '2016-10-30'),
(14, 201, '2016-11-01'),
(14, 201, '2016-11-03'),
(15, 202, '2016-11-03'),
(13, 204, '2016-10-30'),
(15, 204, '2016-11-01'),
(20, 204, '2016-11-01'),
(20, 205, '2016-11-04'),
(13, 206, '2016-10-30'),
(14, 206, '2016-11-04'),
(19, 206, '2016-11-02'),
(20, 206, '2016-10-30'),
(21, 206, '2016-10-31'),
(21, 206, '2016-11-04'),
(14, 207, '2016-11-03'),
(19, 207, '2016-10-30'),
(21, 207, '2016-11-03'),
(14, 208, '2016-10-30'),
(14, 208, '2016-10-31'),
(13, 209, '2016-10-30'),
(13, 209, '2016-11-01'),
(14, 209, '2016-11-01'),
(15, 209, '2016-11-04'),
(19, 209, '2016-11-04'),
(21, 209, '2016-10-31'),
(15, 211, '2016-11-01'),
(19, 211, '2016-11-02'),
(21, 211, '2016-11-04'),
(13, 212, '2016-10-31'),
(14, 212, '2016-10-31'),
(14, 212, '2016-11-01'),
(15, 212, '2016-11-01'),
(14, 213, '2016-11-04'),
(19, 213, '2016-10-30'),
(19, 213, '2016-11-02'),
(13, 214, '2016-10-30'),
(14, 214, '2016-11-03'),
(14, 214, '2016-11-04'),
(20, 214, '2016-10-31'),
(20, 216, '2016-11-03'),
(21, 217, '2016-11-03'),
(15, 218, '2016-11-03'),
(20, 220, '2016-11-01'),
(15, 221, '2016-10-30'),
(21, 222, '2016-10-31'),
(36, 222, '2016-10-30'),
(32, 223, '2016-11-03'),
(49, 223, '2016-11-02'),
(5, 224, '2016-11-04'),
(36, 224, '2016-11-04'),
(33, 225, '2016-10-31'),
(6, 226, '2016-11-03'),
(56, 228, '2016-11-02'),
(41, 229, '2016-11-01'),
(42, 229, '2016-10-30'),
(49, 229, '2016-10-30'),
(55, 229, '2016-11-04'),
(20, 230, '2016-11-01'),
(55, 230, '2016-11-01'),
(40, 231, '2016-11-04'),
(57, 233, '2016-11-02'),
(17, 234, '2016-11-04'),
(30, 234, '2016-10-31'),
(58, 235, '2016-10-31'),
(60, 235, '2016-11-02'),
(41, 236, '2016-10-30'),
(49, 236, '2016-11-03'),
(11, 237, '2016-11-04'),
(22, 237, '2016-11-03'),
(53, 237, '2016-10-31'),
(49, 239, '2016-11-04'),
(26, 240, '2016-10-31'),
(43, 241, '2016-11-04'),
(48, 241, '2016-10-30'),
(18, 243, '2016-10-31'),
(46, 244, '2016-11-02'),
(21, 245, '2016-10-31'),
(8, 246, '2016-11-03'),
(23, 246, '2016-10-30'),
(53, 246, '2016-11-04'),
(2, 247, '2016-10-30'),
(3, 247, '2016-11-01'),
(11, 247, '2016-10-30'),
(6, 248, '2016-11-03'),
(43, 250, '2016-11-01'),
(43, 250, '2016-11-03');

-- --------------------------------------------------------

--
-- Table structure for table `STATUS`
--

CREATE TABLE IF NOT EXISTS `STATUS` (
  `status_id` int(11) NOT NULL,
  `status_name` varchar(45) NOT NULL,
  PRIMARY KEY (`status_id`)
) ENGINE=InnoDB DEFAULT CHARSET=latin1;

--
-- Dumping data for table `STATUS`
--

INSERT INTO `STATUS` (`status_id`, `status_name`) VALUES
(1, 'Cruising'),
(2, 'In Port'),
(3, 'Embark'),
(4, 'Debark');

-- --------------------------------------------------------

--
-- Table structure for table `TABLE0`
--

CREATE TABLE IF NOT EXISTS `TABLE0` (
  `table_id` int(11) NOT NULL AUTO_INCREMENT,
  `max_capacity` int(11) NOT NULL,
  `ship_id` int(11) NOT NULL,
  `area_id` int(11) NOT NULL,
  PRIMARY KEY (`table_id`)
) ENGINE=InnoDB  DEFAULT CHARSET=latin1 AUTO_INCREMENT=81 ;

--
-- Dumping data for table `TABLE0`
--

INSERT INTO `TABLE0` (`table_id`, `max_capacity`, `ship_id`, `area_id`) VALUES
(1, 8, 1, 5),
(2, 8, 1, 5),
(3, 8, 1, 5),
(4, 8, 1, 5),
(5, 8, 1, 5),
(6, 8, 1, 5),
(7, 8, 1, 5),
(8, 8, 1, 5),
(9, 8, 1, 5),
(10, 8, 1, 5),
(11, 8, 1, 5),
(12, 8, 1, 5),
(13, 8, 1, 5),
(14, 8, 1, 5),
(15, 8, 1, 5),
(16, 8, 1, 5),
(17, 8, 1, 5),
(18, 8, 1, 5),
(19, 8, 1, 5),
(20, 8, 1, 5),
(21, 8, 1, 7),
(22, 8, 1, 7),
(23, 8, 1, 7),
(24, 8, 1, 7),
(25, 8, 1, 7),
(26, 8, 1, 7),
(27, 8, 1, 7),
(28, 8, 1, 7),
(29, 8, 1, 7),
(30, 8, 1, 7),
(31, 8, 1, 7),
(32, 8, 1, 7),
(33, 8, 1, 7),
(34, 8, 1, 7),
(35, 8, 1, 7),
(36, 8, 1, 7),
(37, 8, 1, 7),
(38, 8, 1, 7),
(39, 8, 1, 7),
(40, 8, 1, 7),
(41, 8, 2, 5),
(42, 8, 2, 5),
(43, 8, 2, 5),
(44, 8, 2, 5),
(45, 8, 2, 5),
(46, 8, 2, 5),
(47, 8, 2, 5),
(48, 8, 2, 5),
(49, 8, 2, 5),
(50, 8, 2, 5),
(51, 8, 2, 5),
(52, 8, 2, 5),
(53, 8, 2, 5),
(54, 8, 2, 5),
(55, 8, 2, 5),
(56, 8, 2, 5),
(57, 8, 2, 5),
(58, 8, 2, 5),
(59, 8, 2, 5),
(60, 8, 2, 5),
(61, 8, 2, 7),
(62, 8, 2, 7),
(63, 8, 2, 7),
(64, 8, 2, 7),
(65, 8, 2, 7),
(66, 8, 2, 7),
(67, 8, 2, 7),
(68, 8, 2, 7),
(69, 8, 2, 7),
(70, 8, 2, 7),
(71, 8, 2, 7),
(72, 8, 2, 7),
(73, 8, 2, 7),
(74, 8, 2, 7),
(75, 8, 2, 7),
(76, 8, 2, 7),
(77, 8, 2, 7),
(78, 8, 2, 7),
(79, 8, 2, 7),
(80, 8, 2, 7);

-- --------------------------------------------------------

--
-- Table structure for table `TRIP`
--

CREATE TABLE IF NOT EXISTS `TRIP` (
  `trip_id` int(11) NOT NULL,
  `ship_id` int(11) NOT NULL,
  `departure_port` int(11) NOT NULL,
  `departure_date` date NOT NULL,
  `destination_port` int(11) NOT NULL,
  PRIMARY KEY (`trip_id`),
  KEY `trip_fk_01_idx` (`ship_id`),
  KEY `trip_fk_02_idx` (`departure_port`),
  KEY `trip_fk_03_idx` (`destination_port`)
) ENGINE=InnoDB DEFAULT CHARSET=latin1;

--
-- Dumping data for table `TRIP`
--

INSERT INTO `TRIP` (`trip_id`, `ship_id`, `departure_port`, `departure_date`, `destination_port`) VALUES
(1, 1, 7, '2016-10-30', 17),
(2, 1, 7, '2017-12-05', 18),
(3, 2, 14, '2017-11-15', 6),
(4, 2, 12, '2017-12-25', 8);

-- --------------------------------------------------------

--
-- Table structure for table `TRIP_ITINERARY`
--

CREATE TABLE IF NOT EXISTS `TRIP_ITINERARY` (
  `trip_id` int(11) NOT NULL,
  `day_id` int(11) NOT NULL,
  `trip_date` date NOT NULL,
  `status_id` int(11) NOT NULL,
  `isReroute` tinyint(1) NOT NULL,
  `isCancelled` tinyint(1) NOT NULL,
  `itin_id` int(11) NOT NULL,
  PRIMARY KEY (`itin_id`),
  KEY `tripItin_fk_01_idx` (`trip_id`),
  KEY `tripItin_fk_02_idx` (`status_id`)
) ENGINE=InnoDB DEFAULT CHARSET=latin1;

--
-- Dumping data for table `TRIP_ITINERARY`
--

INSERT INTO `TRIP_ITINERARY` (`trip_id`, `day_id`, `trip_date`, `status_id`, `isReroute`, `isCancelled`, `itin_id`) VALUES
(1, 1, '2016-10-30', 3, 0, 0, 1),
(1, 2, '2016-10-31', 1, 0, 0, 2),
(1, 3, '2016-11-01', 2, 0, 0, 3),
(1, 4, '2016-11-02', 1, 0, 0, 4),
(1, 5, '2016-11-03', 1, 0, 0, 5),
(1, 6, '2016-11-04', 1, 0, 0, 6),
(1, 7, '2016-11-05', 4, 0, 0, 7),
(2, 1, '2017-12-05', 3, 0, 0, 8),
(2, 2, '2017-12-06', 1, 0, 0, 9),
(2, 3, '2017-12-07', 1, 0, 0, 10),
(2, 4, '2017-12-08', 1, 0, 0, 11),
(2, 5, '2017-12-09', 2, 0, 0, 12),
(2, 6, '2017-12-10', 1, 0, 0, 13),
(2, 7, '2017-12-11', 4, 0, 0, 14),
(3, 1, '2017-11-15', 3, 0, 0, 15),
(3, 2, '2017-11-16', 1, 0, 0, 16),
(3, 3, '2017-11-17', 2, 0, 0, 17),
(3, 4, '2017-11-18', 1, 0, 0, 18),
(3, 5, '2017-11-19', 1, 0, 0, 19),
(3, 6, '2017-11-20', 1, 0, 0, 20),
(3, 7, '2017-11-21', 4, 0, 0, 21),
(4, 1, '2017-12-25', 3, 0, 0, 22),
(4, 2, '2017-12-26', 1, 0, 0, 23),
(4, 3, '2017-12-27', 1, 0, 0, 24),
(4, 4, '2017-12-28', 2, 0, 0, 25),
(4, 5, '2017-12-29', 1, 0, 0, 26),
(4, 6, '2017-12-30', 1, 0, 0, 27),
(4, 7, '2017-12-31', 4, 0, 0, 28),
(1, 9, '2016-11-22', 1, 0, 0, 29);

-- --------------------------------------------------------

--
-- Table structure for table `TRIP_PORTS`
--

CREATE TABLE IF NOT EXISTS `TRIP_PORTS` (
  `itin_id` int(11) NOT NULL,
  `port_id` int(11) NOT NULL,
  `arrival_time` time DEFAULT NULL,
  `depart_time` time DEFAULT NULL,
  PRIMARY KEY (`itin_id`,`port_id`),
  KEY `tripPort_fk_01_idx` (`port_id`)
) ENGINE=InnoDB DEFAULT CHARSET=latin1;

--
-- Dumping data for table `TRIP_PORTS`
--

INSERT INTO `TRIP_PORTS` (`itin_id`, `port_id`, `arrival_time`, `depart_time`) VALUES
(1, 13, NULL, '23:23:00'),
(2, 7, '15:33:02', '15:33:02'),
(3, 17, '12:09:00', '16:22:00'),
(7, 13, '03:07:00', NULL),
(8, 9, NULL, '23:23:00'),
(12, 12, '10:09:00', '15:22:00'),
(14, 20, '20:12:00', NULL),
(15, 16, NULL, '04:03:00'),
(17, 8, '12:09:00', '16:22:00'),
(21, 9, '20:12:00', NULL),
(22, 3, NULL, '23:23:00'),
(25, 19, '08:09:00', '15:22:00'),
(28, 1, '03:07:00', NULL);

-- --------------------------------------------------------

--
-- Table structure for table `WORKAREAS`
--

CREATE TABLE IF NOT EXISTS `WORKAREAS` (
  `area_id` int(11) NOT NULL,
  `area_name` varchar(45) NOT NULL,
  `dept_id` int(11) NOT NULL,
  PRIMARY KEY (`area_id`),
  KEY `area_fk_01_idx` (`dept_id`)
) ENGINE=InnoDB DEFAULT CHARSET=latin1;

--
-- Dumping data for table `WORKAREAS`
--

INSERT INTO `WORKAREAS` (`area_id`, `area_name`, `dept_id`) VALUES
(1, 'Bridge', 1),
(2, 'CIC', 1),
(3, 'Engine Room', 2),
(4, 'Upper Deck Kitchen', 3),
(5, 'Upper Deck Dining Area', 4),
(6, 'Lower Deck Kitchen', 3),
(7, 'Lower Deck Dining Area', 4),
(8, 'Cool Gift Shop', 6),
(9, 'Expensive Gift Shop', 6),
(10, 'Laundry Room', 5),
(11, 'Theatre', 10),
(12, 'Reactor Room', 2),
(13, 'Frog and Nightgown Sports Bar', 4),
(14, 'Rusty Bent Glaive Pub', 4),
(15, 'Server Room', 7),
(16, 'IT Help Desk', 7),
(17, 'Upper Deck Aid Station', 8),
(18, 'Stern Medbay', 8),
(19, 'Security Office', 9),
(20, 'Casino', 10);

--
-- Constraints for dumped tables
--

--
-- Constraints for table `ADDRESS`
--
ALTER TABLE `ADDRESS`
  ADD CONSTRAINT `address_fk_01` FOREIGN KEY (`city_id`) REFERENCES `CITY` (`city_id`) ON UPDATE CASCADE;

--
-- Constraints for table `BAR_TRANSACTION`
--
ALTER TABLE `BAR_TRANSACTION`
  ADD CONSTRAINT `bar_fk_01` FOREIGN KEY (`drink_id`) REFERENCES `DRINKS` (`drink_id`) ON UPDATE CASCADE,
  ADD CONSTRAINT `bar_fk_02` FOREIGN KEY (`roomPass_id`) REFERENCES `ROOM_PASSENGER` (`roomPass_id`) ON UPDATE CASCADE,
  ADD CONSTRAINT `bar_fk_03` FOREIGN KEY (`bartender_id`) REFERENCES `STAFF` (`staff_id`) ON UPDATE CASCADE,
  ADD CONSTRAINT `bar_fk_04` FOREIGN KEY (`bar_id`) REFERENCES `WORKAREAS` (`area_id`) ON UPDATE CASCADE;

--
-- Constraints for table `CITY`
--
ALTER TABLE `CITY`
  ADD CONSTRAINT `CITY_fk_01` FOREIGN KEY (`country_id`) REFERENCES `COUNTRY` (`country_id`) ON UPDATE CASCADE;

--
-- Constraints for table `DINNER`
--
ALTER TABLE `DINNER`
  ADD CONSTRAINT `dinner_fk_01` FOREIGN KEY (`room_id`) REFERENCES `ROOM` (`room_id`) ON UPDATE CASCADE,
  ADD CONSTRAINT `dinner_fk_02` FOREIGN KEY (`waiter_id`) REFERENCES `STAFF` (`staff_id`) ON UPDATE CASCADE,
  ADD CONSTRAINT `dinner_fk_03` FOREIGN KEY (`trip_id`) REFERENCES `TRIP` (`trip_id`) ON UPDATE CASCADE;

--
-- Constraints for table `DRINK_INV`
--
ALTER TABLE `DRINK_INV`
  ADD CONSTRAINT `drinkInv_fk_01` FOREIGN KEY (`drink_id`) REFERENCES `DRINKS` (`drink_id`) ON UPDATE CASCADE,
  ADD CONSTRAINT `drinkInv_fk_02` FOREIGN KEY (`ship_id`) REFERENCES `SHIP` (`ship_id`) ON UPDATE CASCADE;

--
-- Constraints for table `GIFT_INV`
--
ALTER TABLE `GIFT_INV`
  ADD CONSTRAINT `giftInv_fk_01` FOREIGN KEY (`gift_id`) REFERENCES `GIFTS` (`gift_id`) ON UPDATE CASCADE,
  ADD CONSTRAINT `giftInv_fk_02` FOREIGN KEY (`ship_id`) REFERENCES `SHIP` (`ship_id`) ON UPDATE CASCADE;

--
-- Constraints for table `GIFT_TRANSACTION`
--
ALTER TABLE `GIFT_TRANSACTION`
  ADD CONSTRAINT `giftTran_fk_01` FOREIGN KEY (`gift_id`) REFERENCES `GIFTS` (`gift_id`) ON UPDATE CASCADE,
  ADD CONSTRAINT `giftTran_fk_02` FOREIGN KEY (`roomPass_id`) REFERENCES `ROOM_PASSENGER` (`roomPass_id`) ON UPDATE CASCADE,
  ADD CONSTRAINT `giftTran_fk_03` FOREIGN KEY (`staff_id`) REFERENCES `STAFF` (`staff_id`) ON UPDATE CASCADE,
  ADD CONSTRAINT `giftTran_fk_04` FOREIGN KEY (`shop_id`) REFERENCES `WORKAREAS` (`area_id`) ON UPDATE CASCADE;

--
-- Constraints for table `JOBS`
--
ALTER TABLE `JOBS`
  ADD CONSTRAINT `job_fk_01` FOREIGN KEY (`dept_id`) REFERENCES `DEPARTMENT` (`dept_id`) ON UPDATE CASCADE;

--
-- Constraints for table `PASSENGER`
--
ALTER TABLE `PASSENGER`
  ADD CONSTRAINT `pass_fk_01` FOREIGN KEY (`pass_phone`) REFERENCES `PHONE` (`phone_id`) ON UPDATE CASCADE,
  ADD CONSTRAINT `pass_fk_02` FOREIGN KEY (`pass_address`) REFERENCES `ADDRESS` (`address_id`) ON UPDATE CASCADE;

--
-- Constraints for table `PORTS`
--
ALTER TABLE `PORTS`
  ADD CONSTRAINT `port_fk_01` FOREIGN KEY (`city_id`) REFERENCES `CITY` (`city_id`) ON UPDATE CASCADE;

--
-- Constraints for table `ROOM`
--
ALTER TABLE `ROOM`
  ADD CONSTRAINT `room_fk_01` FOREIGN KEY (`roomCat_id`) REFERENCES `ROOM_CATEGORY` (`roomCat_id`) ON UPDATE CASCADE,
  ADD CONSTRAINT `room_fk_02` FOREIGN KEY (`cleaner_id`) REFERENCES `STAFF` (`staff_id`) ON UPDATE CASCADE,
  ADD CONSTRAINT `room_fk_03` FOREIGN KEY (`ship_id`) REFERENCES `SHIP` (`ship_id`) ON UPDATE CASCADE;

--
-- Constraints for table `ROOM_BILL`
--
ALTER TABLE `ROOM_BILL`
  ADD CONSTRAINT `roomBill_fk_01` FOREIGN KEY (`room_id`) REFERENCES `ROOM` (`room_id`) ON UPDATE CASCADE,
  ADD CONSTRAINT `roomBill_fk_02` FOREIGN KEY (`bill_holder`) REFERENCES `PASSENGER` (`pass_id`) ON UPDATE CASCADE,
  ADD CONSTRAINT `roomBill_fk_03` FOREIGN KEY (`trip_id`) REFERENCES `TRIP` (`trip_id`) ON UPDATE CASCADE;

--
-- Constraints for table `ROOM_PASSENGER`
--
ALTER TABLE `ROOM_PASSENGER`
  ADD CONSTRAINT `roomPass_fk_01` FOREIGN KEY (`room_id`) REFERENCES `ROOM` (`room_id`) ON UPDATE CASCADE,
  ADD CONSTRAINT `roomPass_fk_02` FOREIGN KEY (`pass_id`) REFERENCES `PASSENGER` (`pass_id`) ON UPDATE CASCADE,
  ADD CONSTRAINT `roomPass_fk_03` FOREIGN KEY (`trip_id`) REFERENCES `TRIP` (`trip_id`) ON UPDATE CASCADE;

--
-- Constraints for table `SHIFT`
--
ALTER TABLE `SHIFT`
  ADD CONSTRAINT `shift_fk_01` FOREIGN KEY (`trip_id`) REFERENCES `TRIP` (`trip_id`) ON UPDATE CASCADE,
  ADD CONSTRAINT `shift_fk_02` FOREIGN KEY (`area_id`) REFERENCES `WORKAREAS` (`area_id`) ON UPDATE CASCADE;

--
-- Constraints for table `SHIP`
--
ALTER TABLE `SHIP`
  ADD CONSTRAINT `ship_fk_01` FOREIGN KEY (`ship_portofreg`) REFERENCES `PORTS` (`port_id`) ON UPDATE CASCADE;

--
-- Constraints for table `STAFF`
--
ALTER TABLE `STAFF`
  ADD CONSTRAINT `staff_fk_01` FOREIGN KEY (`job_id`) REFERENCES `JOBS` (`job_id`) ON UPDATE CASCADE,
  ADD CONSTRAINT `staff_fk_02` FOREIGN KEY (`address_id`) REFERENCES `ADDRESS` (`address_id`) ON UPDATE CASCADE,
  ADD CONSTRAINT `staff_fk_03` FOREIGN KEY (`ship_id`) REFERENCES `SHIP` (`ship_id`) ON UPDATE CASCADE;

--
-- Constraints for table `STAFF_SHIFT`
--
ALTER TABLE `STAFF_SHIFT`
  ADD CONSTRAINT `staffShift_fk_01` FOREIGN KEY (`shift_id`) REFERENCES `SHIFT` (`shift_id`) ON UPDATE CASCADE,
  ADD CONSTRAINT `staffShift_fk_02` FOREIGN KEY (`staff_id`) REFERENCES `STAFF` (`staff_id`) ON UPDATE CASCADE;

--
-- Constraints for table `TRIP`
--
ALTER TABLE `TRIP`
  ADD CONSTRAINT `trip_fk_01` FOREIGN KEY (`ship_id`) REFERENCES `SHIP` (`ship_id`) ON UPDATE CASCADE,
  ADD CONSTRAINT `trip_fk_02` FOREIGN KEY (`departure_port`) REFERENCES `PORTS` (`port_id`) ON UPDATE CASCADE,
  ADD CONSTRAINT `trip_fk_03` FOREIGN KEY (`destination_port`) REFERENCES `PORTS` (`port_id`) ON UPDATE CASCADE;

--
-- Constraints for table `TRIP_ITINERARY`
--
ALTER TABLE `TRIP_ITINERARY`
  ADD CONSTRAINT `tripItin_fk_01` FOREIGN KEY (`trip_id`) REFERENCES `TRIP` (`trip_id`) ON UPDATE CASCADE,
  ADD CONSTRAINT `tripItin_fk_02` FOREIGN KEY (`status_id`) REFERENCES `STATUS` (`status_id`) ON UPDATE CASCADE;

--
-- Constraints for table `TRIP_PORTS`
--
ALTER TABLE `TRIP_PORTS`
  ADD CONSTRAINT `tripPort_fk_01` FOREIGN KEY (`itin_id`) REFERENCES `TRIP_ITINERARY` (`itin_id`) ON UPDATE CASCADE,
  ADD CONSTRAINT `tripPort_fk_02` FOREIGN KEY (`port_id`) REFERENCES `PORTS` (`port_id`) ON UPDATE CASCADE;

--
-- Constraints for table `WORKAREAS`
--
ALTER TABLE `WORKAREAS`
  ADD CONSTRAINT `area_fk_01` FOREIGN KEY (`dept_id`) REFERENCES `DEPARTMENT` (`dept_id`) ON UPDATE CASCADE;

/*!40101 SET CHARACTER_SET_CLIENT=@OLD_CHARACTER_SET_CLIENT */;
/*!40101 SET CHARACTER_SET_RESULTS=@OLD_CHARACTER_SET_RESULTS */;
/*!40101 SET COLLATION_CONNECTION=@OLD_COLLATION_CONNECTION */;
